exploitation,type_exploitation,pays,region,resultat,produit,quantite_tonnes,prix_tonne_eur,qualite
Fazenda Brasil,Fazenda Brasil,Brésil,São Paulo,N/A,Robusta,955.64,3208.79,Standard
Green Valley Farm,Green Valley Farm,USA,Californie,N/A,Oignons,513.32,798.09,Bio Certifié
Fattoria Toscana,Fattoria Toscana,Italie,Toscane,N/A,Raisins de Table,194.28,3849.06,Bio Certifié
Hacienda El Sol,Hacienda El Sol,Espagne,Andalousie,N/A,Olives de Table,67.81,3525.99,Standard
Cooperative Grains Alliance,Cooperative Grains Alliance,USA,Kansas,N/A,Maïs,229.94,241.92,Premium
Mercabarna,Mercabarna,Espagne,Catalogne,N/A,Bananes,127.49,964.74,Premium
Green Valley Farm,Green Valley Farm,USA,Californie,N/A,Courgettes,646.79,1640.11,Bio Certifié
Coopérative Oasis,Coopérative Oasis,Maroc,Marrakech-Safi,N/A,Deglet Nour,303.48,8111.25,Bio Certifié
Domaine Provence Bio,Domaine Provence Bio,France,Provence,N/A,Raisins de Cuve,93.63,1489.51,Bio Certifié
Mercabarna,Mercabarna,Espagne,Catalogne,N/A,Tomates,59.17,1573.14,Standard
Fattoria Toscana,Fattoria Toscana,Italie,Toscane,N/A,Raisins de Cuve,117.86,1443.78,Premium
Domaine Saada,Domaine Saada,Maroc,Meknès-Fès,N/A,Orge,180.02,226.46,Premium
Fazenda Brasil,Fazenda Brasil,Brésil,São Paulo,N/A,Robusta,140.7,2842.8,Standard
Hacienda El Sol,Hacienda El Sol,Espagne,Andalousie,N/A,Olives à Huile,77.78,1868.56,Standard
Rungis International,Rungis International,France,Île-de-France,N/A,Bananes,41.4,854.69,Standard
Marché Wholesale Agadir,Marché Wholesale Agadir,Maroc,Souss-Massa,N/A,Salades,11.05,2189.28,Premium
Green Valley Farm,Green Valley Farm,USA,Californie,N/A,Tomates,645.36,2368.57,Premium
Fazenda Brasil,Fazenda Brasil,Brésil,São Paulo,N/A,Arabica,660.97,4271.71,Standard
Dairy Meadows,Dairy Meadows,Nouvelle-Zélande,Canterbury,N/A,Lait,148.63,583.11,Premium
Green Valley Farm,Green Valley Farm,USA,Californie,N/A,Courgettes,974.54,2010.51,Premium
Fazenda Brasil,Fazenda Brasil,Brésil,São Paulo,N/A,Arabica,570.46,4402.18,Standard
Green Valley Farm,Green Valley Farm,USA,Californie,N/A,Tomates,382.92,2105.4,Commerce Équitable
Cooperative Grains Alliance,Cooperative Grains Alliance,USA,Kansas,N/A,Blé,152.96,218.27,Standard
Marché Wholesale Agadir,Marché Wholesale Agadir,Maroc,Souss-Massa,N/A,Pommes,128.63,1126.43,Standard
Marché Wholesale Agadir,Marché Wholesale Agadir,Maroc,Souss-Massa,N/A,Salades,45.45,2235.54,Standard
Fazenda Brasil,Fazenda Brasil,Brésil,São Paulo,N/A,Robusta,420.67,3366.15,Standard
Mercabarna,Mercabarna,Espagne,Catalogne,N/A,Tomates,165.42,1662.33,Standard
Coopérative Oasis,Coopérative Oasis,Maroc,Marrakech-Safi,N/A,Deglet Nour,149.95,7442.06,Bio Certifié
Fattoria Toscana,Fattoria Toscana,Italie,Toscane,N/A,Raisins de Cuve,108.57,1782.32,Bio Certifié
Union Agricole Méditerranée,Union Agricole Méditerranée,Tunisie,Sfax,N/A,Olives à Huile,161.09,2117.78,Premium
Ferme Al Baraka,Ferme Al Baraka,Maroc,Souss-Massa,N/A,Pamplemousses,17.01,1301.42,Bio Certifié
Fazenda Brasil,Fazenda Brasil,Brésil,São Paulo,N/A,Arabica,410.56,4681.37,Standard
Marché Wholesale Agadir,Marché Wholesale Agadir,Maroc,Souss-Massa,N/A,Pommes,197.27,1107.14,Standard
Dairy Meadows,Dairy Meadows,Nouvelle-Zélande,Canterbury,N/A,Yaourt,56.01,3818.3,Bio Certifié
Fattoria Toscana,Fattoria Toscana,Italie,Toscane,N/A,Raisins de Cuve,111.8,1473.51,Premium
Cooperative Grains Alliance,Cooperative Grains Alliance,USA,Kansas,N/A,Orge,363.12,243.65,Standard
Green Valley Farm,Green Valley Farm,USA,Californie,N/A,Pommes de terre,560.88,514.05,Premium
Coopérative Oasis,Coopérative Oasis,Maroc,Marrakech-Safi,N/A,Medjool,228.91,16889.47,Premium
Marché Wholesale Agadir,Marché Wholesale Agadir,Maroc,Souss-Massa,N/A,Tomates,31.56,1691.11,Premium
Fazenda Brasil,Fazenda Brasil,Brésil,São Paulo,N/A,Robusta,257.46,3433.95,Standard
Domaine Saada,Domaine Saada,Maroc,Meknès-Fès,N/A,Blé,27.69,279.79,Premium
Fazenda Brasil,Fazenda Brasil,Brésil,São Paulo,N/A,Arabica,350.98,4770.48,Premium
Dairy Meadows,Dairy Meadows,Nouvelle-Zélande,Canterbury,N/A,Fromage,158.18,11677.23,Bio Certifié
Fattoria Toscana,Fattoria Toscana,Italie,Toscane,N/A,Raisins de Cuve,125.22,1432.64,Bio Certifié
Coopérative Oasis,Coopérative Oasis,Maroc,Marrakech-Safi,N/A,Medjool,177.76,15819.03,Bio Certifié
Rungis International,Rungis International,France,Île-de-France,N/A,Tomates,43.43,1283.13,Standard
Dairy Meadows,Dairy Meadows,Nouvelle-Zélande,Canterbury,N/A,Beurre,151.39,8956.77,Bio Certifié
Cooperative Grains Alliance,Cooperative Grains Alliance,USA,Kansas,N/A,Maïs,336.35,259.04,Standard
Rungis International,Rungis International,France,Île-de-France,N/A,Bananes,179.49,1039.34,Premium
Ferme Al Baraka,Ferme Al Baraka,Maroc,Souss-Massa,N/A,Pamplemousses,137.1,1397.66,Bio Certifié
Domaine Provence Bio,Domaine Provence Bio,France,Provence,N/A,Raisins de Table,156.03,3020.78,Commerce Équitable
Rungis International,Rungis International,France,Île-de-France,N/A,Pommes,183.82,1153.26,Standard
Ferme Al Baraka,Ferme Al Baraka,Maroc,Souss-Massa,N/A,Mandarines,193.66,1913.66,Premium
Hacienda El Sol,Hacienda El Sol,Espagne,Andalousie,N/A,Olives à Huile,171.72,1890.15,Standard
Union Agricole Méditerranée,Union Agricole Méditerranée,Tunisie,Sfax,N/A,Olives de Table,429.9,3951.52,Standard
Fattoria Toscana,Fattoria Toscana,Italie,Toscane,N/A,Raisins de Table,36.62,3519.25,Premium
Dairy Meadows,Dairy Meadows,Nouvelle-Zélande,Canterbury,N/A,Lait,35.96,595.1,Bio Certifié
Fazenda Brasil,Fazenda Brasil,Brésil,São Paulo,N/A,Robusta,829.1,3330.37,Premium
Fazenda Brasil,Fazenda Brasil,Brésil,São Paulo,N/A,Arabica,665.1,4087.27,Standard
Mercabarna,Mercabarna,Espagne,Catalogne,N/A,Salades,178.46,1716.57,Standard
Green Valley Farm,Green Valley Farm,USA,Californie,N/A,Tomates,239.54,2403.56,Premium
Fattoria Toscana,Fattoria Toscana,Italie,Toscane,N/A,Raisins de Table,17.1,3838.73,Bio Certifié
Hacienda El Sol,Hacienda El Sol,Espagne,Andalousie,N/A,Olives de Table,167.3,3260.12,Premium
Fattoria Toscana,Fattoria Toscana,Italie,Toscane,N/A,Raisins de Table,46.93,3406.92,Premium
Rungis International,Rungis International,France,Île-de-France,N/A,Pommes,108.1,1136.26,Premium
Marché Wholesale Agadir,Marché Wholesale Agadir,Maroc,Souss-Massa,N/A,Pommes,24.91,1029.13,Premium
Marché Wholesale Agadir,Marché Wholesale Agadir,Maroc,Souss-Massa,N/A,Tomates,21.06,1686.85,Standard
Fattoria Toscana,Fattoria Toscana,Italie,Toscane,N/A,Raisins de Cuve,44.74,1899.05,Premium
Fazenda Brasil,Fazenda Brasil,Brésil,São Paulo,N/A,Robusta,598.92,3100.55,Standard
Union Agricole Méditerranée,Union Agricole Méditerranée,Tunisie,Sfax,N/A,Olives à Huile,121.39,1772.1,Standard
Hacienda El Sol,Hacienda El Sol,Espagne,Andalousie,N/A,Olives de Table,17.74,3873.23,Premium
Union Agricole Méditerranée,Union Agricole Méditerranée,Tunisie,Sfax,N/A,Olives à Huile,271.23,1984.08,Standard
Hacienda El Sol,Hacienda El Sol,Espagne,Andalousie,N/A,Olives de Table,19.13,3971.6,Premium
Union Agricole Méditerranée,Union Agricole Méditerranée,Tunisie,Sfax,N/A,Olives à Huile,470.05,2000.62,Standard
Domaine Provence Bio,Domaine Provence Bio,France,Provence,N/A,Raisins de Cuve,23.41,1751.78,Bio Certifié
Domaine Provence Bio,Domaine Provence Bio,France,Provence,N/A,Raisins de Cuve,138.66,1716.98,Bio Certifié
Green Valley Farm,Green Valley Farm,USA,Californie,N/A,Oignons,947.32,811.3,Commerce Équitable
Cooperative Grains Alliance,Cooperative Grains Alliance,USA,Kansas,N/A,Riz,173.28,411.47,Standard
Green Valley Farm,Green Valley Farm,USA,Californie,N/A,Pommes de terre,714.71,487.96,Bio Certifié
Union Agricole Méditerranée,Union Agricole Méditerranée,Tunisie,Sfax,N/A,Olives à Huile,203.28,1856.42,Standard
Hacienda El Sol,Hacienda El Sol,Espagne,Andalousie,N/A,Olives à Huile,129.5,2226.48,Premium
Rungis International,Rungis International,France,Île-de-France,N/A,Tomates,114.11,1465.56,Standard
Ferme Al Baraka,Ferme Al Baraka,Maroc,Souss-Massa,N/A,Citrons,88.4,1346.25,Premium
Hacienda El Sol,Hacienda El Sol,Espagne,Andalousie,N/A,Olives à Huile,91.51,2150.52,Premium
Mercabarna,Mercabarna,Espagne,Catalogne,N/A,Tomates,111.52,1498.45,Standard
Cooperative Grains Alliance,Cooperative Grains Alliance,USA,Kansas,N/A,Maïs,225.14,238.91,Premium
Coopérative Oasis,Coopérative Oasis,Maroc,Marrakech-Safi,N/A,Medjool,480.56,17690.92,Bio Certifié
Hacienda El Sol,Hacienda El Sol,Espagne,Andalousie,N/A,Olives de Table,65.71,3320.1,Standard
Hacienda El Sol,Hacienda El Sol,Espagne,Andalousie,N/A,Olives de Table,158.45,3094.14,Premium
Fazenda Brasil,Fazenda Brasil,Brésil,São Paulo,N/A,Robusta,594.58,2947.38,Premium
Cooperative Grains Alliance,Cooperative Grains Alliance,USA,Kansas,N/A,Orge,485.89,232.41,Premium
Rungis International,Rungis International,France,Île-de-France,N/A,Pommes,25.98,1272.35,Standard
Cooperative Grains Alliance,Cooperative Grains Alliance,USA,Kansas,N/A,Orge,115.97,220.88,Standard
Ferme Al Baraka,Ferme Al Baraka,Maroc,Souss-Massa,N/A,Mandarines,164.43,1905.41,Commerce Équitable
Domaine Provence Bio,Domaine Provence Bio,France,Provence,N/A,Raisins de Cuve,144.55,1670.76,Bio Certifié
Union Agricole Méditerranée,Union Agricole Méditerranée,Tunisie,Sfax,N/A,Olives à Huile,198.61,1960.67,Standard
Marché Wholesale Agadir,Marché Wholesale Agadir,Maroc,Souss-Massa,N/A,Pommes,20.7,1062.77,Standard
Fazenda Brasil,Fazenda Brasil,Brésil,São Paulo,N/A,Arabica,712.94,4145.63,Standard
Ferme Al Baraka,Ferme Al Baraka,Maroc,Souss-Massa,N/A,Oranges,175.03,1027.13,Commerce Équitable
Rungis International,Rungis International,France,Île-de-France,N/A,Salades,115.64,1893.61,Standard
Cooperative Grains Alliance,Cooperative Grains Alliance,USA,Kansas,N/A,Riz,83.21,457.27,Premium
Coopérative Oasis,Coopérative Oasis,Maroc,Marrakech-Safi,N/A,Medjool,363.09,16570.89,Premium
Green Valley Farm,Green Valley Farm,USA,Californie,N/A,Tomates,923.73,2388.98,Bio Certifié
Marché Wholesale Agadir,Marché Wholesale Agadir,Maroc,Souss-Massa,N/A,Salades,127.83,1866.43,Standard
Dairy Meadows,Dairy Meadows,Nouvelle-Zélande,Canterbury,N/A,Fromage,53.59,10413.55,Bio Certifié
Cooperative Grains Alliance,Cooperative Grains Alliance,USA,Kansas,N/A,Orge,64.54,205.46,Standard
Marché Wholesale Agadir,Marché Wholesale Agadir,Maroc,Souss-Massa,N/A,Salades,40.9,2246.56,Premium
Green Valley Farm,Green Valley Farm,USA,Californie,N/A,Courgettes,652.07,1775.36,Commerce Équitable
Cooperative Grains Alliance,Cooperative Grains Alliance,USA,Kansas,N/A,Blé,124.18,243.34,Premium
Ferme Al Baraka,Ferme Al Baraka,Maroc,Souss-Massa,N/A,Citrons,122.88,1349.97,Commerce Équitable
Ferme Al Baraka,Ferme Al Baraka,Maroc,Souss-Massa,N/A,Oranges,22.07,964.37,Bio Certifié
Fazenda Brasil,Fazenda Brasil,Brésil,São Paulo,N/A,Robusta,722.54,3030.91,Premium
Hacienda El Sol,Hacienda El Sol,Espagne,Andalousie,N/A,Olives de Table,156.11,3967.0,Premium
Hacienda El Sol,Hacienda El Sol,Espagne,Andalousie,N/A,Olives à Huile,48.96,1850.87,Standard
Mercabarna,Mercabarna,Espagne,Catalogne,N/A,Tomates,137.62,1553.16,Standard
Union Agricole Méditerranée,Union Agricole Méditerranée,Tunisie,Sfax,N/A,Olives à Huile,264.29,2198.82,Standard
Fattoria Toscana,Fattoria Toscana,Italie,Toscane,N/A,Raisins de Cuve,116.58,1869.83,Bio Certifié
Hacienda El Sol,Hacienda El Sol,Espagne,Andalousie,N/A,Olives à Huile,143.78,1827.78,Standard
Domaine Saada,Domaine Saada,Maroc,Meknès-Fès,N/A,Orge,125.54,229.02,Standard
Domaine Saada,Domaine Saada,Maroc,Meknès-Fès,N/A,Riz,114.01,443.37,Premium
Fazenda Brasil,Fazenda Brasil,Brésil,São Paulo,N/A,Robusta,876.13,3404.57,Standard
Union Agricole Méditerranée,Union Agricole Méditerranée,Tunisie,Sfax,N/A,Olives de Table,166.21,3457.09,Premium
Domaine Saada,Domaine Saada,Maroc,Meknès-Fès,N/A,Blé,49.73,255.97,Standard
Fazenda Brasil,Fazenda Brasil,Brésil,São Paulo,N/A,Arabica,626.29,4365.41,Standard
Dairy Meadows,Dairy Meadows,Nouvelle-Zélande,Canterbury,N/A,Beurre,75.68,9399.91,Bio Certifié
Domaine Saada,Domaine Saada,Maroc,Meknès-Fès,N/A,Blé,46.53,215.57,Standard
Union Agricole Méditerranée,Union Agricole Méditerranée,Tunisie,Sfax,N/A,Olives de Table,64.31,3551.15,Standard
Union Agricole Méditerranée,Union Agricole Méditerranée,Tunisie,Sfax,N/A,Olives à Huile,213.92,2002.05,Standard
Union Agricole Méditerranée,Union Agricole Méditerranée,Tunisie,Sfax,N/A,Olives de Table,266.52,3697.17,Standard
Rungis International,Rungis International,France,Île-de-France,N/A,Tomates,62.61,1637.79,Premium
Domaine Provence Bio,Domaine Provence Bio,France,Provence,N/A,Raisins de Table,111.95,3945.24,Bio Certifié
Fazenda Brasil,Fazenda Brasil,Brésil,São Paulo,N/A,Robusta,516.28,3222.72,Standard
Fazenda Brasil,Fazenda Brasil,Brésil,São Paulo,N/A,Arabica,905.69,4515.76,Standard
Domaine Saada,Domaine Saada,Maroc,Meknès-Fès,N/A,Orge,77.29,213.21,Standard
Marché Wholesale Agadir,Marché Wholesale Agadir,Maroc,Souss-Massa,N/A,Pommes,117.15,1322.66,Standard
Marché Wholesale Agadir,Marché Wholesale Agadir,Maroc,Souss-Massa,N/A,Tomates,179.2,1542.12,Standard
Coopérative Oasis,Coopérative Oasis,Maroc,Marrakech-Safi,N/A,Medjool,265.81,17224.37,Premium
Marché Wholesale Agadir,Marché Wholesale Agadir,Maroc,Souss-Massa,N/A,Bananes,81.97,951.23,Premium
Cooperative Grains Alliance,Cooperative Grains Alliance,USA,Kansas,N/A,Riz,274.21,427.1,Premium
Fattoria Toscana,Fattoria Toscana,Italie,Toscane,N/A,Raisins de Table,39.04,3233.26,Bio Certifié
Mercabarna,Mercabarna,Espagne,Catalogne,N/A,Pommes,163.11,1040.04,Premium
Green Valley Farm,Green Valley Farm,USA,Californie,N/A,Courgettes,984.14,1608.17,Bio Certifié
Cooperative Grains Alliance,Cooperative Grains Alliance,USA,Kansas,N/A,Riz,52.39,514.13,Standard
Green Valley Farm,Green Valley Farm,USA,Californie,N/A,Tomates,746.61,2122.07,Bio Certifié
Marché Wholesale Agadir,Marché Wholesale Agadir,Maroc,Souss-Massa,N/A,Tomates,45.54,1420.66,Standard
Domaine Provence Bio,Domaine Provence Bio,France,Provence,N/A,Raisins de Table,110.67,3717.59,Premium
Hacienda El Sol,Hacienda El Sol,Espagne,Andalousie,N/A,Olives à Huile,39.33,1988.68,Standard
Fattoria Toscana,Fattoria Toscana,Italie,Toscane,N/A,Raisins de Cuve,96.31,1704.5,Bio Certifié
Rungis International,Rungis International,France,Île-de-France,N/A,Salades,163.88,1852.78,Standard
Coopérative Oasis,Coopérative Oasis,Maroc,Marrakech-Safi,N/A,Medjool,262.92,17334.75,Premium
Hacienda El Sol,Hacienda El Sol,Espagne,Andalousie,N/A,Olives à Huile,151.74,1945.11,Premium
Coopérative Oasis,Coopérative Oasis,Maroc,Marrakech-Safi,N/A,Deglet Nour,131.55,7307.57,Premium
Marché Wholesale Agadir,Marché Wholesale Agadir,Maroc,Souss-Massa,N/A,Salades,158.49,2196.76,Premium
Mercabarna,Mercabarna,Espagne,Catalogne,N/A,Bananes,41.21,1094.37,Standard
Mercabarna,Mercabarna,Espagne,Catalogne,N/A,Salades,70.08,2052.98,Standard
Green Valley Farm,Green Valley Farm,USA,Californie,N/A,Courgettes,371.24,1955.19,Bio Certifié
Ferme Al Baraka,Ferme Al Baraka,Maroc,Souss-Massa,N/A,Oranges,84.38,1130.7,Bio Certifié
Fazenda Brasil,Fazenda Brasil,Brésil,São Paulo,N/A,Arabica,488.38,4274.3,Premium
Domaine Provence Bio,Domaine Provence Bio,France,Provence,N/A,Raisins de Table,176.94,3495.19,Premium
Domaine Provence Bio,Domaine Provence Bio,France,Provence,N/A,Raisins de Table,38.82,3302.31,Bio Certifié
Mercabarna,Mercabarna,Espagne,Catalogne,N/A,Salades,118.28,2157.48,Premium
Fattoria Toscana,Fattoria Toscana,Italie,Toscane,N/A,Raisins de Cuve,111.93,1618.93,Bio Certifié
Dairy Meadows,Dairy Meadows,Nouvelle-Zélande,Canterbury,N/A,Yaourt,161.49,3132.41,Bio Certifié
Rungis International,Rungis International,France,Île-de-France,N/A,Pommes,12.32,1235.44,Standard
Cooperative Grains Alliance,Cooperative Grains Alliance,USA,Kansas,N/A,Maïs,205.56,253.25,Premium
Fattoria Toscana,Fattoria Toscana,Italie,Toscane,N/A,Raisins de Cuve,90.48,1573.12,Premium
Rungis International,Rungis International,France,Île-de-France,N/A,Salades,106.12,2066.87,Standard
Cooperative Grains Alliance,Cooperative Grains Alliance,USA,Kansas,N/A,Riz,96.0,506.53,Premium
Dairy Meadows,Dairy Meadows,Nouvelle-Zélande,Canterbury,N/A,Yaourt,38.98,3580.1,Premium
Green Valley Farm,Green Valley Farm,USA,Californie,N/A,Courgettes,193.82,2005.88,Commerce Équitable
Mercabarna,Mercabarna,Espagne,Catalogne,N/A,Tomates,197.12,1652.5,Standard
Ferme Al Baraka,Ferme Al Baraka,Maroc,Souss-Massa,N/A,Citrons,69.17,1285.51,Premium
Hacienda El Sol,Hacienda El Sol,Espagne,Andalousie,N/A,Olives de Table,49.06,3802.18,Standard
Domaine Provence Bio,Domaine Provence Bio,France,Provence,N/A,Raisins de Table,174.07,3944.11,Bio Certifié
Domaine Saada,Domaine Saada,Maroc,Meknès-Fès,N/A,Maïs,95.92,256.87,Standard
Fattoria Toscana,Fattoria Toscana,Italie,Toscane,N/A,Raisins de Cuve,119.75,1511.42,Bio Certifié
Ferme Al Baraka,Ferme Al Baraka,Maroc,Souss-Massa,N/A,Oranges,120.31,1164.44,Bio Certifié
Ferme Al Baraka,Ferme Al Baraka,Maroc,Souss-Massa,N/A,Citrons,195.35,1382.78,Bio Certifié
Marché Wholesale Agadir,Marché Wholesale Agadir,Maroc,Souss-Massa,N/A,Bananes,199.41,1000.66,Standard
Mercabarna,Mercabarna,Espagne,Catalogne,N/A,Bananes,91.09,1089.93,Standard
Rungis International,Rungis International,France,Île-de-France,N/A,Tomates,16.94,1487.43,Standard
Ferme Al Baraka,Ferme Al Baraka,Maroc,Souss-Massa,N/A,Mandarines,145.67,1693.93,Bio Certifié
Domaine Saada,Domaine Saada,Maroc,Meknès-Fès,N/A,Orge,116.33,197.25,Standard
Fazenda Brasil,Fazenda Brasil,Brésil,São Paulo,N/A,Arabica,777.92,4192.61,Premium
Marché Wholesale Agadir,Marché Wholesale Agadir,Maroc,Souss-Massa,N/A,Tomates,14.82,1345.27,Premium
Dairy Meadows,Dairy Meadows,Nouvelle-Zélande,Canterbury,N/A,Lait,114.83,518.65,Bio Certifié
Dairy Meadows,Dairy Meadows,Nouvelle-Zélande,Canterbury,N/A,Fromage,74.46,11433.33,Premium
Dairy Meadows,Dairy Meadows,Nouvelle-Zélande,Canterbury,N/A,Fromage,163.01,12842.13,Premium
Cooperative Grains Alliance,Cooperative Grains Alliance,USA,Kansas,N/A,Riz,228.73,472.69,Standard
Fazenda Brasil,Fazenda Brasil,Brésil,São Paulo,N/A,Robusta,176.96,2737.1,Standard
Green Valley Farm,Green Valley Farm,USA,Californie,N/A,Carottes,678.63,1039.96,Commerce Équitable
Domaine Provence Bio,Domaine Provence Bio,France,Provence,N/A,Raisins de Table,59.29,3373.68,Bio Certifié
Domaine Provence Bio,Domaine Provence Bio,France,Provence,N/A,Raisins de Table,75.59,3787.53,Bio Certifié
Marché Wholesale Agadir,Marché Wholesale Agadir,Maroc,Souss-Massa,N/A,Bananes,190.21,1079.08,Standard
Mercabarna,Mercabarna,Espagne,Catalogne,N/A,Salades,197.22,1982.64,Standard
Green Valley Farm,Green Valley Farm,USA,Californie,N/A,Tomates,341.81,2126.23,Premium
Fattoria Toscana,Fattoria Toscana,Italie,Toscane,N/A,Raisins de Cuve,168.64,1924.14,Bio Certifié
Domaine Saada,Domaine Saada,Maroc,Meknès-Fès,N/A,Maïs,139.8,307.1,Standard
Domaine Provence Bio,Domaine Provence Bio,France,Provence,N/A,Raisins de Table,62.07,3556.89,Premium
Marché Wholesale Agadir,Marché Wholesale Agadir,Maroc,Souss-Massa,N/A,Bananes,30.25,892.01,Standard
Cooperative Grains Alliance,Cooperative Grains Alliance,USA,Kansas,N/A,Riz,162.83,467.97,Standard
Rungis International,Rungis International,France,Île-de-France,N/A,Tomates,89.57,1447.41,Standard
Marché Wholesale Agadir,Marché Wholesale Agadir,Maroc,Souss-Massa,N/A,Pommes,150.23,1049.81,Standard
Rungis International,Rungis International,France,Île-de-France,N/A,Tomates,169.05,1471.74,Premium
Fazenda Brasil,Fazenda Brasil,Brésil,São Paulo,N/A,Robusta,609.76,2978.45,Standard
Fattoria Toscana,Fattoria Toscana,Italie,Toscane,N/A,Raisins de Table,101.91,3258.41,Bio Certifié
Green Valley Farm,Green Valley Farm,USA,Californie,N/A,Carottes,146.28,978.93,Bio Certifié
Coopérative Oasis,Coopérative Oasis,Maroc,Marrakech-Safi,N/A,Deglet Nour,263.41,8007.85,Bio Certifié
Coopérative Oasis,Coopérative Oasis,Maroc,Marrakech-Safi,N/A,Medjool,359.78,16471.53,Bio Certifié
Domaine Saada,Domaine Saada,Maroc,Meknès-Fès,N/A,Blé,10.44,285.08,Standard
Green Valley Farm,Green Valley Farm,USA,Californie,N/A,Courgettes,182.42,2047.85,Bio Certifié
Coopérative Oasis,Coopérative Oasis,Maroc,Marrakech-Safi,N/A,Medjool,284.59,14716.99,Commerce Équitable
Dairy Meadows,Dairy Meadows,Nouvelle-Zélande,Canterbury,N/A,Yaourt,163.25,3666.72,Premium
Dairy Meadows,Dairy Meadows,Nouvelle-Zélande,Canterbury,N/A,Lait,181.64,584.64,Premium
Rungis International,Rungis International,France,Île-de-France,N/A,Pommes,17.49,1274.01,Premium
Hacienda El Sol,Hacienda El Sol,Espagne,Andalousie,N/A,Olives à Huile,183.94,1720.37,Standard
Green Valley Farm,Green Valley Farm,USA,Californie,N/A,Pommes de terre,479.59,609.62,Premium
Fazenda Brasil,Fazenda Brasil,Brésil,São Paulo,N/A,Arabica,387.19,4944.04,Standard
Marché Wholesale Agadir,Marché Wholesale Agadir,Maroc,Souss-Massa,N/A,Salades,101.4,2231.0,Standard
Fazenda Brasil,Fazenda Brasil,Brésil,São Paulo,N/A,Arabica,158.82,4250.64,Standard
Fattoria Toscana,Fattoria Toscana,Italie,Toscane,N/A,Raisins de Table,150.19,3521.18,Bio Certifié
Mercabarna,Mercabarna,Espagne,Catalogne,N/A,Pommes,14.64,1333.24,Standard
Rungis International,Rungis International,France,Île-de-France,N/A,Pommes,188.42,1307.56,Premium
Rungis International,Rungis International,France,Île-de-France,N/A,Pommes,26.82,1033.53,Standard
Coopérative Oasis,Coopérative Oasis,Maroc,Marrakech-Safi,N/A,Deglet Nour,91.26,7987.65,Bio Certifié
Mercabarna,Mercabarna,Espagne,Catalogne,N/A,Tomates,30.99,1434.58,Standard
Domaine Saada,Domaine Saada,Maroc,Meknès-Fès,N/A,Orge,121.93,205.3,Premium
Ferme Al Baraka,Ferme Al Baraka,Maroc,Souss-Massa,N/A,Oranges,139.13,1025.33,Commerce Équitable
Hacienda El Sol,Hacienda El Sol,Espagne,Andalousie,N/A,Olives de Table,121.83,4006.45,Premium
Mercabarna,Mercabarna,Espagne,Catalogne,N/A,Tomates,197.95,1609.51,Standard
Rungis International,Rungis International,France,Île-de-France,N/A,Bananes,53.81,1099.19,Standard
Domaine Saada,Domaine Saada,Maroc,Meknès-Fès,N/A,Blé,51.89,226.48,Premium
Hacienda El Sol,Hacienda El Sol,Espagne,Andalousie,N/A,Olives de Table,129.66,3202.14,Standard
Union Agricole Méditerranée,Union Agricole Méditerranée,Tunisie,Sfax,N/A,Olives de Table,128.25,3391.05,Premium
Ferme Al Baraka,Ferme Al Baraka,Maroc,Souss-Massa,N/A,Pamplemousses,180.51,1246.16,Premium
Coopérative Oasis,Coopérative Oasis,Maroc,Marrakech-Safi,N/A,Medjool,452.71,18615.04,Bio Certifié
Cooperative Grains Alliance,Cooperative Grains Alliance,USA,Kansas,N/A,Riz,264.5,388.49,Premium
Coopérative Oasis,Coopérative Oasis,Maroc,Marrakech-Safi,N/A,Medjool,344.86,17056.32,Bio Certifié
Fattoria Toscana,Fattoria Toscana,Italie,Toscane,N/A,Raisins de Cuve,142.19,1452.59,Bio Certifié
Marché Wholesale Agadir,Marché Wholesale Agadir,Maroc,Souss-Massa,N/A,Salades,139.82,1745.68,Premium
Mercabarna,Mercabarna,Espagne,Catalogne,N/A,Tomates,182.24,1532.09,Standard
Rungis International,Rungis International,France,Île-de-France,N/A,Tomates,149.44,1509.57,Premium
Ferme Al Baraka,Ferme Al Baraka,Maroc,Souss-Massa,N/A,Citrons,174.79,1487.51,Premium
Hacienda El Sol,Hacienda El Sol,Espagne,Andalousie,N/A,Olives à Huile,30.11,2119.39,Standard
Cooperative Grains Alliance,Cooperative Grains Alliance,USA,Kansas,N/A,Blé,442.33,214.69,Premium
Cooperative Grains Alliance,Cooperative Grains Alliance,USA,Kansas,N/A,Blé,384.58,224.56,Premium
Rungis International,Rungis International,France,Île-de-France,N/A,Tomates,59.15,1361.91,Standard
Ferme Al Baraka,Ferme Al Baraka,Maroc,Souss-Massa,N/A,Oranges,130.04,1039.29,Premium
Green Valley Farm,Green Valley Farm,USA,Californie,N/A,Oignons,784.93,850.4,Commerce Équitable
Marché Wholesale Agadir,Marché Wholesale Agadir,Maroc,Souss-Massa,N/A,Bananes,187.09,880.75,Premium
Domaine Saada,Domaine Saada,Maroc,Meknès-Fès,N/A,Riz,67.18,478.1,Standard
Fattoria Toscana,Fattoria Toscana,Italie,Toscane,N/A,Raisins de Table,21.0,3053.43,Premium
Rungis International,Rungis International,France,Île-de-France,N/A,Salades,152.43,1778.05,Premium
Cooperative Grains Alliance,Cooperative Grains Alliance,USA,Kansas,N/A,Blé,195.62,249.15,Premium
Fazenda Brasil,Fazenda Brasil,Brésil,São Paulo,N/A,Robusta,243.04,2971.69,Premium
Rungis International,Rungis International,France,Île-de-France,N/A,Tomates,41.09,1632.66,Standard
Domaine Saada,Domaine Saada,Maroc,Meknès-Fès,N/A,Maïs,139.29,292.98,Standard
Mercabarna,Mercabarna,Espagne,Catalogne,N/A,Salades,15.95,2138.76,Premium
Cooperative Grains Alliance,Cooperative Grains Alliance,USA,Kansas,N/A,Riz,228.92,419.52,Premium
Union Agricole Méditerranée,Union Agricole Méditerranée,Tunisie,Sfax,N/A,Olives à Huile,375.99,2147.5,Standard
Coopérative Oasis,Coopérative Oasis,Maroc,Marrakech-Safi,N/A,Deglet Nour,215.84,9318.18,Bio Certifié
Mercabarna,Mercabarna,Espagne,Catalogne,N/A,Tomates,175.04,1624.47,Premium
Domaine Saada,Domaine Saada,Maroc,Meknès-Fès,N/A,Riz,13.39,490.07,Standard
Union Agricole Méditerranée,Union Agricole Méditerranée,Tunisie,Sfax,N/A,Olives de Table,133.46,3460.2,Standard
Mercabarna,Mercabarna,Espagne,Catalogne,N/A,Salades,57.03,2035.05,Standard
Fattoria Toscana,Fattoria Toscana,Italie,Toscane,N/A,Raisins de Cuve,71.93,1725.49,Bio Certifié
Ferme Al Baraka,Ferme Al Baraka,Maroc,Souss-Massa,N/A,Pamplemousses,98.27,1328.21,Bio Certifié
Cooperative Grains Alliance,Cooperative Grains Alliance,USA,Kansas,N/A,Blé,390.68,283.95,Premium
Fattoria Toscana,Fattoria Toscana,Italie,Toscane,N/A,Raisins de Table,29.94,3229.15,Commerce Équitable
Fattoria Toscana,Fattoria Toscana,Italie,Toscane,N/A,Raisins de Cuve,143.47,1710.06,Bio Certifié
Ferme Al Baraka,Ferme Al Baraka,Maroc,Souss-Massa,N/A,Mandarines,111.51,1872.8,Bio Certifié
Domaine Provence Bio,Domaine Provence Bio,France,Provence,N/A,Raisins de Cuve,85.42,1494.89,Bio Certifié
Union Agricole Méditerranée,Union Agricole Méditerranée,Tunisie,Sfax,N/A,Olives à Huile,419.65,1724.71,Standard
Rungis International,Rungis International,France,Île-de-France,N/A,Bananes,180.28,1028.43,Standard
Domaine Saada,Domaine Saada,Maroc,Meknès-Fès,N/A,Riz,175.48,478.9,Premium
Cooperative Grains Alliance,Cooperative Grains Alliance,USA,Kansas,N/A,Maïs,86.05,313.16,Standard
Fattoria Toscana,Fattoria Toscana,Italie,Toscane,N/A,Raisins de Cuve,101.37,1448.54,Bio Certifié
Cooperative Grains Alliance,Cooperative Grains Alliance,USA,Kansas,N/A,Orge,77.16,203.31,Standard
Green Valley Farm,Green Valley Farm,USA,Californie,N/A,Pommes de terre,396.12,554.99,Premium
Fazenda Brasil,Fazenda Brasil,Brésil,São Paulo,N/A,Arabica,692.84,4497.56,Standard
Green Valley Farm,Green Valley Farm,USA,Californie,N/A,Courgettes,996.7,2079.24,Premium
Green Valley Farm,Green Valley Farm,USA,Californie,N/A,Oignons,298.51,819.44,Bio Certifié
Ferme Al Baraka,Ferme Al Baraka,Maroc,Souss-Massa,N/A,Mandarines,192.55,1637.62,Premium
Domaine Provence Bio,Domaine Provence Bio,France,Provence,N/A,Raisins de Cuve,80.5,1925.78,Bio Certifié
Green Valley Farm,Green Valley Farm,USA,Californie,N/A,Tomates,494.75,2241.91,Bio Certifié
Domaine Saada,Domaine Saada,Maroc,Meknès-Fès,N/A,Riz,90.13,419.87,Standard
Rungis International,Rungis International,France,Île-de-France,N/A,Salades,82.93,1979.49,Premium
Green Valley Farm,Green Valley Farm,USA,Californie,N/A,Pommes de terre,744.24,628.72,Bio Certifié
Mercabarna,Mercabarna,Espagne,Catalogne,N/A,Pommes,107.4,1168.69,Standard
Mercabarna,Mercabarna,Espagne,Catalogne,N/A,Pommes,175.44,1180.31,Standard
Domaine Provence Bio,Domaine Provence Bio,France,Provence,N/A,Raisins de Cuve,28.1,1756.67,Bio Certifié
Domaine Saada,Domaine Saada,Maroc,Meknès-Fès,N/A,Maïs,134.78,265.32,Premium
Rungis International,Rungis International,France,Île-de-France,N/A,Bananes,96.22,920.82,Standard
Union Agricole Méditerranée,Union Agricole Méditerranée,Tunisie,Sfax,N/A,Olives de Table,201.65,3845.33,Standard
Dairy Meadows,Dairy Meadows,Nouvelle-Zélande,Canterbury,N/A,Yaourt,190.23,3240.15,Bio Certifié
Coopérative Oasis,Coopérative Oasis,Maroc,Marrakech-Safi,N/A,Medjool,381.38,17625.57,Bio Certifié
Dairy Meadows,Dairy Meadows,Nouvelle-Zélande,Canterbury,N/A,Beurre,94.81,9317.82,Bio Certifié
Rungis International,Rungis International,France,Île-de-France,N/A,Salades,61.25,1734.25,Standard
Union Agricole Méditerranée,Union Agricole Méditerranée,Tunisie,Sfax,N/A,Olives de Table,338.0,3210.94,Standard
Hacienda El Sol,Hacienda El Sol,Espagne,Andalousie,N/A,Olives de Table,106.37,3018.65,Standard
Domaine Saada,Domaine Saada,Maroc,Meknès-Fès,N/A,Riz,140.33,384.85,Standard
Coopérative Oasis,Coopérative Oasis,Maroc,Marrakech-Safi,N/A,Medjool,254.63,16878.6,Bio Certifié
Fattoria Toscana,Fattoria Toscana,Italie,Toscane,N/A,Raisins de Cuve,33.89,1494.89,Bio Certifié
Union Agricole Méditerranée,Union Agricole Méditerranée,Tunisie,Sfax,N/A,Olives à Huile,353.04,2281.95,Standard
Fattoria Toscana,Fattoria Toscana,Italie,Toscane,N/A,Raisins de Table,193.04,3243.07,Premium
Cooperative Grains Alliance,Cooperative Grains Alliance,USA,Kansas,N/A,Orge,57.88,203.11,Premium
Marché Wholesale Agadir,Marché Wholesale Agadir,Maroc,Souss-Massa,N/A,Bananes,186.88,1056.86,Standard
Mercabarna,Mercabarna,Espagne,Catalogne,N/A,Tomates,136.72,1534.73,Standard
Domaine Saada,Domaine Saada,Maroc,Meknès-Fès,N/A,Riz,19.16,514.42,Standard
Coopérative Oasis,Coopérative Oasis,Maroc,Marrakech-Safi,N/A,Medjool,305.16,18001.78,Premium
Fattoria Toscana,Fattoria Toscana,Italie,Toscane,N/A,Raisins de Cuve,185.88,1648.84,Commerce Équitable
Coopérative Oasis,Coopérative Oasis,Maroc,Marrakech-Safi,N/A,Medjool,246.01,18401.88,Bio Certifié
Fazenda Brasil,Fazenda Brasil,Brésil,São Paulo,N/A,Arabica,395.54,4675.78,Standard
Green Valley Farm,Green Valley Farm,USA,Californie,N/A,Carottes,593.65,1008.37,Bio Certifié
Marché Wholesale Agadir,Marché Wholesale Agadir,Maroc,Souss-Massa,N/A,Pommes,23.91,1237.24,Standard
Domaine Saada,Domaine Saada,Maroc,Meknès-Fès,N/A,Orge,105.08,222.8,Premium
Fattoria Toscana,Fattoria Toscana,Italie,Toscane,N/A,Raisins de Cuve,14.87,1599.99,Bio Certifié
Hacienda El Sol,Hacienda El Sol,Espagne,Andalousie,N/A,Olives de Table,111.38,3613.3,Premium
Mercabarna,Mercabarna,Espagne,Catalogne,N/A,Pommes,145.94,1207.64,Premium
Fazenda Brasil,Fazenda Brasil,Brésil,São Paulo,N/A,Robusta,682.73,3358.23,Standard
Green Valley Farm,Green Valley Farm,USA,Californie,N/A,Carottes,940.99,936.38,Bio Certifié
Domaine Provence Bio,Domaine Provence Bio,France,Provence,N/A,Raisins de Cuve,109.39,1765.73,Commerce Équitable
Green Valley Farm,Green Valley Farm,USA,Californie,N/A,Pommes de terre,649.3,596.31,Bio Certifié
Union Agricole Méditerranée,Union Agricole Méditerranée,Tunisie,Sfax,N/A,Olives de Table,285.12,3104.38,Premium
Fazenda Brasil,Fazenda Brasil,Brésil,São Paulo,N/A,Arabica,196.19,4590.87,Standard
Domaine Provence Bio,Domaine Provence Bio,France,Provence,N/A,Raisins de Cuve,26.54,1839.14,Bio Certifié
Union Agricole Méditerranée,Union Agricole Méditerranée,Tunisie,Sfax,N/A,Olives de Table,478.13,3606.69,Premium
Marché Wholesale Agadir,Marché Wholesale Agadir,Maroc,Souss-Massa,N/A,Tomates,160.81,1565.97,Standard
Rungis International,Rungis International,France,Île-de-France,N/A,Pommes,181.0,1147.23,Standard
Domaine Provence Bio,Domaine Provence Bio,France,Provence,N/A,Raisins de Cuve,149.07,1856.99,Premium
Domaine Saada,Domaine Saada,Maroc,Meknès-Fès,N/A,Maïs,128.53,275.95,Standard
Green Valley Farm,Green Valley Farm,USA,Californie,N/A,Carottes,876.52,896.72,Bio Certifié
Green Valley Farm,Green Valley Farm,USA,Californie,N/A,Carottes,285.57,1020.56,Bio Certifié
Rungis International,Rungis International,France,Île-de-France,N/A,Tomates,104.39,1719.5,Standard
Domaine Saada,Domaine Saada,Maroc,Meknès-Fès,N/A,Maïs,94.12,275.45,Premium
Fazenda Brasil,Fazenda Brasil,Brésil,São Paulo,N/A,Robusta,215.55,2643.7,Premium
Fazenda Brasil,Fazenda Brasil,Brésil,São Paulo,N/A,Arabica,171.48,3940.64,Premium
Coopérative Oasis,Coopérative Oasis,Maroc,Marrakech-Safi,N/A,Deglet Nour,215.13,8005.77,Premium
Ferme Al Baraka,Ferme Al Baraka,Maroc,Souss-Massa,N/A,Pamplemousses,22.85,1373.53,Bio Certifié
Dairy Meadows,Dairy Meadows,Nouvelle-Zélande,Canterbury,N/A,Fromage,122.63,11805.24,Bio Certifié
Green Valley Farm,Green Valley Farm,USA,Californie,N/A,Pommes de terre,994.73,587.19,Bio Certifié
Fazenda Brasil,Fazenda Brasil,Brésil,São Paulo,N/A,Robusta,400.21,3072.43,Standard
Rungis International,Rungis International,France,Île-de-France,N/A,Tomates,141.1,1365.42,Standard
Mercabarna,Mercabarna,Espagne,Catalogne,N/A,Tomates,166.14,1275.56,Standard
Green Valley Farm,Green Valley Farm,USA,Californie,N/A,Courgettes,207.85,2078.89,Bio Certifié
Dairy Meadows,Dairy Meadows,Nouvelle-Zélande,Canterbury,N/A,Beurre,112.59,9261.92,Bio Certifié
Fattoria Toscana,Fattoria Toscana,Italie,Toscane,N/A,Raisins de Cuve,159.7,1863.8,Premium
Fattoria Toscana,Fattoria Toscana,Italie,Toscane,N/A,Raisins de Cuve,144.66,1446.22,Bio Certifié
Rungis International,Rungis International,France,Île-de-France,N/A,Pommes,82.37,1144.68,Standard
Cooperative Grains Alliance,Cooperative Grains Alliance,USA,Kansas,N/A,Maïs,228.64,275.57,Standard
Green Valley Farm,Green Valley Farm,USA,Californie,N/A,Oignons,617.13,856.78,Bio Certifié
Ferme Al Baraka,Ferme Al Baraka,Maroc,Souss-Massa,N/A,Mandarines,112.55,1744.49,Premium
Mercabarna,Mercabarna,Espagne,Catalogne,N/A,Pommes,163.13,1304.41,Standard
Hacienda El Sol,Hacienda El Sol,Espagne,Andalousie,N/A,Olives de Table,42.97,3704.7,Standard
Domaine Saada,Domaine Saada,Maroc,Meknès-Fès,N/A,Riz,187.22,460.15,Standard
Domaine Provence Bio,Domaine Provence Bio,France,Provence,N/A,Raisins de Table,102.54,3611.57,Premium
Domaine Provence Bio,Domaine Provence Bio,France,Provence,N/A,Raisins de Table,191.03,3841.46,Premium
Dairy Meadows,Dairy Meadows,Nouvelle-Zélande,Canterbury,N/A,Lait,14.9,498.71,Commerce Équitable
Marché Wholesale Agadir,Marché Wholesale Agadir,Maroc,Souss-Massa,N/A,Salades,33.19,2056.57,Premium
Domaine Saada,Domaine Saada,Maroc,Meknès-Fès,N/A,Blé,30.08,260.56,Standard
Domaine Saada,Domaine Saada,Maroc,Meknès-Fès,N/A,Riz,79.31,434.67,Standard
Union Agricole Méditerranée,Union Agricole Méditerranée,Tunisie,Sfax,N/A,Olives de Table,76.17,4019.61,Standard
Fazenda Brasil,Fazenda Brasil,Brésil,São Paulo,N/A,Arabica,253.6,3925.75,Premium
Green Valley Farm,Green Valley Farm,USA,Californie,N/A,Carottes,656.25,1019.16,Bio Certifié
Fazenda Brasil,Fazenda Brasil,Brésil,São Paulo,N/A,Robusta,375.63,3111.51,Standard
Hacienda El Sol,Hacienda El Sol,Espagne,Andalousie,N/A,Olives à Huile,86.91,2092.45,Standard
Marché Wholesale Agadir,Marché Wholesale Agadir,Maroc,Souss-Massa,N/A,Pommes,167.23,1284.1,Premium
Fazenda Brasil,Fazenda Brasil,Brésil,São Paulo,N/A,Robusta,220.42,2926.72,Premium
Union Agricole Méditerranée,Union Agricole Méditerranée,Tunisie,Sfax,N/A,Olives de Table,111.7,3537.08,Standard
Union Agricole Méditerranée,Union Agricole Méditerranée,Tunisie,Sfax,N/A,Olives à Huile,333.18,1819.31,Standard
Ferme Al Baraka,Ferme Al Baraka,Maroc,Souss-Massa,N/A,Citrons,60.51,1461.36,Bio Certifié
Union Agricole Méditerranée,Union Agricole Méditerranée,Tunisie,Sfax,N/A,Olives à Huile,117.52,1894.81,Premium
Coopérative Oasis,Coopérative Oasis,Maroc,Marrakech-Safi,N/A,Medjool,227.51,16595.61,Premium
Ferme Al Baraka,Ferme Al Baraka,Maroc,Souss-Massa,N/A,Oranges,29.41,1173.32,Commerce Équitable
Marché Wholesale Agadir,Marché Wholesale Agadir,Maroc,Souss-Massa,N/A,Salades,58.39,2204.52,Standard
Dairy Meadows,Dairy Meadows,Nouvelle-Zélande,Canterbury,N/A,Lait,166.78,559.24,Bio Certifié
Dairy Meadows,Dairy Meadows,Nouvelle-Zélande,Canterbury,N/A,Lait,126.65,487.2,Bio Certifié
Hacienda El Sol,Hacienda El Sol,Espagne,Andalousie,N/A,Olives à Huile,197.77,1965.96,Standard
Fazenda Brasil,Fazenda Brasil,Brésil,São Paulo,N/A,Arabica,693.13,4907.88,Standard
Hacienda El Sol,Hacienda El Sol,Espagne,Andalousie,N/A,Olives à Huile,150.13,1911.95,Standard
Domaine Provence Bio,Domaine Provence Bio,France,Provence,N/A,Raisins de Table,189.04,3798.03,Bio Certifié
Hacienda El Sol,Hacienda El Sol,Espagne,Andalousie,N/A,Olives de Table,135.46,3777.59,Standard
Marché Wholesale Agadir,Marché Wholesale Agadir,Maroc,Souss-Massa,N/A,Tomates,66.13,1621.15,Standard
Domaine Saada,Domaine Saada,Maroc,Meknès-Fès,N/A,Maïs,33.06,289.66,Premium
Coopérative Oasis,Coopérative Oasis,Maroc,Marrakech-Safi,N/A,Deglet Nour,265.21,9397.45,Bio Certifié
Marché Wholesale Agadir,Marché Wholesale Agadir,Maroc,Souss-Massa,N/A,Bananes,196.19,1030.56,Standard
Domaine Saada,Domaine Saada,Maroc,Meknès-Fès,N/A,Maïs,18.31,247.31,Standard
Coopérative Oasis,Coopérative Oasis,Maroc,Marrakech-Safi,N/A,Deglet Nour,244.43,8247.3,Premium
Domaine Provence Bio,Domaine Provence Bio,France,Provence,N/A,Raisins de Cuve,186.38,1768.7,Bio Certifié
Dairy Meadows,Dairy Meadows,Nouvelle-Zélande,Canterbury,N/A,Lait,64.32,613.08,Premium
Marché Wholesale Agadir,Marché Wholesale Agadir,Maroc,Souss-Massa,N/A,Tomates,113.36,1561.23,Standard
Dairy Meadows,Dairy Meadows,Nouvelle-Zélande,Canterbury,N/A,Fromage,148.41,12128.86,Premium
Fattoria Toscana,Fattoria Toscana,Italie,Toscane,N/A,Raisins de Cuve,197.09,1900.44,Bio Certifié
Domaine Saada,Domaine Saada,Maroc,Meknès-Fès,N/A,Blé,140.21,219.39,Premium
Fazenda Brasil,Fazenda Brasil,Brésil,São Paulo,N/A,Robusta,408.15,2922.07,Premium
Dairy Meadows,Dairy Meadows,Nouvelle-Zélande,Canterbury,N/A,Yaourt,66.53,3568.27,Premium
Coopérative Oasis,Coopérative Oasis,Maroc,Marrakech-Safi,N/A,Deglet Nour,245.21,7545.34,Bio Certifié
Marché Wholesale Agadir,Marché Wholesale Agadir,Maroc,Souss-Massa,N/A,Tomates,177.48,1400.06,Standard
Domaine Saada,Domaine Saada,Maroc,Meknès-Fès,N/A,Maïs,69.08,300.36,Premium
Cooperative Grains Alliance,Cooperative Grains Alliance,USA,Kansas,N/A,Orge,209.92,238.73,Standard
Union Agricole Méditerranée,Union Agricole Méditerranée,Tunisie,Sfax,N/A,Olives à Huile,427.98,2199.61,Standard
Domaine Saada,Domaine Saada,Maroc,Meknès-Fès,N/A,Blé,79.91,237.02,Standard
Dairy Meadows,Dairy Meadows,Nouvelle-Zélande,Canterbury,N/A,Yaourt,199.3,3361.73,Bio Certifié
Union Agricole Méditerranée,Union Agricole Méditerranée,Tunisie,Sfax,N/A,Olives à Huile,147.74,1782.69,Standard
Dairy Meadows,Dairy Meadows,Nouvelle-Zélande,Canterbury,N/A,Yaourt,10.61,3625.57,Bio Certifié
Rungis International,Rungis International,France,Île-de-France,N/A,Salades,86.44,2224.56,Standard
Dairy Meadows,Dairy Meadows,Nouvelle-Zélande,Canterbury,N/A,Lait,120.2,570.33,Bio Certifié
Dairy Meadows,Dairy Meadows,Nouvelle-Zélande,Canterbury,N/A,Fromage,123.88,11543.21,Bio Certifié
Ferme Al Baraka,Ferme Al Baraka,Maroc,Souss-Massa,N/A,Citrons,24.64,1214.59,Bio Certifié
Union Agricole Méditerranée,Union Agricole Méditerranée,Tunisie,Sfax,N/A,Olives à Huile,144.43,2195.08,Standard
Domaine Provence Bio,Domaine Provence Bio,France,Provence,N/A,Raisins de Cuve,72.36,1646.75,Bio Certifié
Ferme Al Baraka,Ferme Al Baraka,Maroc,Souss-Massa,N/A,Citrons,162.26,1511.97,Premium
Rungis International,Rungis International,France,Île-de-France,N/A,Tomates,90.04,1561.28,Premium
Fattoria Toscana,Fattoria Toscana,Italie,Toscane,N/A,Raisins de Table,169.56,3378.02,Bio Certifié
Coopérative Oasis,Coopérative Oasis,Maroc,Marrakech-Safi,N/A,Deglet Nour,213.01,7982.97,Bio Certifié
Mercabarna,Mercabarna,Espagne,Catalogne,N/A,Pommes,121.43,1271.16,Premium
Hacienda El Sol,Hacienda El Sol,Espagne,Andalousie,N/A,Olives de Table,59.27,3426.14,Premium
Hacienda El Sol,Hacienda El Sol,Espagne,Andalousie,N/A,Olives à Huile,162.5,1974.91,Standard
Union Agricole Méditerranée,Union Agricole Méditerranée,Tunisie,Sfax,N/A,Olives à Huile,72.43,2242.35,Premium
Domaine Provence Bio,Domaine Provence Bio,France,Provence,N/A,Raisins de Cuve,20.88,1541.51,Bio Certifié
Domaine Provence Bio,Domaine Provence Bio,France,Provence,N/A,Raisins de Cuve,99.69,1434.75,Bio Certifié
Mercabarna,Mercabarna,Espagne,Catalogne,N/A,Pommes,59.72,1108.91,Premium
Fattoria Toscana,Fattoria Toscana,Italie,Toscane,N/A,Raisins de Table,95.45,3790.55,Bio Certifié
Domaine Provence Bio,Domaine Provence Bio,France,Provence,N/A,Raisins de Cuve,18.84,1740.33,Bio Certifié
Domaine Provence Bio,Domaine Provence Bio,France,Provence,N/A,Raisins de Cuve,88.11,1603.06,Premium
Dairy Meadows,Dairy Meadows,Nouvelle-Zélande,Canterbury,N/A,Yaourt,193.04,3563.18,Commerce Équitable
Union Agricole Méditerranée,Union Agricole Méditerranée,Tunisie,Sfax,N/A,Olives à Huile,404.47,2074.66,Standard
Domaine Saada,Domaine Saada,Maroc,Meknès-Fès,N/A,Blé,134.29,227.36,Standard
Green Valley Farm,Green Valley Farm,USA,Californie,N/A,Tomates,952.33,2394.43,Bio Certifié
Domaine Saada,Domaine Saada,Maroc,Meknès-Fès,N/A,Blé,52.81,231.32,Premium
Ferme Al Baraka,Ferme Al Baraka,Maroc,Souss-Massa,N/A,Pamplemousses,31.81,1396.13,Premium
Fazenda Brasil,Fazenda Brasil,Brésil,São Paulo,N/A,Robusta,593.95,3101.61,Standard
Ferme Al Baraka,Ferme Al Baraka,Maroc,Souss-Massa,N/A,Mandarines,41.5,1904.63,Premium
Union Agricole Méditerranée,Union Agricole Méditerranée,Tunisie,Sfax,N/A,Olives à Huile,437.89,1976.1,Premium
Dairy Meadows,Dairy Meadows,Nouvelle-Zélande,Canterbury,N/A,Yaourt,107.38,3821.72,Bio Certifié
Ferme Al Baraka,Ferme Al Baraka,Maroc,Souss-Massa,N/A,Pamplemousses,74.56,1400.67,Bio Certifié
Mercabarna,Mercabarna,Espagne,Catalogne,N/A,Salades,108.68,1822.93,Premium
Domaine Provence Bio,Domaine Provence Bio,France,Provence,N/A,Raisins de Cuve,58.54,1905.11,Bio Certifié
Union Agricole Méditerranée,Union Agricole Méditerranée,Tunisie,Sfax,N/A,Olives de Table,62.23,3043.46,Standard
Ferme Al Baraka,Ferme Al Baraka,Maroc,Souss-Massa,N/A,Mandarines,104.58,1481.16,Premium
Cooperative Grains Alliance,Cooperative Grains Alliance,USA,Kansas,N/A,Orge,92.03,216.11,Standard
Union Agricole Méditerranée,Union Agricole Méditerranée,Tunisie,Sfax,N/A,Olives à Huile,179.21,2175.71,Standard
Dairy Meadows,Dairy Meadows,Nouvelle-Zélande,Canterbury,N/A,Yaourt,132.11,3180.63,Premium
Union Agricole Méditerranée,Union Agricole Méditerranée,Tunisie,Sfax,N/A,Olives à Huile,363.15,2175.96,Standard
Rungis International,Rungis International,France,Île-de-France,N/A,Bananes,180.47,900.66,Standard
Ferme Al Baraka,Ferme Al Baraka,Maroc,Souss-Massa,N/A,Citrons,45.0,1565.48,Premium
Hacienda El Sol,Hacienda El Sol,Espagne,Andalousie,N/A,Olives à Huile,161.73,2280.65,Premium
Marché Wholesale Agadir,Marché Wholesale Agadir,Maroc,Souss-Massa,N/A,Bananes,105.99,1140.14,Standard
Hacienda El Sol,Hacienda El Sol,Espagne,Andalousie,N/A,Olives à Huile,130.59,1799.57,Premium
Fazenda Brasil,Fazenda Brasil,Brésil,São Paulo,N/A,Robusta,111.35,3053.78,Standard
Domaine Provence Bio,Domaine Provence Bio,France,Provence,N/A,Raisins de Cuve,49.85,1619.03,Commerce Équitable
Rungis International,Rungis International,France,Île-de-France,N/A,Tomates,165.62,1518.36,Premium
Coopérative Oasis,Coopérative Oasis,Maroc,Marrakech-Safi,N/A,Medjool,455.58,17564.41,Bio Certifié
Fattoria Toscana,Fattoria Toscana,Italie,Toscane,N/A,Raisins de Table,177.17,3526.71,Bio Certifié
Dairy Meadows,Dairy Meadows,Nouvelle-Zélande,Canterbury,N/A,Fromage,29.12,10325.98,Bio Certifié
Green Valley Farm,Green Valley Farm,USA,Californie,N/A,Pommes de terre,773.94,585.39,Premium
Ferme Al Baraka,Ferme Al Baraka,Maroc,Souss-Massa,N/A,Oranges,163.18,1235.5,Bio Certifié
Domaine Provence Bio,Domaine Provence Bio,France,Provence,N/A,Raisins de Table,138.47,3316.36,Premium
Fazenda Brasil,Fazenda Brasil,Brésil,São Paulo,N/A,Robusta,870.16,2754.46,Premium
Domaine Provence Bio,Domaine Provence Bio,France,Provence,N/A,Raisins de Cuve,107.4,1581.88,Bio Certifié
Coopérative Oasis,Coopérative Oasis,Maroc,Marrakech-Safi,N/A,Medjool,233.74,18106.61,Commerce Équitable
Fazenda Brasil,Fazenda Brasil,Brésil,São Paulo,N/A,Arabica,809.6,4722.73,Standard
Fattoria Toscana,Fattoria Toscana,Italie,Toscane,N/A,Raisins de Table,10.04,3152.54,Bio Certifié
Fattoria Toscana,Fattoria Toscana,Italie,Toscane,N/A,Raisins de Cuve,174.27,1703.51,Bio Certifié
Mercabarna,Mercabarna,Espagne,Catalogne,N/A,Bananes,90.28,862.61,Premium
Fattoria Toscana,Fattoria Toscana,Italie,Toscane,N/A,Raisins de Table,34.22,3718.07,Commerce Équitable
Union Agricole Méditerranée,Union Agricole Méditerranée,Tunisie,Sfax,N/A,Olives de Table,412.21,2993.91,Premium
Cooperative Grains Alliance,Cooperative Grains Alliance,USA,Kansas,N/A,Riz,423.23,420.51,Premium
Dairy Meadows,Dairy Meadows,Nouvelle-Zélande,Canterbury,N/A,Fromage,32.85,9749.63,Bio Certifié
Ferme Al Baraka,Ferme Al Baraka,Maroc,Souss-Massa,N/A,Pamplemousses,63.93,1382.67,Bio Certifié
Cooperative Grains Alliance,Cooperative Grains Alliance,USA,Kansas,N/A,Orge,384.44,190.18,Premium
Coopérative Oasis,Coopérative Oasis,Maroc,Marrakech-Safi,N/A,Medjool,316.95,18777.2,Bio Certifié
Mercabarna,Mercabarna,Espagne,Catalogne,N/A,Tomates,64.21,1468.13,Standard
Domaine Saada,Domaine Saada,Maroc,Meknès-Fès,N/A,Blé,109.07,217.27,Premium
Marché Wholesale Agadir,Marché Wholesale Agadir,Maroc,Souss-Massa,N/A,Tomates,150.14,1511.36,Standard
Ferme Al Baraka,Ferme Al Baraka,Maroc,Souss-Massa,N/A,Mandarines,177.01,1716.17,Bio Certifié
Fattoria Toscana,Fattoria Toscana,Italie,Toscane,N/A,Raisins de Cuve,98.24,1497.31,Bio Certifié
Rungis International,Rungis International,France,Île-de-France,N/A,Pommes,125.35,1247.27,Standard
Green Valley Farm,Green Valley Farm,USA,Californie,N/A,Carottes,708.78,871.72,Bio Certifié
Rungis International,Rungis International,France,Île-de-France,N/A,Bananes,133.92,1135.16,Standard
Ferme Al Baraka,Ferme Al Baraka,Maroc,Souss-Massa,N/A,Pamplemousses,130.48,1097.81,Bio Certifié
Rungis International,Rungis International,France,Île-de-France,N/A,Salades,124.77,2244.43,Standard
Ferme Al Baraka,Ferme Al Baraka,Maroc,Souss-Massa,N/A,Oranges,72.96,1113.97,Bio Certifié
Rungis International,Rungis International,France,Île-de-France,N/A,Salades,49.33,2009.94,Standard
Ferme Al Baraka,Ferme Al Baraka,Maroc,Souss-Massa,N/A,Mandarines,168.33,1853.34,Bio Certifié
Hacienda El Sol,Hacienda El Sol,Espagne,Andalousie,N/A,Olives de Table,51.52,3391.64,Standard
Coopérative Oasis,Coopérative Oasis,Maroc,Marrakech-Safi,N/A,Deglet Nour,89.19,8695.01,Bio Certifié
Cooperative Grains Alliance,Cooperative Grains Alliance,USA,Kansas,N/A,Maïs,308.65,240.49,Standard
Green Valley Farm,Green Valley Farm,USA,Californie,N/A,Oignons,218.34,783.23,Bio Certifié
Green Valley Farm,Green Valley Farm,USA,Californie,N/A,Carottes,894.03,1030.26,Bio Certifié
Ferme Al Baraka,Ferme Al Baraka,Maroc,Souss-Massa,N/A,Oranges,146.5,1272.56,Premium
Cooperative Grains Alliance,Cooperative Grains Alliance,USA,Kansas,N/A,Orge,73.01,204.0,Standard
Domaine Saada,Domaine Saada,Maroc,Meknès-Fès,N/A,Orge,31.75,212.33,Standard
Hacienda El Sol,Hacienda El Sol,Espagne,Andalousie,N/A,Olives de Table,123.3,3552.06,Premium
Union Agricole Méditerranée,Union Agricole Méditerranée,Tunisie,Sfax,N/A,Olives de Table,209.65,3963.81,Standard
Union Agricole Méditerranée,Union Agricole Méditerranée,Tunisie,Sfax,N/A,Olives à Huile,449.62,2059.22,Standard
Fattoria Toscana,Fattoria Toscana,Italie,Toscane,N/A,Raisins de Table,126.39,3892.38,Premium
Hacienda El Sol,Hacienda El Sol,Espagne,Andalousie,N/A,Olives à Huile,110.7,2197.41,Premium
Ferme Al Baraka,Ferme Al Baraka,Maroc,Souss-Massa,N/A,Oranges,90.19,1051.13,Bio Certifié
Union Agricole Méditerranée,Union Agricole Méditerranée,Tunisie,Sfax,N/A,Olives de Table,105.35,3561.57,Standard
Fattoria Toscana,Fattoria Toscana,Italie,Toscane,N/A,Raisins de Cuve,83.6,1857.33,Bio Certifié
Fazenda Brasil,Fazenda Brasil,Brésil,São Paulo,N/A,Arabica,375.68,4890.13,Standard
Green Valley Farm,Green Valley Farm,USA,Californie,N/A,Oignons,871.81,944.99,Bio Certifié
Union Agricole Méditerranée,Union Agricole Méditerranée,Tunisie,Sfax,N/A,Olives de Table,320.48,3715.87,Standard
Dairy Meadows,Dairy Meadows,Nouvelle-Zélande,Canterbury,N/A,Beurre,91.8,7499.34,Premium
Domaine Provence Bio,Domaine Provence Bio,France,Provence,N/A,Raisins de Table,14.84,3653.11,Premium
Cooperative Grains Alliance,Cooperative Grains Alliance,USA,Kansas,N/A,Orge,318.19,193.68,Premium
Domaine Provence Bio,Domaine Provence Bio,France,Provence,N/A,Raisins de Cuve,197.73,1656.82,Premium
Domaine Saada,Domaine Saada,Maroc,Meknès-Fès,N/A,Blé,53.41,285.81,Standard
Domaine Provence Bio,Domaine Provence Bio,France,Provence,N/A,Raisins de Cuve,17.41,1443.6,Bio Certifié
Green Valley Farm,Green Valley Farm,USA,Californie,N/A,Pommes de terre,381.89,500.71,Bio Certifié
Hacienda El Sol,Hacienda El Sol,Espagne,Andalousie,N/A,Olives à Huile,32.07,2273.55,Standard
Domaine Provence Bio,Domaine Provence Bio,France,Provence,N/A,Raisins de Cuve,167.07,1923.94,Bio Certifié
Domaine Provence Bio,Domaine Provence Bio,France,Provence,N/A,Raisins de Table,83.25,3332.41,Bio Certifié
Coopérative Oasis,Coopérative Oasis,Maroc,Marrakech-Safi,N/A,Medjool,289.52,15128.42,Bio Certifié
Green Valley Farm,Green Valley Farm,USA,Californie,N/A,Pommes de terre,844.13,595.11,Bio Certifié
Mercabarna,Mercabarna,Espagne,Catalogne,N/A,Bananes,61.35,1139.93,Standard
Ferme Al Baraka,Ferme Al Baraka,Maroc,Souss-Massa,N/A,Pamplemousses,120.77,1448.89,Bio Certifié
Cooperative Grains Alliance,Cooperative Grains Alliance,USA,Kansas,N/A,Riz,230.8,516.67,Premium
Coopérative Oasis,Coopérative Oasis,Maroc,Marrakech-Safi,N/A,Deglet Nour,329.3,7647.31,Bio Certifié
Hacienda El Sol,Hacienda El Sol,Espagne,Andalousie,N/A,Olives de Table,145.07,3927.29,Standard
Hacienda El Sol,Hacienda El Sol,Espagne,Andalousie,N/A,Olives à Huile,147.21,2020.03,Premium
Fattoria Toscana,Fattoria Toscana,Italie,Toscane,N/A,Raisins de Table,114.37,3035.63,Premium
Mercabarna,Mercabarna,Espagne,Catalogne,N/A,Pommes,189.37,1073.57,Standard
Marché Wholesale Agadir,Marché Wholesale Agadir,Maroc,Souss-Massa,N/A,Salades,174.07,2053.24,Standard
Cooperative Grains Alliance,Cooperative Grains Alliance,USA,Kansas,N/A,Blé,303.22,245.59,Standard
Green Valley Farm,Green Valley Farm,USA,Californie,N/A,Pommes de terre,753.14,626.27,Bio Certifié
Green Valley Farm,Green Valley Farm,USA,Californie,N/A,Carottes,825.93,973.09,Commerce Équitable
Rungis International,Rungis International,France,Île-de-France,N/A,Tomates,131.64,1409.3,Standard
Green Valley Farm,Green Valley Farm,USA,Californie,N/A,Oignons,127.71,958.83,Bio Certifié
Fattoria Toscana,Fattoria Toscana,Italie,Toscane,N/A,Raisins de Table,15.8,3890.65,Bio Certifié
Hacienda El Sol,Hacienda El Sol,Espagne,Andalousie,N/A,Olives à Huile,165.76,1900.04,Premium
Coopérative Oasis,Coopérative Oasis,Maroc,Marrakech-Safi,N/A,Deglet Nour,53.99,9654.51,Premium
Dairy Meadows,Dairy Meadows,Nouvelle-Zélande,Canterbury,N/A,Yaourt,10.44,3021.37,Bio Certifié
Ferme Al Baraka,Ferme Al Baraka,Maroc,Souss-Massa,N/A,Citrons,37.14,1506.44,Premium
Ferme Al Baraka,Ferme Al Baraka,Maroc,Souss-Massa,N/A,Pamplemousses,143.01,1110.46,Bio Certifié
Mercabarna,Mercabarna,Espagne,Catalogne,N/A,Pommes,87.43,1166.56,Standard
Dairy Meadows,Dairy Meadows,Nouvelle-Zélande,Canterbury,N/A,Yaourt,130.1,3580.89,Premium
Rungis International,Rungis International,France,Île-de-France,N/A,Bananes,109.29,939.87,Standard
Union Agricole Méditerranée,Union Agricole Méditerranée,Tunisie,Sfax,N/A,Olives à Huile,368.19,1730.14,Standard
Dairy Meadows,Dairy Meadows,Nouvelle-Zélande,Canterbury,N/A,Yaourt,50.11,3881.57,Bio Certifié
Dairy Meadows,Dairy Meadows,Nouvelle-Zélande,Canterbury,N/A,Fromage,60.57,9594.01,Bio Certifié
Ferme Al Baraka,Ferme Al Baraka,Maroc,Souss-Massa,N/A,Oranges,51.66,963.31,Bio Certifié
Coopérative Oasis,Coopérative Oasis,Maroc,Marrakech-Safi,N/A,Medjool,105.31,18758.84,Bio Certifié
Union Agricole Méditerranée,Union Agricole Méditerranée,Tunisie,Sfax,N/A,Olives à Huile,419.64,2032.79,Standard
Mercabarna,Mercabarna,Espagne,Catalogne,N/A,Pommes,145.65,1316.11,Premium
Mercabarna,Mercabarna,Espagne,Catalogne,N/A,Bananes,32.79,1125.04,Premium
Fazenda Brasil,Fazenda Brasil,Brésil,São Paulo,N/A,Arabica,355.85,4005.67,Standard
Coopérative Oasis,Coopérative Oasis,Maroc,Marrakech-Safi,N/A,Deglet Nour,231.1,7398.93,Bio Certifié
Union Agricole Méditerranée,Union Agricole Méditerranée,Tunisie,Sfax,N/A,Olives à Huile,174.28,2124.19,Standard
Dairy Meadows,Dairy Meadows,Nouvelle-Zélande,Canterbury,N/A,Lait,74.67,634.0,Bio Certifié
Cooperative Grains Alliance,Cooperative Grains Alliance,USA,Kansas,N/A,Blé,212.11,232.78,Premium
Domaine Provence Bio,Domaine Provence Bio,France,Provence,N/A,Raisins de Cuve,182.37,1903.26,Bio Certifié
Dairy Meadows,Dairy Meadows,Nouvelle-Zélande,Canterbury,N/A,Beurre,138.28,7432.38,Bio Certifié
Ferme Al Baraka,Ferme Al Baraka,Maroc,Souss-Massa,N/A,Pamplemousses,130.22,1337.06,Bio Certifié
Hacienda El Sol,Hacienda El Sol,Espagne,Andalousie,N/A,Olives de Table,136.61,3989.35,Premium
Domaine Provence Bio,Domaine Provence Bio,France,Provence,N/A,Raisins de Table,189.36,3257.42,Bio Certifié
Marché Wholesale Agadir,Marché Wholesale Agadir,Maroc,Souss-Massa,N/A,Tomates,19.16,1437.02,Premium
Coopérative Oasis,Coopérative Oasis,Maroc,Marrakech-Safi,N/A,Medjool,255.96,15332.77,Bio Certifié
Coopérative Oasis,Coopérative Oasis,Maroc,Marrakech-Safi,N/A,Deglet Nour,436.53,7608.78,Bio Certifié
Domaine Saada,Domaine Saada,Maroc,Meknès-Fès,N/A,Riz,80.52,499.92,Premium
Ferme Al Baraka,Ferme Al Baraka,Maroc,Souss-Massa,N/A,Pamplemousses,138.78,1300.73,Bio Certifié
Domaine Saada,Domaine Saada,Maroc,Meknès-Fès,N/A,Maïs,69.97,292.17,Standard
Fattoria Toscana,Fattoria Toscana,Italie,Toscane,N/A,Raisins de Table,179.14,3276.78,Bio Certifié
Ferme Al Baraka,Ferme Al Baraka,Maroc,Souss-Massa,N/A,Mandarines,158.58,1702.08,Bio Certifié
Mercabarna,Mercabarna,Espagne,Catalogne,N/A,Tomates,82.03,1426.81,Standard
Mercabarna,Mercabarna,Espagne,Catalogne,N/A,Pommes,15.97,1285.03,Standard
Fattoria Toscana,Fattoria Toscana,Italie,Toscane,N/A,Raisins de Cuve,11.89,1661.9,Commerce Équitable
Union Agricole Méditerranée,Union Agricole Méditerranée,Tunisie,Sfax,N/A,Olives à Huile,393.04,1972.95,Standard
Dairy Meadows,Dairy Meadows,Nouvelle-Zélande,Canterbury,N/A,Beurre,195.44,7456.39,Bio Certifié
Mercabarna,Mercabarna,Espagne,Catalogne,N/A,Tomates,32.84,1394.51,Standard
Coopérative Oasis,Coopérative Oasis,Maroc,Marrakech-Safi,N/A,Medjool,382.56,15405.25,Premium
Cooperative Grains Alliance,Cooperative Grains Alliance,USA,Kansas,N/A,Blé,340.91,285.56,Premium
Cooperative Grains Alliance,Cooperative Grains Alliance,USA,Kansas,N/A,Riz,402.44,487.85,Standard
Cooperative Grains Alliance,Cooperative Grains Alliance,USA,Kansas,N/A,Riz,454.75,478.37,Premium
Marché Wholesale Agadir,Marché Wholesale Agadir,Maroc,Souss-Massa,N/A,Tomates,152.01,1488.21,Standard
Dairy Meadows,Dairy Meadows,Nouvelle-Zélande,Canterbury,N/A,Lait,55.44,565.16,Premium
Marché Wholesale Agadir,Marché Wholesale Agadir,Maroc,Souss-Massa,N/A,Pommes,79.48,1101.14,Standard
Coopérative Oasis,Coopérative Oasis,Maroc,Marrakech-Safi,N/A,Deglet Nour,431.24,7934.17,Bio Certifié
Hacienda El Sol,Hacienda El Sol,Espagne,Andalousie,N/A,Olives à Huile,130.83,1932.9,Standard
Ferme Al Baraka,Ferme Al Baraka,Maroc,Souss-Massa,N/A,Oranges,190.01,1065.35,Premium
Coopérative Oasis,Coopérative Oasis,Maroc,Marrakech-Safi,N/A,Deglet Nour,77.99,7511.2,Bio Certifié
Coopérative Oasis,Coopérative Oasis,Maroc,Marrakech-Safi,N/A,Medjool,70.05,16374.84,Bio Certifié
Rungis International,Rungis International,France,Île-de-France,N/A,Pommes,139.13,1047.45,Standard
Mercabarna,Mercabarna,Espagne,Catalogne,N/A,Pommes,113.9,1084.91,Standard
Mercabarna,Mercabarna,Espagne,Catalogne,N/A,Pommes,94.65,1095.31,Standard
Ferme Al Baraka,Ferme Al Baraka,Maroc,Souss-Massa,N/A,Pamplemousses,199.05,1270.29,Bio Certifié
Fattoria Toscana,Fattoria Toscana,Italie,Toscane,N/A,Raisins de Table,47.42,3974.0,Commerce Équitable
Union Agricole Méditerranée,Union Agricole Méditerranée,Tunisie,Sfax,N/A,Olives à Huile,306.29,1855.73,Standard
Fazenda Brasil,Fazenda Brasil,Brésil,São Paulo,N/A,Arabica,292.56,3842.59,Standard
Green Valley Farm,Green Valley Farm,USA,Californie,N/A,Courgettes,917.11,2062.26,Commerce Équitable
Domaine Saada,Domaine Saada,Maroc,Meknès-Fès,N/A,Orge,153.89,197.67,Standard
Mercabarna,Mercabarna,Espagne,Catalogne,N/A,Tomates,97.06,1626.61,Premium
Fattoria Toscana,Fattoria Toscana,Italie,Toscane,N/A,Raisins de Table,104.79,2987.71,Bio Certifié
Marché Wholesale Agadir,Marché Wholesale Agadir,Maroc,Souss-Massa,N/A,Salades,114.88,2182.85,Standard
Marché Wholesale Agadir,Marché Wholesale Agadir,Maroc,Souss-Massa,N/A,Salades,171.13,2137.32,Standard
Cooperative Grains Alliance,Cooperative Grains Alliance,USA,Kansas,N/A,Blé,231.24,279.6,Standard
Coopérative Oasis,Coopérative Oasis,Maroc,Marrakech-Safi,N/A,Deglet Nour,229.03,9457.22,Commerce Équitable
Rungis International,Rungis International,France,Île-de-France,N/A,Bananes,80.63,967.74,Premium
Green Valley Farm,Green Valley Farm,USA,Californie,N/A,Tomates,499.93,1958.6,Premium
Domaine Provence Bio,Domaine Provence Bio,France,Provence,N/A,Raisins de Table,117.17,3351.51,Premium
Ferme Al Baraka,Ferme Al Baraka,Maroc,Souss-Massa,N/A,Mandarines,176.7,1919.08,Bio Certifié
Cooperative Grains Alliance,Cooperative Grains Alliance,USA,Kansas,N/A,Blé,67.52,215.2,Standard
Dairy Meadows,Dairy Meadows,Nouvelle-Zélande,Canterbury,N/A,Lait,52.73,548.47,Premium
Hacienda El Sol,Hacienda El Sol,Espagne,Andalousie,N/A,Olives de Table,72.0,3856.64,Standard
Dairy Meadows,Dairy Meadows,Nouvelle-Zélande,Canterbury,N/A,Lait,89.7,607.1,Bio Certifié
Domaine Provence Bio,Domaine Provence Bio,France,Provence,N/A,Raisins de Table,122.31,3170.44,Bio Certifié
Marché Wholesale Agadir,Marché Wholesale Agadir,Maroc,Souss-Massa,N/A,Pommes,23.52,1044.84,Premium
Ferme Al Baraka,Ferme Al Baraka,Maroc,Souss-Massa,N/A,Citrons,28.06,1537.23,Bio Certifié
Domaine Saada,Domaine Saada,Maroc,Meknès-Fès,N/A,Blé,156.51,261.6,Standard
Ferme Al Baraka,Ferme Al Baraka,Maroc,Souss-Massa,N/A,Citrons,18.63,1311.81,Commerce Équitable
Hacienda El Sol,Hacienda El Sol,Espagne,Andalousie,N/A,Olives à Huile,111.08,2054.26,Standard
Hacienda El Sol,Hacienda El Sol,Espagne,Andalousie,N/A,Olives de Table,194.88,3212.43,Standard
Domaine Provence Bio,Domaine Provence Bio,France,Provence,N/A,Raisins de Table,177.72,3029.5,Bio Certifié
Fattoria Toscana,Fattoria Toscana,Italie,Toscane,N/A,Raisins de Table,135.98,3753.99,Premium
Domaine Saada,Domaine Saada,Maroc,Meknès-Fès,N/A,Orge,71.81,234.03,Premium
Coopérative Oasis,Coopérative Oasis,Maroc,Marrakech-Safi,N/A,Deglet Nour,201.63,9658.85,Bio Certifié
Hacienda El Sol,Hacienda El Sol,Espagne,Andalousie,N/A,Olives à Huile,122.22,2096.61,Standard
Union Agricole Méditerranée,Union Agricole Méditerranée,Tunisie,Sfax,N/A,Olives à Huile,125.29,2168.38,Standard
Union Agricole Méditerranée,Union Agricole Méditerranée,Tunisie,Sfax,N/A,Olives à Huile,169.4,2060.93,Standard
Cooperative Grains Alliance,Cooperative Grains Alliance,USA,Kansas,N/A,Blé,302.04,271.05,Premium
Domaine Provence Bio,Domaine Provence Bio,France,Provence,N/A,Raisins de Table,187.26,3843.88,Premium
Fattoria Toscana,Fattoria Toscana,Italie,Toscane,N/A,Raisins de Table,33.19,3106.38,Premium
Ferme Al Baraka,Ferme Al Baraka,Maroc,Souss-Massa,N/A,Mandarines,163.34,1526.4,Bio Certifié
Domaine Provence Bio,Domaine Provence Bio,France,Provence,N/A,Raisins de Cuve,39.89,1487.91,Premium
Fazenda Brasil,Fazenda Brasil,Brésil,São Paulo,N/A,Robusta,546.63,2892.47,Standard
Domaine Saada,Domaine Saada,Maroc,Meknès-Fès,N/A,Blé,14.79,275.42,Standard
Ferme Al Baraka,Ferme Al Baraka,Maroc,Souss-Massa,N/A,Mandarines,170.22,1477.15,Bio Certifié
Green Valley Farm,Green Valley Farm,USA,Californie,N/A,Tomates,580.86,2125.66,Bio Certifié
Cooperative Grains Alliance,Cooperative Grains Alliance,USA,Kansas,N/A,Riz,438.19,406.7,Premium
Green Valley Farm,Green Valley Farm,USA,Californie,N/A,Carottes,304.05,1091.53,Premium
Marché Wholesale Agadir,Marché Wholesale Agadir,Maroc,Souss-Massa,N/A,Bananes,70.14,1094.92,Standard
Dairy Meadows,Dairy Meadows,Nouvelle-Zélande,Canterbury,N/A,Yaourt,118.63,3849.47,Commerce Équitable
Domaine Provence Bio,Domaine Provence Bio,France,Provence,N/A,Raisins de Cuve,40.93,1522.2,Bio Certifié
Cooperative Grains Alliance,Cooperative Grains Alliance,USA,Kansas,N/A,Blé,208.83,259.1,Standard
Marché Wholesale Agadir,Marché Wholesale Agadir,Maroc,Souss-Massa,N/A,Pommes,125.05,1108.97,Standard
Coopérative Oasis,Coopérative Oasis,Maroc,Marrakech-Safi,N/A,Medjool,354.89,14643.44,Bio Certifié
Ferme Al Baraka,Ferme Al Baraka,Maroc,Souss-Massa,N/A,Oranges,159.12,1198.45,Bio Certifié
Fattoria Toscana,Fattoria Toscana,Italie,Toscane,N/A,Raisins de Table,29.26,3266.75,Bio Certifié
Coopérative Oasis,Coopérative Oasis,Maroc,Marrakech-Safi,N/A,Medjool,55.17,16548.59,Commerce Équitable
Fattoria Toscana,Fattoria Toscana,Italie,Toscane,N/A,Raisins de Cuve,31.53,1631.41,Premium
Domaine Provence Bio,Domaine Provence Bio,France,Provence,N/A,Raisins de Table,48.84,3520.69,Bio Certifié
Union Agricole Méditerranée,Union Agricole Méditerranée,Tunisie,Sfax,N/A,Olives à Huile,267.37,1861.12,Standard
Fattoria Toscana,Fattoria Toscana,Italie,Toscane,N/A,Raisins de Cuve,37.35,1728.06,Bio Certifié
Domaine Provence Bio,Domaine Provence Bio,France,Provence,N/A,Raisins de Table,91.77,3705.59,Bio Certifié
Domaine Saada,Domaine Saada,Maroc,Meknès-Fès,N/A,Orge,131.91,233.45,Standard
Union Agricole Méditerranée,Union Agricole Méditerranée,Tunisie,Sfax,N/A,Olives de Table,367.98,3615.51,Standard
Cooperative Grains Alliance,Cooperative Grains Alliance,USA,Kansas,N/A,Riz,50.91,406.0,Standard
Union Agricole Méditerranée,Union Agricole Méditerranée,Tunisie,Sfax,N/A,Olives de Table,475.13,3748.36,Premium
Dairy Meadows,Dairy Meadows,Nouvelle-Zélande,Canterbury,N/A,Fromage,128.79,10775.14,Bio Certifié
Ferme Al Baraka,Ferme Al Baraka,Maroc,Souss-Massa,N/A,Oranges,120.76,1037.04,Bio Certifié
Union Agricole Méditerranée,Union Agricole Méditerranée,Tunisie,Sfax,N/A,Olives à Huile,376.58,2070.35,Premium
Fattoria Toscana,Fattoria Toscana,Italie,Toscane,N/A,Raisins de Table,104.63,3754.97,Bio Certifié
Cooperative Grains Alliance,Cooperative Grains Alliance,USA,Kansas,N/A,Blé,461.55,245.05,Standard
Cooperative Grains Alliance,Cooperative Grains Alliance,USA,Kansas,N/A,Blé,247.27,287.22,Standard
Coopérative Oasis,Coopérative Oasis,Maroc,Marrakech-Safi,N/A,Medjool,158.91,17878.83,Bio Certifié
Hacienda El Sol,Hacienda El Sol,Espagne,Andalousie,N/A,Olives de Table,19.5,3932.1,Standard
Coopérative Oasis,Coopérative Oasis,Maroc,Marrakech-Safi,N/A,Deglet Nour,171.86,7763.85,Bio Certifié
Domaine Saada,Domaine Saada,Maroc,Meknès-Fès,N/A,Maïs,50.92,288.16,Standard
Fazenda Brasil,Fazenda Brasil,Brésil,São Paulo,N/A,Robusta,896.47,2894.96,Standard
Dairy Meadows,Dairy Meadows,Nouvelle-Zélande,Canterbury,N/A,Fromage,85.52,11245.73,Bio Certifié
Mercabarna,Mercabarna,Espagne,Catalogne,N/A,Salades,23.01,1922.67,Premium
Cooperative Grains Alliance,Cooperative Grains Alliance,USA,Kansas,N/A,Blé,200.12,277.39,Premium
Coopérative Oasis,Coopérative Oasis,Maroc,Marrakech-Safi,N/A,Deglet Nour,404.32,8284.95,Premium
Cooperative Grains Alliance,Cooperative Grains Alliance,USA,Kansas,N/A,Riz,425.14,449.92,Standard
Hacienda El Sol,Hacienda El Sol,Espagne,Andalousie,N/A,Olives de Table,22.16,3840.98,Standard
Union Agricole Méditerranée,Union Agricole Méditerranée,Tunisie,Sfax,N/A,Olives de Table,140.49,3594.74,Standard
Fattoria Toscana,Fattoria Toscana,Italie,Toscane,N/A,Raisins de Cuve,186.15,1481.12,Premium
Fattoria Toscana,Fattoria Toscana,Italie,Toscane,N/A,Raisins de Cuve,87.67,1893.71,Bio Certifié
Hacienda El Sol,Hacienda El Sol,Espagne,Andalousie,N/A,Olives de Table,45.27,3672.43,Premium
Domaine Provence Bio,Domaine Provence Bio,France,Provence,N/A,Raisins de Table,30.98,3278.65,Bio Certifié
Cooperative Grains Alliance,Cooperative Grains Alliance,USA,Kansas,N/A,Riz,299.02,416.91,Premium
Domaine Provence Bio,Domaine Provence Bio,France,Provence,N/A,Raisins de Cuve,159.97,1583.13,Commerce Équitable
Domaine Provence Bio,Domaine Provence Bio,France,Provence,N/A,Raisins de Cuve,77.34,1682.84,Commerce Équitable
Ferme Al Baraka,Ferme Al Baraka,Maroc,Souss-Massa,N/A,Oranges,181.68,978.09,Premium
Coopérative Oasis,Coopérative Oasis,Maroc,Marrakech-Safi,N/A,Deglet Nour,407.52,9368.63,Bio Certifié
Mercabarna,Mercabarna,Espagne,Catalogne,N/A,Tomates,12.52,1408.17,Standard
Mercabarna,Mercabarna,Espagne,Catalogne,N/A,Salades,53.62,1770.53,Standard
Domaine Saada,Domaine Saada,Maroc,Meknès-Fès,N/A,Blé,149.16,251.12,Standard
Mercabarna,Mercabarna,Espagne,Catalogne,N/A,Tomates,88.7,1604.59,Premium
Union Agricole Méditerranée,Union Agricole Méditerranée,Tunisie,Sfax,N/A,Olives de Table,97.41,3208.48,Standard
Cooperative Grains Alliance,Cooperative Grains Alliance,USA,Kansas,N/A,Orge,125.12,203.09,Standard
Mercabarna,Mercabarna,Espagne,Catalogne,N/A,Salades,118.66,2291.75,Standard
Mercabarna,Mercabarna,Espagne,Catalogne,N/A,Tomates,112.77,1588.39,Premium
Rungis International,Rungis International,France,Île-de-France,N/A,Pommes,72.23,1216.81,Standard
Rungis International,Rungis International,France,Île-de-France,N/A,Salades,125.07,1770.32,Standard
Ferme Al Baraka,Ferme Al Baraka,Maroc,Souss-Massa,N/A,Citrons,31.71,1511.22,Premium
Ferme Al Baraka,Ferme Al Baraka,Maroc,Souss-Massa,N/A,Citrons,89.66,1197.61,Premium
Cooperative Grains Alliance,Cooperative Grains Alliance,USA,Kansas,N/A,Blé,233.65,278.92,Standard
Marché Wholesale Agadir,Marché Wholesale Agadir,Maroc,Souss-Massa,N/A,Salades,11.9,2134.07,Standard
Rungis International,Rungis International,France,Île-de-France,N/A,Tomates,176.09,1366.55,Standard
Coopérative Oasis,Coopérative Oasis,Maroc,Marrakech-Safi,N/A,Medjool,253.08,15204.55,Premium
Green Valley Farm,Green Valley Farm,USA,Californie,N/A,Oignons,168.13,811.73,Premium
Domaine Saada,Domaine Saada,Maroc,Meknès-Fès,N/A,Riz,17.98,447.2,Standard
Marché Wholesale Agadir,Marché Wholesale Agadir,Maroc,Souss-Massa,N/A,Salades,133.18,1744.46,Standard
Fattoria Toscana,Fattoria Toscana,Italie,Toscane,N/A,Raisins de Table,53.99,3964.67,Bio Certifié
Green Valley Farm,Green Valley Farm,USA,Californie,N/A,Oignons,415.47,807.88,Bio Certifié
Domaine Provence Bio,Domaine Provence Bio,France,Provence,N/A,Raisins de Table,80.2,3022.59,Bio Certifié
Mercabarna,Mercabarna,Espagne,Catalogne,N/A,Bananes,167.96,1102.7,Standard
Domaine Saada,Domaine Saada,Maroc,Meknès-Fès,N/A,Blé,29.7,216.15,Standard
Union Agricole Méditerranée,Union Agricole Méditerranée,Tunisie,Sfax,N/A,Olives à Huile,401.88,2151.05,Premium
Domaine Provence Bio,Domaine Provence Bio,France,Provence,N/A,Raisins de Table,12.78,3192.6,Premium
Fazenda Brasil,Fazenda Brasil,Brésil,São Paulo,N/A,Robusta,275.48,3351.37,Premium
Fazenda Brasil,Fazenda Brasil,Brésil,São Paulo,N/A,Arabica,637.44,4708.08,Premium
Hacienda El Sol,Hacienda El Sol,Espagne,Andalousie,N/A,Olives à Huile,154.07,1884.14,Standard
Fattoria Toscana,Fattoria Toscana,Italie,Toscane,N/A,Raisins de Cuve,48.43,1586.17,Bio Certifié
Domaine Saada,Domaine Saada,Maroc,Meknès-Fès,N/A,Orge,175.04,234.81,Premium
Union Agricole Méditerranée,Union Agricole Méditerranée,Tunisie,Sfax,N/A,Olives à Huile,110.14,1966.32,Standard
Ferme Al Baraka,Ferme Al Baraka,Maroc,Souss-Massa,N/A,Pamplemousses,114.38,1272.57,Premium
Mercabarna,Mercabarna,Espagne,Catalogne,N/A,Tomates,71.66,1396.28,Standard
Mercabarna,Mercabarna,Espagne,Catalogne,N/A,Tomates,134.39,1645.7,Standard
Domaine Provence Bio,Domaine Provence Bio,France,Provence,N/A,Raisins de Cuve,154.56,1522.61,Bio Certifié
Domaine Provence Bio,Domaine Provence Bio,France,Provence,N/A,Raisins de Cuve,38.62,1537.48,Bio Certifié
Fattoria Toscana,Fattoria Toscana,Italie,Toscane,N/A,Raisins de Table,177.05,3230.57,Bio Certifié
Domaine Saada,Domaine Saada,Maroc,Meknès-Fès,N/A,Riz,71.38,503.72,Premium
Fazenda Brasil,Fazenda Brasil,Brésil,São Paulo,N/A,Robusta,700.09,2634.89,Premium
Fattoria Toscana,Fattoria Toscana,Italie,Toscane,N/A,Raisins de Table,22.78,3074.66,Commerce Équitable
Rungis International,Rungis International,France,Île-de-France,N/A,Bananes,162.26,1052.28,Standard
Green Valley Farm,Green Valley Farm,USA,Californie,N/A,Courgettes,386.29,2071.79,Premium
Green Valley Farm,Green Valley Farm,USA,Californie,N/A,Oignons,112.33,734.22,Bio Certifié
Fattoria Toscana,Fattoria Toscana,Italie,Toscane,N/A,Raisins de Table,155.23,3629.93,Premium
Union Agricole Méditerranée,Union Agricole Méditerranée,Tunisie,Sfax,N/A,Olives de Table,472.29,3410.56,Standard
Coopérative Oasis,Coopérative Oasis,Maroc,Marrakech-Safi,N/A,Deglet Nour,495.81,9046.96,Bio Certifié
Rungis International,Rungis International,France,Île-de-France,N/A,Bananes,119.98,1020.85,Premium
Mercabarna,Mercabarna,Espagne,Catalogne,N/A,Pommes,74.96,1209.96,Standard
Hacienda El Sol,Hacienda El Sol,Espagne,Andalousie,N/A,Olives à Huile,103.89,2216.63,Standard
Coopérative Oasis,Coopérative Oasis,Maroc,Marrakech-Safi,N/A,Deglet Nour,74.01,8286.01,Premium
Domaine Saada,Domaine Saada,Maroc,Meknès-Fès,N/A,Riz,188.92,405.09,Standard
Cooperative Grains Alliance,Cooperative Grains Alliance,USA,Kansas,N/A,Maïs,488.41,243.86,Standard
Fazenda Brasil,Fazenda Brasil,Brésil,São Paulo,N/A,Robusta,472.44,2733.75,Standard
Ferme Al Baraka,Ferme Al Baraka,Maroc,Souss-Massa,N/A,Oranges,190.26,972.36,Premium
Fazenda Brasil,Fazenda Brasil,Brésil,São Paulo,N/A,Arabica,729.68,4956.51,Premium
Fattoria Toscana,Fattoria Toscana,Italie,Toscane,N/A,Raisins de Table,131.42,3976.21,Premium
Hacienda El Sol,Hacienda El Sol,Espagne,Andalousie,N/A,Olives de Table,62.63,3942.37,Standard
Dairy Meadows,Dairy Meadows,Nouvelle-Zélande,Canterbury,N/A,Yaourt,19.88,3008.33,Bio Certifié
Ferme Al Baraka,Ferme Al Baraka,Maroc,Souss-Massa,N/A,Pamplemousses,127.1,1164.1,Premium
Fazenda Brasil,Fazenda Brasil,Brésil,São Paulo,N/A,Robusta,876.7,3347.48,Standard
Fazenda Brasil,Fazenda Brasil,Brésil,São Paulo,N/A,Robusta,896.12,2662.7,Standard
Union Agricole Méditerranée,Union Agricole Méditerranée,Tunisie,Sfax,N/A,Olives de Table,330.18,3997.05,Standard
Mercabarna,Mercabarna,Espagne,Catalogne,N/A,Pommes,73.7,1044.13,Premium
Ferme Al Baraka,Ferme Al Baraka,Maroc,Souss-Massa,N/A,Pamplemousses,179.46,1186.69,Bio Certifié
Domaine Saada,Domaine Saada,Maroc,Meknès-Fès,N/A,Maïs,50.05,257.27,Standard
Dairy Meadows,Dairy Meadows,Nouvelle-Zélande,Canterbury,N/A,Fromage,24.22,10993.21,Bio Certifié
Mercabarna,Mercabarna,Espagne,Catalogne,N/A,Tomates,193.87,1472.88,Standard
Mercabarna,Mercabarna,Espagne,Catalogne,N/A,Salades,66.88,1839.5,Standard
Ferme Al Baraka,Ferme Al Baraka,Maroc,Souss-Massa,N/A,Pamplemousses,138.06,1094.65,Bio Certifié
Domaine Provence Bio,Domaine Provence Bio,France,Provence,N/A,Raisins de Table,157.59,3055.3,Commerce Équitable
Domaine Saada,Domaine Saada,Maroc,Meknès-Fès,N/A,Maïs,67.46,285.33,Premium
Fattoria Toscana,Fattoria Toscana,Italie,Toscane,N/A,Raisins de Cuve,106.05,1500.62,Premium
Mercabarna,Mercabarna,Espagne,Catalogne,N/A,Bananes,25.63,987.88,Standard
Fazenda Brasil,Fazenda Brasil,Brésil,São Paulo,N/A,Robusta,353.73,2877.43,Standard
Domaine Saada,Domaine Saada,Maroc,Meknès-Fès,N/A,Maïs,198.44,293.79,Standard
Ferme Al Baraka,Ferme Al Baraka,Maroc,Souss-Massa,N/A,Pamplemousses,179.01,1211.41,Bio Certifié
Rungis International,Rungis International,France,Île-de-France,N/A,Salades,134.65,2035.75,Standard
Fazenda Brasil,Fazenda Brasil,Brésil,São Paulo,N/A,Arabica,873.82,4374.19,Standard
Cooperative Grains Alliance,Cooperative Grains Alliance,USA,Kansas,N/A,Blé,281.23,280.25,Premium
Hacienda El Sol,Hacienda El Sol,Espagne,Andalousie,N/A,Olives à Huile,117.87,2047.59,Standard
Domaine Provence Bio,Domaine Provence Bio,France,Provence,N/A,Raisins de Cuve,115.01,1615.58,Premium
Fattoria Toscana,Fattoria Toscana,Italie,Toscane,N/A,Raisins de Cuve,45.2,1568.44,Bio Certifié
Fattoria Toscana,Fattoria Toscana,Italie,Toscane,N/A,Raisins de Cuve,181.61,1732.34,Bio Certifié
Coopérative Oasis,Coopérative Oasis,Maroc,Marrakech-Safi,N/A,Deglet Nour,218.55,9150.29,Bio Certifié
Marché Wholesale Agadir,Marché Wholesale Agadir,Maroc,Souss-Massa,N/A,Tomates,148.6,1532.95,Standard
Coopérative Oasis,Coopérative Oasis,Maroc,Marrakech-Safi,N/A,Medjool,149.23,15379.77,Premium
Domaine Provence Bio,Domaine Provence Bio,France,Provence,N/A,Raisins de Table,128.46,3605.3,Bio Certifié
Rungis International,Rungis International,France,Île-de-France,N/A,Tomates,38.89,1481.25,Standard
Dairy Meadows,Dairy Meadows,Nouvelle-Zélande,Canterbury,N/A,Fromage,55.05,12706.97,Commerce Équitable
Union Agricole Méditerranée,Union Agricole Méditerranée,Tunisie,Sfax,N/A,Olives de Table,458.8,3466.47,Standard
Rungis International,Rungis International,France,Île-de-France,N/A,Salades,126.9,2156.25,Standard
Fazenda Brasil,Fazenda Brasil,Brésil,São Paulo,N/A,Arabica,792.5,4362.12,Premium
Cooperative Grains Alliance,Cooperative Grains Alliance,USA,Kansas,N/A,Blé,393.3,215.91,Standard
Domaine Provence Bio,Domaine Provence Bio,France,Provence,N/A,Raisins de Table,183.02,3510.35,Bio Certifié
Mercabarna,Mercabarna,Espagne,Catalogne,N/A,Tomates,172.07,1692.77,Premium
Green Valley Farm,Green Valley Farm,USA,Californie,N/A,Oignons,504.13,773.84,Bio Certifié
Rungis International,Rungis International,France,Île-de-France,N/A,Pommes,183.84,1088.09,Premium
Ferme Al Baraka,Ferme Al Baraka,Maroc,Souss-Massa,N/A,Citrons,162.27,1354.68,Premium
Ferme Al Baraka,Ferme Al Baraka,Maroc,Souss-Massa,N/A,Oranges,55.02,1179.6,Bio Certifié
Fattoria Toscana,Fattoria Toscana,Italie,Toscane,N/A,Raisins de Cuve,70.43,1805.71,Bio Certifié
Ferme Al Baraka,Ferme Al Baraka,Maroc,Souss-Massa,N/A,Citrons,89.53,1312.86,Bio Certifié
Dairy Meadows,Dairy Meadows,Nouvelle-Zélande,Canterbury,N/A,Yaourt,131.05,3602.16,Premium
Marché Wholesale Agadir,Marché Wholesale Agadir,Maroc,Souss-Massa,N/A,Pommes,127.73,1235.87,Standard
Union Agricole Méditerranée,Union Agricole Méditerranée,Tunisie,Sfax,N/A,Olives de Table,176.73,3986.53,Standard
Coopérative Oasis,Coopérative Oasis,Maroc,Marrakech-Safi,N/A,Deglet Nour,330.21,9635.07,Bio Certifié
Mercabarna,Mercabarna,Espagne,Catalogne,N/A,Salades,69.5,2209.72,Standard
Marché Wholesale Agadir,Marché Wholesale Agadir,Maroc,Souss-Massa,N/A,Salades,188.41,1971.69,Standard
Coopérative Oasis,Coopérative Oasis,Maroc,Marrakech-Safi,N/A,Medjool,123.26,17279.87,Bio Certifié
Rungis International,Rungis International,France,Île-de-France,N/A,Tomates,183.51,1360.23,Standard
Union Agricole Méditerranée,Union Agricole Méditerranée,Tunisie,Sfax,N/A,Olives de Table,388.03,3766.56,Standard
Dairy Meadows,Dairy Meadows,Nouvelle-Zélande,Canterbury,N/A,Lait,31.81,634.18,Premium
Marché Wholesale Agadir,Marché Wholesale Agadir,Maroc,Souss-Massa,N/A,Tomates,136.07,1460.04,Standard
Domaine Provence Bio,Domaine Provence Bio,France,Provence,N/A,Raisins de Cuve,182.74,1586.19,Premium
Fattoria Toscana,Fattoria Toscana,Italie,Toscane,N/A,Raisins de Table,148.65,3962.23,Premium
Ferme Al Baraka,Ferme Al Baraka,Maroc,Souss-Massa,N/A,Pamplemousses,32.78,1348.8,Bio Certifié
Rungis International,Rungis International,France,Île-de-France,N/A,Bananes,190.48,891.13,Premium
Hacienda El Sol,Hacienda El Sol,Espagne,Andalousie,N/A,Olives à Huile,32.15,2028.02,Premium
Fazenda Brasil,Fazenda Brasil,Brésil,São Paulo,N/A,Robusta,623.28,2645.27,Premium
Dairy Meadows,Dairy Meadows,Nouvelle-Zélande,Canterbury,N/A,Fromage,116.51,12687.33,Bio Certifié
Rungis International,Rungis International,France,Île-de-France,N/A,Salades,29.85,2046.11,Standard
Rungis International,Rungis International,France,Île-de-France,N/A,Pommes,50.79,1044.2,Standard
Dairy Meadows,Dairy Meadows,Nouvelle-Zélande,Canterbury,N/A,Beurre,127.22,9315.93,Bio Certifié
Rungis International,Rungis International,France,Île-de-France,N/A,Bananes,152.15,1018.38,Standard
Union Agricole Méditerranée,Union Agricole Méditerranée,Tunisie,Sfax,N/A,Olives à Huile,166.85,2281.83,Standard
Fazenda Brasil,Fazenda Brasil,Brésil,São Paulo,N/A,Arabica,147.49,4759.22,Standard
Ferme Al Baraka,Ferme Al Baraka,Maroc,Souss-Massa,N/A,Oranges,36.2,1183.42,Premium
Fattoria Toscana,Fattoria Toscana,Italie,Toscane,N/A,Raisins de Cuve,180.22,1828.14,Bio Certifié
Ferme Al Baraka,Ferme Al Baraka,Maroc,Souss-Massa,N/A,Mandarines,49.72,1470.68,Bio Certifié
Rungis International,Rungis International,France,Île-de-France,N/A,Pommes,117.48,1085.76,Standard
Rungis International,Rungis International,France,Île-de-France,N/A,Bananes,158.49,932.73,Standard
Fattoria Toscana,Fattoria Toscana,Italie,Toscane,N/A,Raisins de Table,187.41,3693.06,Bio Certifié
Hacienda El Sol,Hacienda El Sol,Espagne,Andalousie,N/A,Olives à Huile,87.47,1796.73,Standard
Domaine Provence Bio,Domaine Provence Bio,France,Provence,N/A,Raisins de Table,186.34,3862.11,Bio Certifié
Fazenda Brasil,Fazenda Brasil,Brésil,São Paulo,N/A,Arabica,651.52,5091.95,Standard
Green Valley Farm,Green Valley Farm,USA,Californie,N/A,Oignons,308.33,885.7,Commerce Équitable
Dairy Meadows,Dairy Meadows,Nouvelle-Zélande,Canterbury,N/A,Beurre,126.25,8081.11,Bio Certifié
Green Valley Farm,Green Valley Farm,USA,Californie,N/A,Carottes,471.86,1031.69,Premium
Domaine Provence Bio,Domaine Provence Bio,France,Provence,N/A,Raisins de Cuve,39.79,1844.96,Bio Certifié
Union Agricole Méditerranée,Union Agricole Méditerranée,Tunisie,Sfax,N/A,Olives à Huile,283.22,2126.07,Standard
Coopérative Oasis,Coopérative Oasis,Maroc,Marrakech-Safi,N/A,Medjool,149.2,18746.36,Commerce Équitable
Fazenda Brasil,Fazenda Brasil,Brésil,São Paulo,N/A,Robusta,384.93,2807.13,Standard
Domaine Saada,Domaine Saada,Maroc,Meknès-Fès,N/A,Orge,138.71,215.28,Premium
Mercabarna,Mercabarna,Espagne,Catalogne,N/A,Tomates,135.03,1278.63,Premium
Mercabarna,Mercabarna,Espagne,Catalogne,N/A,Salades,82.02,2249.04,Standard
Dairy Meadows,Dairy Meadows,Nouvelle-Zélande,Canterbury,N/A,Fromage,107.68,10556.45,Bio Certifié
Green Valley Farm,Green Valley Farm,USA,Californie,N/A,Pommes de terre,105.74,640.36,Commerce Équitable
Ferme Al Baraka,Ferme Al Baraka,Maroc,Souss-Massa,N/A,Oranges,50.07,1240.02,Premium
Fattoria Toscana,Fattoria Toscana,Italie,Toscane,N/A,Raisins de Table,86.04,3797.46,Bio Certifié
Union Agricole Méditerranée,Union Agricole Méditerranée,Tunisie,Sfax,N/A,Olives de Table,498.93,3175.69,Standard
Ferme Al Baraka,Ferme Al Baraka,Maroc,Souss-Massa,N/A,Citrons,188.32,1266.1,Premium
Domaine Provence Bio,Domaine Provence Bio,France,Provence,N/A,Raisins de Cuve,184.22,1819.25,Bio Certifié
Union Agricole Méditerranée,Union Agricole Méditerranée,Tunisie,Sfax,N/A,Olives à Huile,375.9,2114.24,Standard
Coopérative Oasis,Coopérative Oasis,Maroc,Marrakech-Safi,N/A,Deglet Nour,121.83,7985.77,Bio Certifié
Cooperative Grains Alliance,Cooperative Grains Alliance,USA,Kansas,N/A,Blé,425.73,285.6,Standard
Domaine Saada,Domaine Saada,Maroc,Meknès-Fès,N/A,Riz,16.83,507.63,Standard
Green Valley Farm,Green Valley Farm,USA,Californie,N/A,Pommes de terre,872.16,598.83,Commerce Équitable
Marché Wholesale Agadir,Marché Wholesale Agadir,Maroc,Souss-Massa,N/A,Bananes,68.22,862.08,Standard
Domaine Provence Bio,Domaine Provence Bio,France,Provence,N/A,Raisins de Table,11.19,3039.98,Bio Certifié
Dairy Meadows,Dairy Meadows,Nouvelle-Zélande,Canterbury,N/A,Beurre,90.96,9237.56,Premium
Ferme Al Baraka,Ferme Al Baraka,Maroc,Souss-Massa,N/A,Pamplemousses,59.28,1104.11,Bio Certifié
Marché Wholesale Agadir,Marché Wholesale Agadir,Maroc,Souss-Massa,N/A,Pommes,74.12,1333.45,Standard
Union Agricole Méditerranée,Union Agricole Méditerranée,Tunisie,Sfax,N/A,Olives de Table,73.08,3492.16,Standard
Domaine Provence Bio,Domaine Provence Bio,France,Provence,N/A,Raisins de Table,110.69,3144.44,Bio Certifié
Cooperative Grains Alliance,Cooperative Grains Alliance,USA,Kansas,N/A,Maïs,119.25,250.54,Standard
Domaine Saada,Domaine Saada,Maroc,Meknès-Fès,N/A,Orge,33.86,198.31,Premium
Rungis International,Rungis International,France,Île-de-France,N/A,Bananes,142.46,908.03,Standard
Domaine Provence Bio,Domaine Provence Bio,France,Provence,N/A,Raisins de Cuve,74.09,1585.2,Bio Certifié
Green Valley Farm,Green Valley Farm,USA,Californie,N/A,Carottes,705.15,1075.86,Premium
Domaine Saada,Domaine Saada,Maroc,Meknès-Fès,N/A,Orge,18.61,230.32,Standard
Union Agricole Méditerranée,Union Agricole Méditerranée,Tunisie,Sfax,N/A,Olives à Huile,171.79,1748.74,Premium
Fazenda Brasil,Fazenda Brasil,Brésil,São Paulo,N/A,Robusta,979.55,3264.44,Standard
Hacienda El Sol,Hacienda El Sol,Espagne,Andalousie,N/A,Olives de Table,131.2,4009.43,Premium
Domaine Provence Bio,Domaine Provence Bio,France,Provence,N/A,Raisins de Cuve,91.22,1594.46,Bio Certifié
Fazenda Brasil,Fazenda Brasil,Brésil,São Paulo,N/A,Arabica,486.66,4201.57,Standard
Domaine Provence Bio,Domaine Provence Bio,France,Provence,N/A,Raisins de Table,13.08,3834.3,Bio Certifié
Cooperative Grains Alliance,Cooperative Grains Alliance,USA,Kansas,N/A,Riz,137.75,470.53,Premium
Union Agricole Méditerranée,Union Agricole Méditerranée,Tunisie,Sfax,N/A,Olives à Huile,280.24,1736.6,Standard
Cooperative Grains Alliance,Cooperative Grains Alliance,USA,Kansas,N/A,Maïs,431.1,265.24,Standard
Fattoria Toscana,Fattoria Toscana,Italie,Toscane,N/A,Raisins de Cuve,155.51,1430.72,Bio Certifié
Fattoria Toscana,Fattoria Toscana,Italie,Toscane,N/A,Raisins de Cuve,156.03,1542.04,Premium
Rungis International,Rungis International,France,Île-de-France,N/A,Salades,151.94,1831.23,Standard
Fattoria Toscana,Fattoria Toscana,Italie,Toscane,N/A,Raisins de Table,171.39,3022.25,Premium
Union Agricole Méditerranée,Union Agricole Méditerranée,Tunisie,Sfax,N/A,Olives de Table,467.99,3323.57,Standard
Union Agricole Méditerranée,Union Agricole Méditerranée,Tunisie,Sfax,N/A,Olives à Huile,413.04,2205.21,Standard
Ferme Al Baraka,Ferme Al Baraka,Maroc,Souss-Massa,N/A,Citrons,114.15,1263.35,Bio Certifié
Mercabarna,Mercabarna,Espagne,Catalogne,N/A,Pommes,19.58,1340.54,Standard
Fazenda Brasil,Fazenda Brasil,Brésil,São Paulo,N/A,Robusta,426.48,3042.03,Premium
Domaine Saada,Domaine Saada,Maroc,Meknès-Fès,N/A,Riz,173.97,402.84,Premium
Domaine Provence Bio,Domaine Provence Bio,France,Provence,N/A,Raisins de Cuve,109.84,1779.71,Commerce Équitable
Ferme Al Baraka,Ferme Al Baraka,Maroc,Souss-Massa,N/A,Oranges,139.13,1269.83,Bio Certifié
Cooperative Grains Alliance,Cooperative Grains Alliance,USA,Kansas,N/A,Riz,148.05,471.85,Standard
Fazenda Brasil,Fazenda Brasil,Brésil,São Paulo,N/A,Arabica,138.22,4749.25,Premium
Rungis International,Rungis International,France,Île-de-France,N/A,Bananes,33.99,1094.03,Premium
Marché Wholesale Agadir,Marché Wholesale Agadir,Maroc,Souss-Massa,N/A,Pommes,70.47,1341.94,Standard
Mercabarna,Mercabarna,Espagne,Catalogne,N/A,Bananes,179.33,854.09,Standard
Green Valley Farm,Green Valley Farm,USA,Californie,N/A,Courgettes,961.87,1855.9,Bio Certifié
Coopérative Oasis,Coopérative Oasis,Maroc,Marrakech-Safi,N/A,Medjool,220.99,17339.96,Bio Certifié
Dairy Meadows,Dairy Meadows,Nouvelle-Zélande,Canterbury,N/A,Yaourt,101.21,3119.92,Bio Certifié
Dairy Meadows,Dairy Meadows,Nouvelle-Zélande,Canterbury,N/A,Yaourt,111.06,3892.3,Commerce Équitable
Green Valley Farm,Green Valley Farm,USA,Californie,N/A,Tomates,388.02,2085.17,Bio Certifié
Rungis International,Rungis International,France,Île-de-France,N/A,Salades,139.62,1889.14,Standard
Marché Wholesale Agadir,Marché Wholesale Agadir,Maroc,Souss-Massa,N/A,Bananes,136.66,885.87,Standard
Coopérative Oasis,Coopérative Oasis,Maroc,Marrakech-Safi,N/A,Medjool,442.79,16799.79,Premium
Cooperative Grains Alliance,Cooperative Grains Alliance,USA,Kansas,N/A,Blé,353.17,270.06,Standard
Rungis International,Rungis International,France,Île-de-France,N/A,Pommes,54.18,1101.37,Standard
Green Valley Farm,Green Valley Farm,USA,Californie,N/A,Pommes de terre,368.27,522.68,Premium
Fazenda Brasil,Fazenda Brasil,Brésil,São Paulo,N/A,Arabica,627.03,4559.87,Standard
Union Agricole Méditerranée,Union Agricole Méditerranée,Tunisie,Sfax,N/A,Olives de Table,469.65,3524.37,Standard
Mercabarna,Mercabarna,Espagne,Catalogne,N/A,Salades,68.48,2068.18,Premium
Domaine Provence Bio,Domaine Provence Bio,France,Provence,N/A,Raisins de Cuve,179.79,1465.62,Commerce Équitable
Coopérative Oasis,Coopérative Oasis,Maroc,Marrakech-Safi,N/A,Deglet Nour,365.78,8542.29,Bio Certifié
Hacienda El Sol,Hacienda El Sol,Espagne,Andalousie,N/A,Olives à Huile,149.15,2254.46,Premium
Fattoria Toscana,Fattoria Toscana,Italie,Toscane,N/A,Raisins de Cuve,72.96,1768.53,Bio Certifié
Fazenda Brasil,Fazenda Brasil,Brésil,São Paulo,N/A,Robusta,376.52,2883.02,Standard
Fazenda Brasil,Fazenda Brasil,Brésil,São Paulo,N/A,Robusta,626.09,3422.39,Standard
Rungis International,Rungis International,France,Île-de-France,N/A,Bananes,24.58,899.82,Standard
Ferme Al Baraka,Ferme Al Baraka,Maroc,Souss-Massa,N/A,Citrons,95.83,1338.99,Bio Certifié
Dairy Meadows,Dairy Meadows,Nouvelle-Zélande,Canterbury,N/A,Lait,88.82,541.06,Premium
Domaine Provence Bio,Domaine Provence Bio,France,Provence,N/A,Raisins de Cuve,21.67,1838.12,Commerce Équitable
Ferme Al Baraka,Ferme Al Baraka,Maroc,Souss-Massa,N/A,Mandarines,47.55,1518.98,Bio Certifié
Domaine Saada,Domaine Saada,Maroc,Meknès-Fès,N/A,Orge,174.95,206.63,Standard
Domaine Saada,Domaine Saada,Maroc,Meknès-Fès,N/A,Riz,149.53,410.69,Standard
Fazenda Brasil,Fazenda Brasil,Brésil,São Paulo,N/A,Robusta,427.28,2638.73,Standard
Domaine Provence Bio,Domaine Provence Bio,France,Provence,N/A,Raisins de Cuve,110.69,1769.91,Bio Certifié
Domaine Saada,Domaine Saada,Maroc,Meknès-Fès,N/A,Riz,66.3,401.87,Standard
Domaine Provence Bio,Domaine Provence Bio,France,Provence,N/A,Raisins de Table,25.32,3961.55,Premium
Domaine Provence Bio,Domaine Provence Bio,France,Provence,N/A,Raisins de Cuve,25.24,1668.33,Premium
Domaine Provence Bio,Domaine Provence Bio,France,Provence,N/A,Raisins de Cuve,68.32,1526.38,Premium
Union Agricole Méditerranée,Union Agricole Méditerranée,Tunisie,Sfax,N/A,Olives de Table,196.56,3388.84,Standard
Green Valley Farm,Green Valley Farm,USA,Californie,N/A,Courgettes,480.39,2090.62,Bio Certifié
Ferme Al Baraka,Ferme Al Baraka,Maroc,Souss-Massa,N/A,Mandarines,163.84,1907.07,Bio Certifié
Fattoria Toscana,Fattoria Toscana,Italie,Toscane,N/A,Raisins de Table,12.45,3213.03,Bio Certifié
Domaine Saada,Domaine Saada,Maroc,Meknès-Fès,N/A,Riz,14.58,398.22,Standard
Domaine Saada,Domaine Saada,Maroc,Meknès-Fès,N/A,Riz,152.9,504.75,Premium
Cooperative Grains Alliance,Cooperative Grains Alliance,USA,Kansas,N/A,Riz,139.74,418.2,Standard
Domaine Saada,Domaine Saada,Maroc,Meknès-Fès,N/A,Riz,187.72,445.43,Standard
Fazenda Brasil,Fazenda Brasil,Brésil,São Paulo,N/A,Arabica,962.15,4555.5,Standard
Green Valley Farm,Green Valley Farm,USA,Californie,N/A,Tomates,614.45,1901.45,Bio Certifié
Union Agricole Méditerranée,Union Agricole Méditerranée,Tunisie,Sfax,N/A,Olives de Table,285.53,3213.11,Standard
Cooperative Grains Alliance,Cooperative Grains Alliance,USA,Kansas,N/A,Maïs,114.33,300.35,Standard
Fattoria Toscana,Fattoria Toscana,Italie,Toscane,N/A,Raisins de Cuve,85.58,1685.9,Bio Certifié
Domaine Provence Bio,Domaine Provence Bio,France,Provence,N/A,Raisins de Table,106.08,3040.14,Bio Certifié
Green Valley Farm,Green Valley Farm,USA,Californie,N/A,Tomates,602.09,2389.67,Bio Certifié
Domaine Saada,Domaine Saada,Maroc,Meknès-Fès,N/A,Blé,181.53,251.87,Standard
Cooperative Grains Alliance,Cooperative Grains Alliance,USA,Kansas,N/A,Riz,428.97,422.54,Standard
Coopérative Oasis,Coopérative Oasis,Maroc,Marrakech-Safi,N/A,Medjool,408.42,18094.06,Premium
Coopérative Oasis,Coopérative Oasis,Maroc,Marrakech-Safi,N/A,Medjool,495.28,17728.94,Commerce Équitable
Mercabarna,Mercabarna,Espagne,Catalogne,N/A,Tomates,27.32,1403.66,Standard
Marché Wholesale Agadir,Marché Wholesale Agadir,Maroc,Souss-Massa,N/A,Bananes,72.92,1079.79,Standard
Marché Wholesale Agadir,Marché Wholesale Agadir,Maroc,Souss-Massa,N/A,Tomates,14.22,1719.84,Standard
Dairy Meadows,Dairy Meadows,Nouvelle-Zélande,Canterbury,N/A,Fromage,148.44,10579.62,Bio Certifié
Hacienda El Sol,Hacienda El Sol,Espagne,Andalousie,N/A,Olives de Table,19.69,3623.41,Standard
Fazenda Brasil,Fazenda Brasil,Brésil,São Paulo,N/A,Arabica,527.58,5070.29,Standard
Coopérative Oasis,Coopérative Oasis,Maroc,Marrakech-Safi,N/A,Medjool,402.09,19282.27,Bio Certifié
Mercabarna,Mercabarna,Espagne,Catalogne,N/A,Pommes,148.75,1196.35,Standard
Fazenda Brasil,Fazenda Brasil,Brésil,São Paulo,N/A,Robusta,262.8,3269.24,Standard
Marché Wholesale Agadir,Marché Wholesale Agadir,Maroc,Souss-Massa,N/A,Salades,119.89,2199.57,Premium
Mercabarna,Mercabarna,Espagne,Catalogne,N/A,Tomates,191.87,1675.56,Standard
Rungis International,Rungis International,France,Île-de-France,N/A,Pommes,108.73,1378.75,Standard
Marché Wholesale Agadir,Marché Wholesale Agadir,Maroc,Souss-Massa,N/A,Tomates,35.27,1346.43,Premium
Union Agricole Méditerranée,Union Agricole Méditerranée,Tunisie,Sfax,N/A,Olives à Huile,107.41,1945.45,Standard
Fazenda Brasil,Fazenda Brasil,Brésil,São Paulo,N/A,Arabica,730.65,4620.18,Premium
Fazenda Brasil,Fazenda Brasil,Brésil,São Paulo,N/A,Arabica,245.31,4461.85,Standard
Marché Wholesale Agadir,Marché Wholesale Agadir,Maroc,Souss-Massa,N/A,Pommes,23.14,1317.9,Standard
Domaine Provence Bio,Domaine Provence Bio,France,Provence,N/A,Raisins de Table,59.62,3704.7,Bio Certifié
Union Agricole Méditerranée,Union Agricole Méditerranée,Tunisie,Sfax,N/A,Olives à Huile,324.55,1992.91,Standard
Fattoria Toscana,Fattoria Toscana,Italie,Toscane,N/A,Raisins de Table,21.58,3703.72,Bio Certifié
Domaine Saada,Domaine Saada,Maroc,Meknès-Fès,N/A,Blé,104.29,233.92,Premium
Cooperative Grains Alliance,Cooperative Grains Alliance,USA,Kansas,N/A,Orge,97.1,195.49,Standard
Dairy Meadows,Dairy Meadows,Nouvelle-Zélande,Canterbury,N/A,Yaourt,128.88,3553.06,Bio Certifié
Green Valley Farm,Green Valley Farm,USA,Californie,N/A,Tomates,276.66,1799.22,Premium
Domaine Saada,Domaine Saada,Maroc,Meknès-Fès,N/A,Blé,70.05,259.52,Premium
Fattoria Toscana,Fattoria Toscana,Italie,Toscane,N/A,Raisins de Table,58.59,3318.79,Bio Certifié
Dairy Meadows,Dairy Meadows,Nouvelle-Zélande,Canterbury,N/A,Yaourt,83.1,3432.79,Bio Certifié
Union Agricole Méditerranée,Union Agricole Méditerranée,Tunisie,Sfax,N/A,Olives à Huile,326.94,1748.94,Standard
Union Agricole Méditerranée,Union Agricole Méditerranée,Tunisie,Sfax,N/A,Olives à Huile,371.7,2047.39,Standard
Coopérative Oasis,Coopérative Oasis,Maroc,Marrakech-Safi,N/A,Medjool,56.24,17552.87,Premium
Union Agricole Méditerranée,Union Agricole Méditerranée,Tunisie,Sfax,N/A,Olives à Huile,169.7,1899.67,Standard
Fazenda Brasil,Fazenda Brasil,Brésil,São Paulo,N/A,Arabica,608.13,4720.09,Standard
Domaine Provence Bio,Domaine Provence Bio,France,Provence,N/A,Raisins de Cuve,149.82,1533.03,Bio Certifié
Mercabarna,Mercabarna,Espagne,Catalogne,N/A,Salades,180.5,1853.71,Standard
Union Agricole Méditerranée,Union Agricole Méditerranée,Tunisie,Sfax,N/A,Olives de Table,144.26,3412.08,Standard
Dairy Meadows,Dairy Meadows,Nouvelle-Zélande,Canterbury,N/A,Lait,154.4,528.52,Bio Certifié
Fazenda Brasil,Fazenda Brasil,Brésil,São Paulo,N/A,Arabica,373.05,4880.55,Premium
Domaine Saada,Domaine Saada,Maroc,Meknès-Fès,N/A,Riz,84.78,400.15,Standard
Union Agricole Méditerranée,Union Agricole Méditerranée,Tunisie,Sfax,N/A,Olives de Table,334.41,3737.42,Standard
Domaine Saada,Domaine Saada,Maroc,Meknès-Fès,N/A,Maïs,132.59,300.6,Standard
Marché Wholesale Agadir,Marché Wholesale Agadir,Maroc,Souss-Massa,N/A,Bananes,109.45,1126.45,Premium
Domaine Provence Bio,Domaine Provence Bio,France,Provence,N/A,Raisins de Table,152.74,3916.85,Premium
Green Valley Farm,Green Valley Farm,USA,Californie,N/A,Carottes,439.01,932.74,Bio Certifié
Dairy Meadows,Dairy Meadows,Nouvelle-Zélande,Canterbury,N/A,Yaourt,57.22,3307.79,Premium
Ferme Al Baraka,Ferme Al Baraka,Maroc,Souss-Massa,N/A,Citrons,185.98,1555.95,Premium
Coopérative Oasis,Coopérative Oasis,Maroc,Marrakech-Safi,N/A,Deglet Nour,360.65,9521.46,Premium
Fazenda Brasil,Fazenda Brasil,Brésil,São Paulo,N/A,Arabica,702.42,4137.23,Standard
Domaine Saada,Domaine Saada,Maroc,Meknès-Fès,N/A,Riz,162.46,498.79,Standard
Hacienda El Sol,Hacienda El Sol,Espagne,Andalousie,N/A,Olives à Huile,135.84,2151.1,Premium
Fattoria Toscana,Fattoria Toscana,Italie,Toscane,N/A,Raisins de Table,162.62,4010.89,Bio Certifié
Domaine Provence Bio,Domaine Provence Bio,France,Provence,N/A,Raisins de Table,175.88,3152.3,Bio Certifié
Ferme Al Baraka,Ferme Al Baraka,Maroc,Souss-Massa,N/A,Citrons,51.37,1227.02,Bio Certifié
Cooperative Grains Alliance,Cooperative Grains Alliance,USA,Kansas,N/A,Orge,297.01,199.49,Premium
Cooperative Grains Alliance,Cooperative Grains Alliance,USA,Kansas,N/A,Maïs,264.74,304.62,Premium
Domaine Provence Bio,Domaine Provence Bio,France,Provence,N/A,Raisins de Table,30.03,3855.8,Premium
Rungis International,Rungis International,France,Île-de-France,N/A,Bananes,36.98,941.27,Standard
Domaine Saada,Domaine Saada,Maroc,Meknès-Fès,N/A,Orge,178.41,190.11,Premium
Domaine Provence Bio,Domaine Provence Bio,France,Provence,N/A,Raisins de Table,61.41,3236.23,Commerce Équitable
Domaine Saada,Domaine Saada,Maroc,Meknès-Fès,N/A,Riz,195.74,461.15,Premium
Ferme Al Baraka,Ferme Al Baraka,Maroc,Souss-Massa,N/A,Oranges,195.4,1076.03,Bio Certifié
Rungis International,Rungis International,France,Île-de-France,N/A,Pommes,41.82,1186.53,Standard
Coopérative Oasis,Coopérative Oasis,Maroc,Marrakech-Safi,N/A,Deglet Nour,78.41,8139.82,Bio Certifié
Mercabarna,Mercabarna,Espagne,Catalogne,N/A,Tomates,123.12,1461.82,Standard
Fattoria Toscana,Fattoria Toscana,Italie,Toscane,N/A,Raisins de Table,180.06,3870.9,Premium
Ferme Al Baraka,Ferme Al Baraka,Maroc,Souss-Massa,N/A,Pamplemousses,58.76,1355.3,Bio Certifié
Mercabarna,Mercabarna,Espagne,Catalogne,N/A,Pommes,69.2,1324.44,Standard
Coopérative Oasis,Coopérative Oasis,Maroc,Marrakech-Safi,N/A,Medjool,141.91,16390.22,Bio Certifié
Cooperative Grains Alliance,Cooperative Grains Alliance,USA,Kansas,N/A,Riz,280.84,420.49,Premium
Fattoria Toscana,Fattoria Toscana,Italie,Toscane,N/A,Raisins de Table,22.84,3735.23,Commerce Équitable
Ferme Al Baraka,Ferme Al Baraka,Maroc,Souss-Massa,N/A,Pamplemousses,68.46,1162.54,Bio Certifié
Ferme Al Baraka,Ferme Al Baraka,Maroc,Souss-Massa,N/A,Pamplemousses,54.55,1354.27,Commerce Équitable
Domaine Saada,Domaine Saada,Maroc,Meknès-Fès,N/A,Maïs,152.55,261.06,Standard
Fattoria Toscana,Fattoria Toscana,Italie,Toscane,N/A,Raisins de Table,150.43,3695.84,Premium
Domaine Saada,Domaine Saada,Maroc,Meknès-Fès,N/A,Maïs,137.6,240.66,Standard
Green Valley Farm,Green Valley Farm,USA,Californie,N/A,Pommes de terre,988.21,602.77,Bio Certifié
Domaine Provence Bio,Domaine Provence Bio,France,Provence,N/A,Raisins de Cuve,85.74,1862.91,Bio Certifié
