id,nom_personne,operateur_telephonique,forfait_abonnement
ABN00000001,Robert Laurent,Vodafone,Vodafone Red
ABN00000002,Michel Miller,Inwi,Inwi Unlimited
ABN00000003,Ali Lazrak,Vodafone,Vodafone Red
ABN00000004,Jessica Davis,Vodafone,Vodafone Red
ABN00000005,Sophie Benali,Vodafone,Vodafone Unlimited
ABN00000006,Chloé Garcia,Orange Maroc,Orange Pro
ABN00000007,Michel Smith,Free Mobile,Free 2€
ABN00000008,David Moreau,Inwi,Inwi Unlimited
ABN00000009,Ahmed Jones,Inwi,Inwi Unlimited
ABN00000010,Michel Ouazzani,Bouygues Telecom,Sensation
ABN00000011,Khadija Durand,Orange Maroc,Orange 80 Go
ABN00000012,Omar Leroy,SFR,SFR Power
ABN00000013,Julie Simon,Bouygues Telecom,Sensation
ABN00000014,Zineb Williams,Maroc Telecom,Forfait Entreprise
ABN00000015,Lisa Idrissi,Orange Maroc,Orange 80 Go
ABN00000016,Aïcha Idrissi,Free Mobile,Free 2€
ABN00000017,Marie Leroy,Orange Maroc,Orange 80 Go
ABN00000018,Jessica El Fassi,Vodafone,Vodafone Unlimited
ABN00000019,Laurent Davis,SFR,SFR Power
ABN00000020,Marie Petit,T-Mobile,Magenta Max
ABN00000021,Nicolas Filali,Maroc Telecom,Jawal 50 Go
ABN00000022,Hassan Ouazzani,Vodafone,Vodafone Red
ABN00000023,Zineb Petit,Inwi,Inwi 30 Go
ABN00000024,Zineb Williams,Inwi,Inwi 30 Go
ABN00000025,Youssef Miller,T-Mobile,Magenta Max
ABN00000026,Hassan Ouazzani,Vodafone,Vodafone Unlimited
ABN00000027,Emily Smith,Bouygues Telecom,B&YOU 100 Go
ABN00000028,Camille Jones,Inwi,Inwi 60 Go
ABN00000029,Thomas Williams,Maroc Telecom,Jawal Illimité
ABN00000030,James El Fassi,Inwi,Inwi 30 Go
ABN00000031,Youssef Leroy,Bouygues Telecom,B&YOU 100 Go
ABN00000032,Leila Miller,T-Mobile,Magenta
ABN00000033,Mehdi Leroy,Inwi,Inwi Unlimited
ABN00000034,Sarah Miller,Maroc Telecom,Forfait Entreprise
ABN00000035,Sarah Idrissi,SFR,SFR 80 Go
ABN00000036,Robert Filali,Orange France,Orange 5G 100 Go
ABN00000037,Sarah Sefrioui,Inwi,Inwi 60 Go
ABN00000038,Léa Benali,T-Mobile,Magenta
ABN00000039,Aïcha Simon,Orange France,Orange 5G Unlimited
ABN00000040,Ali Simon,T-Mobile,Magenta
ABN00000041,John Alaoui,T-Mobile,Magenta
ABN00000042,Karim El Amrani,Bouygues Telecom,Sensation
ABN00000043,Zineb Moreau,T-Mobile,Magenta Max
ABN00000044,James Smith,Inwi,Inwi 60 Go
ABN00000045,Camille Filali,Free Mobile,Free 5G
ABN00000046,Sarah Petit,T-Mobile,Magenta Max
ABN00000047,Nora Miller,Orange Maroc,Orange Max
ABN00000048,James Dupont,Maroc Telecom,Jawal 100 Go
ABN00000049,Fatima Simon,Free Mobile,Free 2€
ABN00000050,James Garcia,Maroc Telecom,Jawal 50 Go
ABN00000051,Pierre Benali,SFR,SFR Power
ABN00000052,Emma Garcia,Free Mobile,Free 5G
ABN00000053,Khadija Lazrak,Vodafone,Vodafone Red
ABN00000054,Jean Garcia,Vodafone,Vodafone Red
ABN00000055,Emily Benjelloun,Free Mobile,Free 2€
ABN00000056,Sofia Smith,T-Mobile,Magenta Max
ABN00000057,Aïcha Kettani,Inwi,Inwi Unlimited
ABN00000058,Jessica Bernard,Inwi,Inwi Unlimited
ABN00000059,Pierre Dubois,Bouygues Telecom,Sensation
ABN00000060,John Davis,Bouygues Telecom,Sensation
ABN00000061,Lisa Alaoui,T-Mobile,Magenta
ABN00000062,Laurent Michel,Inwi,Inwi Unlimited
ABN00000063,Sofia Leroy,T-Mobile,Magenta Max
ABN00000064,Fatima Alaoui,SFR,SFR 80 Go
ABN00000065,Sarah Ouazzani,T-Mobile,Magenta
ABN00000066,Pierre Kettani,Inwi,Inwi 60 Go
ABN00000067,John Petit,Orange France,Orange 5G 100 Go
ABN00000068,Zineb Brown,Free Mobile,Free 5G
ABN00000069,Julie Williams,T-Mobile,Magenta
ABN00000070,David Laurent,Orange Maroc,Orange Pro
ABN00000071,Marie Benali,Free Mobile,Free 2€
ABN00000072,Sofia Brown,Maroc Telecom,Forfait Entreprise
ABN00000073,John El Fassi,SFR,SFR Power
ABN00000074,Julie Fassi,Bouygues Telecom,B&YOU 100 Go
ABN00000075,Jean Smith,Inwi,Inwi 60 Go
ABN00000076,Sophie Lefebvre,Free Mobile,Free 5G
ABN00000077,Zineb Moreau,Orange Maroc,Orange 40 Go
ABN00000078,Chloé Smith,Maroc Telecom,Jawal 50 Go
ABN00000079,Pierre Idrissi,Inwi,Inwi 30 Go
ABN00000080,Jean Simon,SFR,SFR Power
ABN00000081,Michael Jones,Vodafone,Vodafone Red
ABN00000082,Alexandre Williams,Maroc Telecom,Forfait Entreprise
ABN00000083,Michel Garcia,Bouygues Telecom,B&YOU 100 Go
ABN00000084,Ahmed Martin,T-Mobile,Magenta Max
ABN00000085,Alexandre El Amrani,Vodafone,Vodafone Unlimited
ABN00000086,Camille Garcia,Free Mobile,Free 2€
ABN00000087,Fatima Moreau,Orange Maroc,Orange 80 Go
ABN00000088,Jean Davis,Maroc Telecom,Jawal 50 Go
ABN00000089,Robert Laurent,Bouygues Telecom,Sensation
ABN00000090,Michael Durand,Vodafone,Vodafone Red
ABN00000091,Hassan Brown,Orange France,Orange 5G 100 Go
ABN00000092,Zineb Kettani,Inwi,Inwi Unlimited
ABN00000093,Mehdi Simon,Orange Maroc,Orange 80 Go
ABN00000094,Sarah Richard,Free Mobile,Free 2€
ABN00000095,David Robert,Free Mobile,Free 2€
ABN00000096,Aïcha Filali,Free Mobile,Free 2€
ABN00000097,James Smith,Vodafone,Vodafone Red
ABN00000098,Youssef Miller,Orange France,Orange 5G Unlimited
ABN00000099,Sarah Lefebvre,Inwi,Inwi Unlimited
ABN00000100,Lisa Kettani,Orange Maroc,Orange Pro
ABN00000101,Chloé Bernard,Maroc Telecom,Forfait Entreprise
ABN00000102,Pierre Simon,Bouygues Telecom,Sensation
ABN00000103,James Leroy,SFR,SFR Power
ABN00000104,Laurent Ouazzani,SFR,SFR 80 Go
ABN00000105,Mohammed Johnson,Free Mobile,Free 5G
ABN00000106,David Davis,SFR,SFR 80 Go
ABN00000107,Sofia Miller,SFR,SFR Power
ABN00000108,Nicolas El Amrani,Inwi,Inwi 30 Go
ABN00000109,Sophie Laurent,SFR,SFR 80 Go
ABN00000110,Chloé Tazi,SFR,SFR 80 Go
ABN00000111,Jessica Smith,SFR,SFR 80 Go
ABN00000112,Salma Tazi,Orange France,Orange 5G Unlimited
ABN00000113,Alexandre Bennani,Inwi,Inwi 60 Go
ABN00000114,Sarah Alaoui,Vodafone,Vodafone Red
ABN00000115,Khadija Kettani,Vodafone,Vodafone Unlimited
ABN00000116,Fatima Simon,Orange France,Orange 5G Unlimited
ABN00000117,Nora Williams,Maroc Telecom,Jawal 50 Go
ABN00000118,James Chraibi,Inwi,Inwi 30 Go
ABN00000119,John Davis,Orange Maroc,Orange 40 Go
ABN00000120,Michael Richard,Maroc Telecom,Jawal 100 Go
ABN00000121,Zineb Laurent,Orange Maroc,Orange Max
ABN00000122,Hassan Idrissi,SFR,SFR Power
ABN00000123,Ali Laurent,Vodafone,Vodafone Unlimited
ABN00000124,David Thomas,T-Mobile,Magenta Max
ABN00000125,Salma Jones,T-Mobile,Magenta Max
ABN00000126,Michael Williams,Orange France,Orange 5G Unlimited
ABN00000127,Robert Garcia,Vodafone,Vodafone Red
ABN00000128,Sarah Jones,Maroc Telecom,Jawal Illimité
ABN00000129,Karim Richard,T-Mobile,Magenta
ABN00000130,Chloé Dupont,Maroc Telecom,Jawal 100 Go
ABN00000131,Julie Durand,Free Mobile,Free 2€
ABN00000132,Pierre Brown,T-Mobile,Magenta
ABN00000133,Nora Ouazzani,Bouygues Telecom,Sensation
ABN00000134,Leila Michel,Orange France,Orange 5G 100 Go
ABN00000135,Sofia Tazi,Inwi,Inwi 30 Go
ABN00000136,Michel Brown,SFR,SFR 80 Go
ABN00000137,Sofia Miller,SFR,SFR Power
ABN00000138,Robert El Fassi,SFR,SFR 80 Go
ABN00000139,Laurent Laurent,Orange Maroc,Orange Max
ABN00000140,Nora Ouazzani,Maroc Telecom,Jawal 50 Go
ABN00000141,Ashley Sefrioui,Vodafone,Vodafone Unlimited
ABN00000142,Omar Moreau,Orange Maroc,Orange 40 Go
ABN00000143,Nicolas Jones,Free Mobile,Free 2€
ABN00000144,Zineb Alaoui,Free Mobile,Free 5G
ABN00000145,Jean Sefrioui,T-Mobile,Magenta
ABN00000146,Khadija Brown,Free Mobile,Free 5G
ABN00000147,Alexandre Bernard,Free Mobile,Free 2€
ABN00000148,Thomas Bennani,Inwi,Inwi Unlimited
ABN00000149,Ahmed Berrada,Orange Maroc,Orange Pro
ABN00000150,Julie Simon,Vodafone,Vodafone Red
ABN00000151,Robert Alaoui,Inwi,Inwi 30 Go
ABN00000152,Léa Durand,Vodafone,Vodafone Red
ABN00000153,Ashley Benjelloun,SFR,SFR Power
ABN00000154,Michel Lazrak,SFR,SFR Power
ABN00000155,Michael Bernard,Orange France,Orange 5G 100 Go
ABN00000156,Marie El Fassi,Maroc Telecom,Jawal 50 Go
ABN00000157,Ahmed Kettani,Bouygues Telecom,B&YOU 100 Go
ABN00000158,Ali Chraibi,Vodafone,Vodafone Unlimited
ABN00000159,Nora Petit,SFR,SFR Power
ABN00000160,Léa Brown,Vodafone,Vodafone Unlimited
ABN00000161,Léa Simon,SFR,SFR 80 Go
ABN00000162,Jessica Moreau,Free Mobile,Free 2€
ABN00000163,Jean Ouazzani,Maroc Telecom,Jawal 50 Go
ABN00000164,Julie Berrada,Inwi,Inwi 30 Go
ABN00000165,Aïcha Martin,Inwi,Inwi 30 Go
ABN00000166,David Benali,Vodafone,Vodafone Unlimited
ABN00000167,Youssef Smith,Free Mobile,Free 2€
ABN00000168,Marie Garcia,Maroc Telecom,Jawal Illimité
ABN00000169,Michel Leroy,T-Mobile,Magenta Max
ABN00000170,Thomas Berrada,Maroc Telecom,Jawal 100 Go
ABN00000171,Michael Alaoui,SFR,SFR Power
ABN00000172,Aïcha Simon,Maroc Telecom,Jawal 50 Go
ABN00000173,Alexandre Tazi,Free Mobile,Free 2€
ABN00000174,Laurent Jones,SFR,SFR 80 Go
ABN00000175,Salma Bennani,Inwi,Inwi 30 Go
ABN00000176,Michel El Fassi,T-Mobile,Magenta Max
ABN00000177,Mohammed Berrada,Orange France,Orange 5G Unlimited
ABN00000178,Mohammed Davis,Orange Maroc,Orange Pro
ABN00000179,Alexandre Fassi,Bouygues Telecom,Sensation
ABN00000180,Emily El Amrani,Orange Maroc,Orange Pro
ABN00000181,Mohammed Tazi,T-Mobile,Magenta
ABN00000182,Laurent Filali,SFR,SFR 80 Go
ABN00000183,Leila Benali,Inwi,Inwi Unlimited
ABN00000184,Ashley Johnson,Free Mobile,Free 5G
ABN00000185,Emily Martin,Inwi,Inwi Unlimited
ABN00000186,Emily Garcia,Maroc Telecom,Forfait Entreprise
ABN00000187,Mehdi Lefebvre,Bouygues Telecom,Sensation
ABN00000188,Jean Tazi,Orange France,Orange 5G Unlimited
ABN00000189,Jean Bennani,Maroc Telecom,Forfait Entreprise
ABN00000190,Julie Petit,SFR,SFR Power
ABN00000191,Aïcha Benali,Inwi,Inwi Unlimited
ABN00000192,Laurent Kettani,Free Mobile,Free 5G
ABN00000193,Zineb Idrissi,Vodafone,Vodafone Unlimited
ABN00000194,David El Amrani,Inwi,Inwi Unlimited
ABN00000195,Nicolas Garcia,Orange Maroc,Orange 40 Go
ABN00000196,Pierre Thomas,SFR,SFR Power
ABN00000197,Léa Robert,SFR,SFR Power
ABN00000198,Mohammed Tazi,T-Mobile,Magenta Max
ABN00000199,Emma Johnson,Maroc Telecom,Jawal 100 Go
ABN00000200,Emma Moreau,T-Mobile,Magenta Max
ABN00000201,Sophie Lefebvre,Maroc Telecom,Jawal 100 Go
ABN00000202,Jessica Alaoui,Vodafone,Vodafone Red
ABN00000203,Michael Filali,Vodafone,Vodafone Unlimited
ABN00000204,Leila Leroy,Bouygues Telecom,Sensation
ABN00000205,Camille Benali,Vodafone,Vodafone Red
ABN00000206,Hassan El Amrani,Bouygues Telecom,Sensation
ABN00000207,Marie Garcia,Inwi,Inwi Unlimited
ABN00000208,Mehdi Durand,Bouygues Telecom,B&YOU 100 Go
ABN00000209,Léa Bennani,Bouygues Telecom,B&YOU 100 Go
ABN00000210,Jean Miller,Free Mobile,Free 5G
ABN00000211,David Dupont,Orange France,Orange 5G 100 Go
ABN00000212,Khadija Bennani,Inwi,Inwi 30 Go
ABN00000213,Marie Brown,Free Mobile,Free 5G
ABN00000214,Zineb Davis,Maroc Telecom,Forfait Entreprise
ABN00000215,Pierre Jones,Free Mobile,Free 5G
ABN00000216,Emma Johnson,Vodafone,Vodafone Red
ABN00000217,Aïcha Jones,T-Mobile,Magenta
ABN00000218,Sophie Thomas,Free Mobile,Free 5G
ABN00000219,Khadija Lefebvre,Vodafone,Vodafone Red
ABN00000220,Omar El Amrani,Inwi,Inwi Unlimited
ABN00000221,Lisa Jones,Orange France,Orange 5G Unlimited
ABN00000222,Alexandre Benjelloun,Orange Maroc,Orange Pro
ABN00000223,Léa Lazrak,Orange France,Orange 5G 100 Go
ABN00000224,Aïcha Lefebvre,Vodafone,Vodafone Unlimited
ABN00000225,Fatima Filali,Vodafone,Vodafone Unlimited
ABN00000226,Youssef Benjelloun,Free Mobile,Free 5G
ABN00000227,Pierre Dubois,Maroc Telecom,Forfait Entreprise
ABN00000228,Nora Alaoui,Free Mobile,Free 2€
ABN00000229,Ali Brown,Inwi,Inwi 30 Go
ABN00000230,Aïcha Bennani,SFR,SFR 80 Go
ABN00000231,Salma Benali,Vodafone,Vodafone Unlimited
ABN00000232,Julie Alaoui,SFR,SFR 80 Go
ABN00000233,Jean Ouazzani,Vodafone,Vodafone Unlimited
ABN00000234,Michael Lefebvre,Maroc Telecom,Jawal 50 Go
ABN00000235,Leila Lazrak,T-Mobile,Magenta Max
ABN00000236,Nora Williams,Inwi,Inwi 30 Go
ABN00000237,Lisa Robert,Vodafone,Vodafone Red
ABN00000238,James El Fassi,Inwi,Inwi 30 Go
ABN00000239,James Tazi,Inwi,Inwi Unlimited
ABN00000240,Leila Leroy,Orange France,Orange 5G 100 Go
ABN00000241,David Martin,Vodafone,Vodafone Unlimited
ABN00000242,Robert Davis,Inwi,Inwi 30 Go
ABN00000243,Ashley Smith,Bouygues Telecom,B&YOU 100 Go
ABN00000244,Mehdi Smith,T-Mobile,Magenta
ABN00000245,John Benali,SFR,SFR Power
ABN00000246,Lisa Miller,Inwi,Inwi 60 Go
ABN00000247,Aïcha El Amrani,Bouygues Telecom,B&YOU 100 Go
ABN00000248,Zineb Filali,Maroc Telecom,Forfait Entreprise
ABN00000249,Chloé Miller,Orange France,Orange 5G 100 Go
ABN00000250,Ashley Smith,SFR,SFR 80 Go
ABN00000251,John Idrissi,Free Mobile,Free 5G
ABN00000252,Salma Tazi,Maroc Telecom,Jawal 100 Go
ABN00000253,Ashley Berrada,Orange France,Orange 5G 100 Go
ABN00000254,Camille Filali,Vodafone,Vodafone Red
ABN00000255,Nicolas Idrissi,Orange Maroc,Orange Max
ABN00000256,Alexandre Brown,Orange France,Orange 5G Unlimited
ABN00000257,Thomas Tazi,Orange France,Orange 5G 100 Go
ABN00000258,Salma Davis,Free Mobile,Free 5G
ABN00000259,Zineb Richard,Vodafone,Vodafone Unlimited
ABN00000260,Marie Durand,Maroc Telecom,Jawal Illimité
ABN00000261,Lisa Chraibi,Orange France,Orange 5G Unlimited
ABN00000262,Khadija Tazi,Vodafone,Vodafone Red
ABN00000263,Zineb Simon,T-Mobile,Magenta Max
ABN00000264,Nicolas El Fassi,Vodafone,Vodafone Red
ABN00000265,Sophie Lazrak,Bouygues Telecom,B&YOU 100 Go
ABN00000266,James Thomas,Orange France,Orange 5G Unlimited
ABN00000267,Laurent Alaoui,Free Mobile,Free 2€
ABN00000268,Lisa Filali,SFR,SFR 80 Go
ABN00000269,Omar Ouazzani,Orange France,Orange 5G 100 Go
ABN00000270,Emma Williams,Orange France,Orange 5G 100 Go
ABN00000271,Emma Lazrak,Free Mobile,Free 5G
ABN00000272,Hassan Martin,Orange Maroc,Orange Max
ABN00000273,Jean Petit,T-Mobile,Magenta
ABN00000274,Aïcha Petit,Maroc Telecom,Jawal 50 Go
ABN00000275,Nicolas Robert,Orange Maroc,Orange 40 Go
ABN00000276,Hassan Dupont,Orange France,Orange 5G 100 Go
ABN00000277,Julie Robert,Vodafone,Vodafone Red
ABN00000278,Hassan Alaoui,Bouygues Telecom,B&YOU 100 Go
ABN00000279,Pierre Garcia,Maroc Telecom,Jawal 50 Go
ABN00000280,Nicolas Lefebvre,Vodafone,Vodafone Red
ABN00000281,Marie Alaoui,Inwi,Inwi Unlimited
ABN00000282,Fatima Simon,Maroc Telecom,Jawal 100 Go
ABN00000283,Chloé Garcia,Inwi,Inwi Unlimited
ABN00000284,Khadija Alaoui,Vodafone,Vodafone Red
ABN00000285,Robert El Amrani,Inwi,Inwi 60 Go
ABN00000286,Emily Smith,Bouygues Telecom,B&YOU 100 Go
ABN00000287,Léa Garcia,Orange Maroc,Orange Max
ABN00000288,Nicolas Fassi,Maroc Telecom,Jawal 50 Go
ABN00000289,Ahmed Petit,Bouygues Telecom,B&YOU 100 Go
ABN00000290,Zineb Jones,Inwi,Inwi Unlimited
ABN00000291,John Simon,Vodafone,Vodafone Unlimited
ABN00000292,Michael Garcia,Vodafone,Vodafone Unlimited
ABN00000293,Sarah Kettani,Orange France,Orange 5G Unlimited
ABN00000294,James Thomas,Bouygues Telecom,Sensation
ABN00000295,Marie Sefrioui,Bouygues Telecom,B&YOU 100 Go
ABN00000296,Laurent Thomas,Inwi,Inwi 30 Go
ABN00000297,Pierre Brown,Orange Maroc,Orange 80 Go
ABN00000298,Mohammed Tazi,Orange France,Orange 5G 100 Go
ABN00000299,Fatima El Amrani,Bouygues Telecom,B&YOU 100 Go
ABN00000300,Nora Dubois,SFR,SFR 80 Go
ABN00000301,Ashley Lefebvre,T-Mobile,Magenta Max
ABN00000302,Michael Robert,Vodafone,Vodafone Red
ABN00000303,Salma Lefebvre,Vodafone,Vodafone Red
ABN00000304,Laurent Garcia,Maroc Telecom,Jawal 100 Go
ABN00000305,Jean El Fassi,T-Mobile,Magenta Max
ABN00000306,Fatima Durand,Bouygues Telecom,B&YOU 100 Go
ABN00000307,Sophie Idrissi,Orange Maroc,Orange Max
ABN00000308,James Lazrak,Free Mobile,Free 5G
ABN00000309,Michel Brown,T-Mobile,Magenta Max
ABN00000310,Emily Dupont,SFR,SFR 80 Go
ABN00000311,Ashley Chraibi,Bouygues Telecom,B&YOU 100 Go
ABN00000312,Sophie Thomas,T-Mobile,Magenta
ABN00000313,Aïcha Moreau,Vodafone,Vodafone Unlimited
ABN00000314,Nora Sefrioui,Maroc Telecom,Jawal 100 Go
ABN00000315,Michel Simon,Orange Maroc,Orange Pro
ABN00000316,Mohammed Brown,Inwi,Inwi 60 Go
ABN00000317,Nicolas Thomas,Vodafone,Vodafone Red
ABN00000318,Jessica Miller,Vodafone,Vodafone Red
ABN00000319,Emily Petit,Free Mobile,Free 5G
ABN00000320,Youssef Smith,Orange France,Orange 5G 100 Go
ABN00000321,Julie Bernard,Inwi,Inwi Unlimited
ABN00000322,Jean Johnson,T-Mobile,Magenta Max
ABN00000323,Fatima Ouazzani,T-Mobile,Magenta Max
ABN00000324,Jean Alaoui,T-Mobile,Magenta
ABN00000325,Lisa Durand,Bouygues Telecom,B&YOU 100 Go
ABN00000326,Ahmed Jones,Inwi,Inwi 60 Go
ABN00000327,Ashley Johnson,Inwi,Inwi 30 Go
ABN00000328,Jean Bennani,T-Mobile,Magenta
ABN00000329,Nora Kettani,Vodafone,Vodafone Red
ABN00000330,Zineb Michel,SFR,SFR 80 Go
ABN00000331,Laurent Jones,Free Mobile,Free 5G
ABN00000332,Aïcha Fassi,T-Mobile,Magenta Max
ABN00000333,David Chraibi,T-Mobile,Magenta
ABN00000334,Emma Garcia,Bouygues Telecom,B&YOU 100 Go
ABN00000335,Laurent Leroy,SFR,SFR Power
ABN00000336,Hassan El Fassi,SFR,SFR 80 Go
ABN00000337,Omar Fassi,Orange Maroc,Orange Max
ABN00000338,Laurent Laurent,Orange Maroc,Orange Max
ABN00000339,Chloé Miller,Inwi,Inwi 60 Go
ABN00000340,Robert Dupont,Vodafone,Vodafone Red
ABN00000341,Emily El Amrani,SFR,SFR 80 Go
ABN00000342,Lisa Leroy,Bouygues Telecom,B&YOU 100 Go
ABN00000343,Robert Filali,Vodafone,Vodafone Red
ABN00000344,Khadija Laurent,Free Mobile,Free 2€
ABN00000345,Karim Martin,Maroc Telecom,Forfait Entreprise
ABN00000346,Fatima Williams,Orange Maroc,Orange 80 Go
ABN00000347,Karim Berrada,Orange Maroc,Orange Pro
ABN00000348,Sarah Williams,Bouygues Telecom,Sensation
ABN00000349,Nicolas Laurent,SFR,SFR Power
ABN00000350,Sofia Bennani,T-Mobile,Magenta
ABN00000351,Robert Dubois,SFR,SFR 80 Go
ABN00000352,Chloé El Amrani,Vodafone,Vodafone Unlimited
ABN00000353,Khadija Martin,SFR,SFR 80 Go
ABN00000354,Mohammed Filali,T-Mobile,Magenta
ABN00000355,Camille Idrissi,SFR,SFR 80 Go
ABN00000356,James Benjelloun,Bouygues Telecom,Sensation
ABN00000357,Camille Lazrak,Orange Maroc,Orange 40 Go
ABN00000358,Hassan Idrissi,Vodafone,Vodafone Unlimited
ABN00000359,Nicolas Bennani,Orange Maroc,Orange 40 Go
ABN00000360,Emma El Amrani,Vodafone,Vodafone Unlimited
ABN00000361,Youssef Tazi,Free Mobile,Free 2€
ABN00000362,Laurent Ouazzani,Inwi,Inwi 60 Go
ABN00000363,Michael Martin,Maroc Telecom,Forfait Entreprise
ABN00000364,Ahmed Garcia,Inwi,Inwi 60 Go
ABN00000365,Karim Durand,T-Mobile,Magenta Max
ABN00000366,Leila Jones,Orange Maroc,Orange Max
ABN00000367,Ahmed Simon,T-Mobile,Magenta
ABN00000368,David Johnson,T-Mobile,Magenta
ABN00000369,Lisa Durand,SFR,SFR 80 Go
ABN00000370,Emily Petit,Free Mobile,Free 5G
ABN00000371,Youssef Leroy,Orange Maroc,Orange 80 Go
ABN00000372,James Berrada,SFR,SFR 80 Go
ABN00000373,Jean Davis,Inwi,Inwi 60 Go
ABN00000374,Ahmed Davis,Orange Maroc,Orange Pro
ABN00000375,Thomas Berrada,Maroc Telecom,Jawal 100 Go
ABN00000376,Camille Bernard,Vodafone,Vodafone Unlimited
ABN00000377,John Berrada,T-Mobile,Magenta
ABN00000378,Jessica Moreau,Free Mobile,Free 5G
ABN00000379,Hassan Tazi,T-Mobile,Magenta
ABN00000380,Alexandre Richard,SFR,SFR Power
ABN00000381,Robert Michel,Orange Maroc,Orange Pro
ABN00000382,Fatima El Fassi,Bouygues Telecom,Sensation
ABN00000383,Sarah Berrada,Maroc Telecom,Jawal 50 Go
ABN00000384,Jean Davis,Orange Maroc,Orange Pro
ABN00000385,Camille Williams,Free Mobile,Free 2€
ABN00000386,Chloé Sefrioui,T-Mobile,Magenta Max
ABN00000387,Emily Simon,SFR,SFR 80 Go
ABN00000388,Sophie Idrissi,Orange France,Orange 5G Unlimited
ABN00000389,Jessica Idrissi,Maroc Telecom,Forfait Entreprise
ABN00000390,Sophie Dupont,Free Mobile,Free 2€
ABN00000391,Sophie Leroy,Vodafone,Vodafone Red
ABN00000392,Marie El Fassi,Orange France,Orange 5G 100 Go
ABN00000393,Michael Chraibi,Bouygues Telecom,B&YOU 100 Go
ABN00000394,Ali Smith,Free Mobile,Free 2€
ABN00000395,Mehdi Garcia,Inwi,Inwi Unlimited
ABN00000396,Laurent Leroy,Orange Maroc,Orange 80 Go
ABN00000397,Emily Laurent,Orange France,Orange 5G 100 Go
ABN00000398,Michael Berrada,T-Mobile,Magenta
ABN00000399,Mehdi Laurent,Orange France,Orange 5G Unlimited
ABN00000400,Fatima El Fassi,Orange France,Orange 5G Unlimited
ABN00000401,Ali Moreau,Inwi,Inwi 30 Go
ABN00000402,Léa Laurent,SFR,SFR 80 Go
ABN00000403,Sofia Jones,Orange France,Orange 5G Unlimited
ABN00000404,Pierre Tazi,Inwi,Inwi Unlimited
ABN00000405,Mohammed Garcia,Orange Maroc,Orange 40 Go
ABN00000406,Michael Durand,Vodafone,Vodafone Unlimited
ABN00000407,Marie Filali,Vodafone,Vodafone Unlimited
ABN00000408,David Dupont,SFR,SFR Power
ABN00000409,Mehdi Moreau,Orange Maroc,Orange Pro
ABN00000410,Hassan El Amrani,SFR,SFR Power
ABN00000411,Ahmed Dubois,T-Mobile,Magenta Max
ABN00000412,Leila Sefrioui,Maroc Telecom,Jawal 100 Go
ABN00000413,Julie Brown,T-Mobile,Magenta Max
ABN00000414,Sophie Benali,Vodafone,Vodafone Unlimited
ABN00000415,Ali Berrada,Maroc Telecom,Forfait Entreprise
ABN00000416,Michel Martin,Orange Maroc,Orange 80 Go
ABN00000417,Alexandre Garcia,T-Mobile,Magenta
ABN00000418,Ashley Fassi,Free Mobile,Free 2€
ABN00000419,Camille Dupont,T-Mobile,Magenta Max
ABN00000420,Sarah Filali,Free Mobile,Free 5G
ABN00000421,Léa Dubois,Maroc Telecom,Jawal 100 Go
ABN00000422,Lisa Garcia,Orange Maroc,Orange Pro
ABN00000423,John Benali,Maroc Telecom,Jawal 50 Go
ABN00000424,Karim Lefebvre,Maroc Telecom,Jawal 50 Go
ABN00000425,Emma Robert,Bouygues Telecom,Sensation
ABN00000426,Ashley Miller,Orange Maroc,Orange Max
ABN00000427,Emily Davis,Inwi,Inwi Unlimited
ABN00000428,Aïcha Ouazzani,Free Mobile,Free 2€
ABN00000429,Robert Michel,T-Mobile,Magenta Max
ABN00000430,Nora Fassi,Vodafone,Vodafone Unlimited
ABN00000431,Léa Dubois,Bouygues Telecom,B&YOU 100 Go
ABN00000432,Julie Kettani,Orange France,Orange 5G Unlimited
ABN00000433,Sophie Leroy,Inwi,Inwi Unlimited
ABN00000434,Leila Lazrak,Orange Maroc,Orange 80 Go
ABN00000435,Nora Richard,T-Mobile,Magenta
ABN00000436,Pierre Brown,Vodafone,Vodafone Red
ABN00000437,Sarah Martin,Free Mobile,Free 5G
ABN00000438,Pierre Robert,SFR,SFR Power
ABN00000439,Ahmed Simon,Inwi,Inwi Unlimited
ABN00000440,Nicolas Filali,Maroc Telecom,Jawal Illimité
ABN00000441,Nora Lefebvre,SFR,SFR 80 Go
ABN00000442,Camille Dubois,SFR,SFR Power
ABN00000443,Léa Dubois,Vodafone,Vodafone Unlimited
ABN00000444,Sarah Brown,SFR,SFR Power
ABN00000445,Jessica Benali,Orange Maroc,Orange Pro
ABN00000446,Aïcha Miller,Inwi,Inwi Unlimited
ABN00000447,Nora El Amrani,Orange Maroc,Orange Pro
ABN00000448,Michel Filali,Maroc Telecom,Jawal Illimité
ABN00000449,Emma Fassi,Orange France,Orange 5G Unlimited
ABN00000450,Chloé Richard,Orange Maroc,Orange Max
ABN00000451,James Tazi,Free Mobile,Free 2€
ABN00000452,Leila Miller,T-Mobile,Magenta Max
ABN00000453,Fatima Miller,Free Mobile,Free 2€
ABN00000454,David Simon,Orange Maroc,Orange Max
ABN00000455,James Tazi,Maroc Telecom,Forfait Entreprise
ABN00000456,Nora Brown,Bouygues Telecom,B&YOU 100 Go
ABN00000457,Alexandre Lazrak,Inwi,Inwi 60 Go
ABN00000458,Leila Kettani,T-Mobile,Magenta
ABN00000459,Youssef Dubois,Vodafone,Vodafone Red
ABN00000460,Nora Alaoui,T-Mobile,Magenta Max
ABN00000461,Julie Simon,T-Mobile,Magenta
ABN00000462,James Jones,SFR,SFR 80 Go
ABN00000463,Léa Filali,Free Mobile,Free 5G
ABN00000464,Julie El Fassi,Orange Maroc,Orange 40 Go
ABN00000465,James Dubois,Maroc Telecom,Jawal Illimité
ABN00000466,Michael Benjelloun,SFR,SFR 80 Go
ABN00000467,Youssef Smith,Maroc Telecom,Jawal Illimité
ABN00000468,Leila Chraibi,Orange France,Orange 5G 100 Go
ABN00000469,Camille Johnson,T-Mobile,Magenta Max
ABN00000470,Nicolas Miller,Vodafone,Vodafone Red
ABN00000471,Laurent Garcia,Orange France,Orange 5G 100 Go
ABN00000472,Sofia Fassi,Orange Maroc,Orange 40 Go
ABN00000473,Mohammed Fassi,Free Mobile,Free 2€
ABN00000474,Sophie Johnson,Maroc Telecom,Jawal Illimité
ABN00000475,Emma Bennani,Orange Maroc,Orange 80 Go
ABN00000476,Jean Leroy,Vodafone,Vodafone Red
ABN00000477,Lisa Chraibi,Vodafone,Vodafone Red
ABN00000478,Khadija Smith,Maroc Telecom,Jawal Illimité
ABN00000479,Alexandre Kettani,SFR,SFR Power
ABN00000480,Youssef Leroy,Orange Maroc,Orange 80 Go
ABN00000481,Aïcha Ouazzani,Maroc Telecom,Jawal 50 Go
ABN00000482,David Berrada,T-Mobile,Magenta
ABN00000483,Karim Michel,T-Mobile,Magenta
ABN00000484,Khadija Johnson,Free Mobile,Free 5G
ABN00000485,Khadija Garcia,Inwi,Inwi 60 Go
ABN00000486,Emily Martin,T-Mobile,Magenta
ABN00000487,Pierre Lazrak,Maroc Telecom,Forfait Entreprise
ABN00000488,Hassan Durand,SFR,SFR 80 Go
ABN00000489,Mohammed Chraibi,Bouygues Telecom,B&YOU 100 Go
ABN00000490,Michel Bernard,T-Mobile,Magenta
ABN00000491,Sarah Williams,Free Mobile,Free 5G
ABN00000492,Ali Williams,Vodafone,Vodafone Unlimited
ABN00000493,Leila Bennani,Orange Maroc,Orange 80 Go
ABN00000494,Omar El Amrani,SFR,SFR Power
ABN00000495,Zineb Benali,Free Mobile,Free 5G
ABN00000496,Nicolas Leroy,T-Mobile,Magenta Max
ABN00000497,Youssef Johnson,SFR,SFR 80 Go
ABN00000498,Jessica Filali,Bouygues Telecom,Sensation
ABN00000499,Michel Richard,Bouygues Telecom,Sensation
ABN00000500,Mehdi Durand,Orange France,Orange 5G 100 Go
ABN00000501,Mehdi Idrissi,SFR,SFR 80 Go
ABN00000502,Sophie Bernard,Orange Maroc,Orange 80 Go
ABN00000503,Khadija Moreau,Inwi,Inwi 60 Go
ABN00000504,Jessica Lefebvre,Orange Maroc,Orange 80 Go
ABN00000505,Karim Idrissi,T-Mobile,Magenta Max
ABN00000506,Ali Sefrioui,Bouygues Telecom,B&YOU 100 Go
ABN00000507,Alexandre Sefrioui,Vodafone,Vodafone Red
ABN00000508,Jessica Dubois,Orange France,Orange 5G Unlimited
ABN00000509,Hassan Alaoui,Vodafone,Vodafone Red
ABN00000510,Karim Robert,Free Mobile,Free 2€
ABN00000511,Sophie Simon,T-Mobile,Magenta Max
ABN00000512,Omar Filali,Vodafone,Vodafone Unlimited
ABN00000513,Zineb Petit,Maroc Telecom,Jawal 100 Go
ABN00000514,Thomas Jones,Orange France,Orange 5G Unlimited
ABN00000515,Camille Bernard,Orange France,Orange 5G Unlimited
ABN00000516,Robert Bennani,T-Mobile,Magenta Max
ABN00000517,Pierre Brown,Maroc Telecom,Jawal Illimité
ABN00000518,Youssef Williams,Orange Maroc,Orange 40 Go
ABN00000519,Michel Dupont,Free Mobile,Free 5G
ABN00000520,James Filali,Inwi,Inwi Unlimited
ABN00000521,Sarah Lazrak,T-Mobile,Magenta Max
ABN00000522,Karim Durand,Orange Maroc,Orange Pro
ABN00000523,Michael Sefrioui,SFR,SFR Power
ABN00000524,Ahmed Miller,T-Mobile,Magenta
ABN00000525,Ali Miller,Vodafone,Vodafone Unlimited
ABN00000526,Pierre Idrissi,Free Mobile,Free 5G
ABN00000527,Sarah Miller,Orange France,Orange 5G Unlimited
ABN00000528,James Smith,Orange France,Orange 5G 100 Go
ABN00000529,Omar Fassi,Maroc Telecom,Jawal Illimité
ABN00000530,Aïcha Miller,Orange France,Orange 5G 100 Go
ABN00000531,Fatima Tazi,SFR,SFR Power
ABN00000532,Ashley Fassi,Orange Maroc,Orange Max
ABN00000533,Ahmed Robert,Free Mobile,Free 5G
ABN00000534,Laurent Benali,Free Mobile,Free 2€
ABN00000535,Michael Johnson,Bouygues Telecom,Sensation
ABN00000536,Zineb Robert,Orange France,Orange 5G 100 Go
ABN00000537,Karim Laurent,T-Mobile,Magenta
ABN00000538,Sofia Lefebvre,T-Mobile,Magenta
ABN00000539,Sofia Chraibi,Maroc Telecom,Forfait Entreprise
ABN00000540,Nora Fassi,Orange France,Orange 5G 100 Go
ABN00000541,Sofia Lefebvre,Bouygues Telecom,Sensation
ABN00000542,Lisa Tazi,Orange France,Orange 5G Unlimited
ABN00000543,Mohammed Lefebvre,SFR,SFR Power
ABN00000544,Aïcha Robert,Orange Maroc,Orange Pro
ABN00000545,Robert Garcia,Maroc Telecom,Jawal 50 Go
ABN00000546,Sofia Chraibi,Free Mobile,Free 5G
ABN00000547,Emily El Fassi,Orange France,Orange 5G 100 Go
ABN00000548,Laurent Benali,T-Mobile,Magenta
ABN00000549,Fatima Moreau,T-Mobile,Magenta
ABN00000550,Mohammed Lazrak,Inwi,Inwi 60 Go
ABN00000551,Laurent Leroy,Orange France,Orange 5G Unlimited
ABN00000552,Aïcha Williams,Free Mobile,Free 2€
ABN00000553,Mehdi Robert,SFR,SFR Power
ABN00000554,Nora Garcia,Orange Maroc,Orange 40 Go
ABN00000555,Michael Lefebvre,Vodafone,Vodafone Unlimited
ABN00000556,Chloé El Fassi,Free Mobile,Free 2€
ABN00000557,Sofia Sefrioui,Orange France,Orange 5G Unlimited
ABN00000558,Omar Filali,SFR,SFR 80 Go
ABN00000559,Fatima Moreau,Orange Maroc,Orange Max
ABN00000560,Marie El Fassi,Orange France,Orange 5G Unlimited
ABN00000561,Salma Durand,Orange Maroc,Orange 40 Go
ABN00000562,John Brown,Maroc Telecom,Jawal 100 Go
ABN00000563,Sofia El Amrani,Inwi,Inwi 30 Go
ABN00000564,Aïcha Durand,SFR,SFR Power
ABN00000565,Zineb Thomas,Orange Maroc,Orange Pro
ABN00000566,David Filali,Orange France,Orange 5G 100 Go
ABN00000567,Nora Garcia,Orange France,Orange 5G Unlimited
ABN00000568,Nicolas Benjelloun,Orange Maroc,Orange Pro
ABN00000569,Laurent Bernard,Inwi,Inwi 30 Go
ABN00000570,Pierre Johnson,T-Mobile,Magenta Max
ABN00000571,Ali Michel,Vodafone,Vodafone Red
ABN00000572,Omar Richard,Inwi,Inwi 30 Go
ABN00000573,Michael Thomas,T-Mobile,Magenta Max
ABN00000574,Hassan Kettani,Maroc Telecom,Forfait Entreprise
ABN00000575,Khadija Miller,Vodafone,Vodafone Red
ABN00000576,James Miller,Orange France,Orange 5G 100 Go
ABN00000577,Jessica Garcia,Bouygues Telecom,Sensation
ABN00000578,James Williams,Bouygues Telecom,B&YOU 100 Go
ABN00000579,Léa Robert,Bouygues Telecom,B&YOU 100 Go
ABN00000580,Sophie Tazi,Bouygues Telecom,Sensation
ABN00000581,Thomas Thomas,Free Mobile,Free 5G
ABN00000582,Mehdi Thomas,Bouygues Telecom,Sensation
ABN00000583,Robert Tazi,Maroc Telecom,Jawal 50 Go
ABN00000584,Michel Leroy,Orange Maroc,Orange 40 Go
ABN00000585,Michel Martin,SFR,SFR 80 Go
ABN00000586,Sarah Brown,Maroc Telecom,Jawal Illimité
ABN00000587,Ali Thomas,Orange France,Orange 5G Unlimited
ABN00000588,Emma Idrissi,Orange Maroc,Orange Pro
ABN00000589,Marie Davis,Inwi,Inwi 30 Go
ABN00000590,Nicolas Laurent,Free Mobile,Free 5G
ABN00000591,Michel Berrada,Maroc Telecom,Jawal 50 Go
ABN00000592,Jean Ouazzani,T-Mobile,Magenta
ABN00000593,Fatima Laurent,Maroc Telecom,Jawal 100 Go
ABN00000594,Lisa Thomas,Bouygues Telecom,Sensation
ABN00000595,Zineb Robert,Vodafone,Vodafone Red
ABN00000596,Mehdi Dupont,Bouygues Telecom,Sensation
ABN00000597,Pierre Tazi,Maroc Telecom,Jawal Illimité
ABN00000598,James Fassi,Vodafone,Vodafone Red
ABN00000599,Laurent Alaoui,Inwi,Inwi Unlimited
ABN00000600,Camille Dupont,SFR,SFR Power
ABN00000601,Michel Davis,Orange France,Orange 5G 100 Go
ABN00000602,Mehdi Bernard,Bouygues Telecom,B&YOU 100 Go
ABN00000603,Léa Tazi,SFR,SFR Power
ABN00000604,Sarah Fassi,Free Mobile,Free 2€
ABN00000605,Sarah Simon,Maroc Telecom,Jawal Illimité
ABN00000606,Zineb Davis,T-Mobile,Magenta
ABN00000607,Fatima Filali,Orange Maroc,Orange Max
ABN00000608,Jessica Idrissi,T-Mobile,Magenta
ABN00000609,David Bennani,SFR,SFR Power
ABN00000610,Nora Moreau,Vodafone,Vodafone Unlimited
ABN00000611,Karim Garcia,Orange Maroc,Orange Max
ABN00000612,Salma Filali,Maroc Telecom,Forfait Entreprise
ABN00000613,Marie Ouazzani,T-Mobile,Magenta Max
ABN00000614,Leila Durand,Orange Maroc,Orange 80 Go
ABN00000615,Chloé Dubois,SFR,SFR Power
ABN00000616,Sarah Thomas,Inwi,Inwi 60 Go
ABN00000617,Sarah Lefebvre,Bouygues Telecom,B&YOU 100 Go
ABN00000618,Nora Martin,SFR,SFR 80 Go
ABN00000619,Michel Fassi,Vodafone,Vodafone Unlimited
ABN00000620,Hassan Richard,Free Mobile,Free 5G
ABN00000621,David Robert,Orange Maroc,Orange 80 Go
ABN00000622,Nicolas Thomas,Orange France,Orange 5G 100 Go
ABN00000623,Alexandre Filali,Inwi,Inwi Unlimited
ABN00000624,Camille Berrada,Free Mobile,Free 2€
ABN00000625,James Smith,Vodafone,Vodafone Red
ABN00000626,Pierre Richard,Bouygues Telecom,Sensation
ABN00000627,David Jones,Vodafone,Vodafone Unlimited
ABN00000628,Sofia Fassi,Maroc Telecom,Forfait Entreprise
ABN00000629,Youssef El Amrani,Maroc Telecom,Forfait Entreprise
ABN00000630,Lisa Williams,Orange Maroc,Orange Max
ABN00000631,David Bennani,SFR,SFR Power
ABN00000632,Robert Moreau,Orange Maroc,Orange 40 Go
ABN00000633,Karim Ouazzani,Orange France,Orange 5G Unlimited
ABN00000634,Sophie Leroy,Free Mobile,Free 5G
ABN00000635,Jean El Fassi,T-Mobile,Magenta Max
ABN00000636,Julie Lazrak,Inwi,Inwi Unlimited
ABN00000637,Aïcha Bernard,SFR,SFR Power
ABN00000638,Khadija Idrissi,Orange France,Orange 5G Unlimited
ABN00000639,Camille Williams,SFR,SFR Power
ABN00000640,Michel Davis,Bouygues Telecom,B&YOU 100 Go
ABN00000641,Salma Garcia,Orange France,Orange 5G Unlimited
ABN00000642,Julie Dupont,Bouygues Telecom,B&YOU 100 Go
ABN00000643,Khadija Laurent,Inwi,Inwi 30 Go
ABN00000644,Sofia Idrissi,Vodafone,Vodafone Unlimited
ABN00000645,Camille Johnson,Orange Maroc,Orange Max
ABN00000646,Alexandre Bernard,Maroc Telecom,Jawal Illimité
ABN00000647,Pierre Robert,Vodafone,Vodafone Red
ABN00000648,Nora Lefebvre,Free Mobile,Free 2€
ABN00000649,Alexandre Brown,Inwi,Inwi 30 Go
ABN00000650,Jessica Lefebvre,Bouygues Telecom,B&YOU 100 Go
ABN00000651,John Martin,Orange France,Orange 5G 100 Go
ABN00000652,Léa Lazrak,T-Mobile,Magenta Max
ABN00000653,John Dupont,Free Mobile,Free 5G
ABN00000654,Julie Moreau,Free Mobile,Free 2€
ABN00000655,Leila Lazrak,Bouygues Telecom,B&YOU 100 Go
ABN00000656,Emma Kettani,SFR,SFR 80 Go
ABN00000657,Salma El Amrani,Maroc Telecom,Jawal 100 Go
ABN00000658,Aïcha Dupont,Inwi,Inwi 30 Go
ABN00000659,Pierre Williams,Inwi,Inwi 30 Go
ABN00000660,Nicolas Jones,Orange France,Orange 5G 100 Go
ABN00000661,Michel Bennani,SFR,SFR Power
ABN00000662,Aïcha Leroy,Orange France,Orange 5G Unlimited
ABN00000663,Robert Miller,Orange Maroc,Orange Max
ABN00000664,Mohammed Petit,T-Mobile,Magenta Max
ABN00000665,Aïcha Michel,Orange France,Orange 5G Unlimited
ABN00000666,David Brown,SFR,SFR Power
ABN00000667,Camille Lefebvre,Free Mobile,Free 5G
ABN00000668,Hassan Williams,Bouygues Telecom,Sensation
ABN00000669,Leila Bennani,Free Mobile,Free 2€
ABN00000670,David Berrada,Free Mobile,Free 5G
ABN00000671,Omar Brown,Vodafone,Vodafone Red
ABN00000672,Julie Martin,T-Mobile,Magenta
ABN00000673,Khadija Smith,Bouygues Telecom,Sensation
ABN00000674,Mehdi Martin,Vodafone,Vodafone Red
ABN00000675,Julie Petit,Bouygues Telecom,B&YOU 100 Go
ABN00000676,Emma El Fassi,T-Mobile,Magenta
ABN00000677,Michel Martin,SFR,SFR 80 Go
ABN00000678,Laurent Leroy,SFR,SFR Power
ABN00000679,Pierre Durand,SFR,SFR Power
ABN00000680,Nora Smith,Orange Maroc,Orange 40 Go
ABN00000681,Khadija Sefrioui,Free Mobile,Free 2€
ABN00000682,John Dupont,Vodafone,Vodafone Red
ABN00000683,Emily Simon,T-Mobile,Magenta
ABN00000684,Sophie Dupont,Orange Maroc,Orange 80 Go
ABN00000685,Aïcha Johnson,Maroc Telecom,Jawal 100 Go
ABN00000686,Michel Tazi,Orange Maroc,Orange 80 Go
ABN00000687,Fatima Bennani,Orange Maroc,Orange Pro
ABN00000688,Robert Robert,Vodafone,Vodafone Red
ABN00000689,Lisa Garcia,Inwi,Inwi Unlimited
ABN00000690,Sarah Sefrioui,SFR,SFR Power
ABN00000691,Emma Idrissi,Orange France,Orange 5G Unlimited
ABN00000692,Mehdi Davis,SFR,SFR 80 Go
ABN00000693,Sophie Simon,T-Mobile,Magenta Max
ABN00000694,Léa Leroy,Maroc Telecom,Jawal Illimité
ABN00000695,Fatima Durand,Vodafone,Vodafone Unlimited
ABN00000696,Ahmed Fassi,Maroc Telecom,Jawal 100 Go
ABN00000697,Michael Benjelloun,Bouygues Telecom,Sensation
ABN00000698,Laurent Durand,Orange Maroc,Orange Max
ABN00000699,Pierre Tazi,Inwi,Inwi Unlimited
ABN00000700,Nora Bennani,Vodafone,Vodafone Unlimited
ABN00000701,Léa Brown,SFR,SFR 80 Go
ABN00000702,Zineb Ouazzani,Vodafone,Vodafone Unlimited
ABN00000703,Julie Benjelloun,Orange Maroc,Orange Max
ABN00000704,Sofia El Amrani,Inwi,Inwi Unlimited
ABN00000705,Lisa Garcia,Maroc Telecom,Forfait Entreprise
ABN00000706,Mohammed Fassi,SFR,SFR Power
ABN00000707,James Idrissi,Free Mobile,Free 5G
ABN00000708,Pierre Garcia,T-Mobile,Magenta Max
ABN00000709,Ali Kettani,Maroc Telecom,Jawal Illimité
ABN00000710,Michel Lefebvre,Orange Maroc,Orange Pro
ABN00000711,Léa Garcia,Bouygues Telecom,Sensation
ABN00000712,Thomas Tazi,T-Mobile,Magenta
ABN00000713,John Idrissi,T-Mobile,Magenta Max
ABN00000714,Emily Leroy,SFR,SFR 80 Go
ABN00000715,Léa Laurent,T-Mobile,Magenta Max
ABN00000716,Ashley Benjelloun,Inwi,Inwi 30 Go
ABN00000717,Ali Benali,T-Mobile,Magenta
ABN00000718,Camille Johnson,Free Mobile,Free 2€
ABN00000719,Nora Simon,SFR,SFR Power
ABN00000720,Emma Smith,SFR,SFR 80 Go
ABN00000721,Emily Martin,T-Mobile,Magenta
ABN00000722,Sophie Dupont,SFR,SFR Power
ABN00000723,Ali Lefebvre,Inwi,Inwi 30 Go
ABN00000724,Julie Kettani,Orange Maroc,Orange 80 Go
ABN00000725,Michael Davis,Vodafone,Vodafone Unlimited
ABN00000726,Robert Benjelloun,T-Mobile,Magenta Max
ABN00000727,Mohammed Fassi,Bouygues Telecom,B&YOU 100 Go
ABN00000728,Ahmed Idrissi,T-Mobile,Magenta
ABN00000729,Ashley Filali,SFR,SFR 80 Go
ABN00000730,Leila Brown,Maroc Telecom,Jawal Illimité
ABN00000731,Omar Williams,Orange Maroc,Orange Max
ABN00000732,John Benjelloun,Bouygues Telecom,B&YOU 100 Go
ABN00000733,Thomas Johnson,Vodafone,Vodafone Unlimited
ABN00000734,Ashley El Fassi,Orange France,Orange 5G 100 Go
ABN00000735,Zineb Williams,Inwi,Inwi 60 Go
ABN00000736,Leila Dubois,Maroc Telecom,Jawal 50 Go
ABN00000737,Lisa Petit,Free Mobile,Free 2€
ABN00000738,Sophie Bernard,Inwi,Inwi Unlimited
ABN00000739,Pierre Ouazzani,Orange France,Orange 5G 100 Go
ABN00000740,Hassan El Fassi,T-Mobile,Magenta
ABN00000741,Pierre El Fassi,Vodafone,Vodafone Unlimited
ABN00000742,Jessica Davis,Maroc Telecom,Jawal 100 Go
ABN00000743,Omar Smith,Vodafone,Vodafone Unlimited
ABN00000744,David El Fassi,SFR,SFR 80 Go
ABN00000745,Leila Lefebvre,T-Mobile,Magenta Max
ABN00000746,Khadija Simon,Vodafone,Vodafone Unlimited
ABN00000747,Sophie Kettani,Maroc Telecom,Forfait Entreprise
ABN00000748,Chloé Chraibi,Inwi,Inwi Unlimited
ABN00000749,Michel Thomas,SFR,SFR Power
ABN00000750,Julie Jones,Inwi,Inwi 30 Go
ABN00000751,Omar Ouazzani,Orange France,Orange 5G 100 Go
ABN00000752,Jean Johnson,Vodafone,Vodafone Unlimited
ABN00000753,Mohammed Fassi,Bouygues Telecom,B&YOU 100 Go
ABN00000754,Lisa Chraibi,Free Mobile,Free 5G
ABN00000755,Mehdi Bernard,Orange France,Orange 5G 100 Go
ABN00000756,Sophie Davis,SFR,SFR 80 Go
ABN00000757,Ashley Dubois,T-Mobile,Magenta
ABN00000758,Khadija Sefrioui,Orange France,Orange 5G Unlimited
ABN00000759,Nora El Amrani,Free Mobile,Free 5G
ABN00000760,Fatima Petit,Orange Maroc,Orange Max
ABN00000761,Mohammed Fassi,Bouygues Telecom,Sensation
ABN00000762,Aïcha Robert,T-Mobile,Magenta Max
ABN00000763,Jean Chraibi,Free Mobile,Free 5G
ABN00000764,Thomas Fassi,Inwi,Inwi 60 Go
ABN00000765,Mohammed Laurent,Maroc Telecom,Jawal Illimité
ABN00000766,Lisa El Fassi,Inwi,Inwi 30 Go
ABN00000767,Julie Berrada,Free Mobile,Free 2€
ABN00000768,Zineb Dubois,Maroc Telecom,Jawal 100 Go
ABN00000769,Robert Thomas,SFR,SFR 80 Go
ABN00000770,Omar Petit,SFR,SFR 80 Go
ABN00000771,Jean Petit,SFR,SFR 80 Go
ABN00000772,Robert Miller,Inwi,Inwi Unlimited
ABN00000773,Karim Alaoui,Vodafone,Vodafone Unlimited
ABN00000774,Pierre Chraibi,Vodafone,Vodafone Unlimited
ABN00000775,Nora Smith,Bouygues Telecom,Sensation
ABN00000776,Youssef Fassi,T-Mobile,Magenta
ABN00000777,Laurent Lefebvre,Bouygues Telecom,B&YOU 100 Go
ABN00000778,Julie Martin,Orange Maroc,Orange 80 Go
ABN00000779,Khadija Lefebvre,Maroc Telecom,Jawal Illimité
ABN00000780,Jessica Martin,SFR,SFR 80 Go
ABN00000781,Léa Davis,Orange France,Orange 5G 100 Go
ABN00000782,John Chraibi,Inwi,Inwi Unlimited
ABN00000783,Robert Benali,T-Mobile,Magenta Max
ABN00000784,Fatima Lazrak,Orange Maroc,Orange Max
ABN00000785,Omar Miller,Inwi,Inwi 60 Go
ABN00000786,Thomas Benali,Free Mobile,Free 2€
ABN00000787,Sofia Lefebvre,Vodafone,Vodafone Unlimited
ABN00000788,Jean Chraibi,Inwi,Inwi Unlimited
ABN00000789,Mohammed Filali,SFR,SFR 80 Go
ABN00000790,Alexandre Durand,Bouygues Telecom,Sensation
ABN00000791,Ashley Simon,SFR,SFR Power
ABN00000792,Marie Brown,Inwi,Inwi 30 Go
ABN00000793,Omar Garcia,Orange Maroc,Orange Pro
ABN00000794,Ahmed El Amrani,T-Mobile,Magenta
ABN00000795,Laurent Davis,T-Mobile,Magenta Max
ABN00000796,Jessica Smith,Vodafone,Vodafone Red
ABN00000797,Emily Simon,SFR,SFR 80 Go
ABN00000798,Khadija Jones,Vodafone,Vodafone Red
ABN00000799,Mohammed Dubois,Inwi,Inwi 30 Go
ABN00000800,Salma Martin,Inwi,Inwi Unlimited
ABN00000801,Alexandre Moreau,Maroc Telecom,Jawal 50 Go
ABN00000802,Ashley Tazi,Vodafone,Vodafone Unlimited
ABN00000803,Nora Garcia,Maroc Telecom,Jawal Illimité
ABN00000804,Khadija Tazi,Vodafone,Vodafone Unlimited
ABN00000805,Ahmed Lazrak,Orange France,Orange 5G Unlimited
ABN00000806,Thomas Moreau,Inwi,Inwi 60 Go
ABN00000807,Aïcha Filali,SFR,SFR Power
ABN00000808,James Jones,SFR,SFR 80 Go
ABN00000809,Laurent Benjelloun,Orange France,Orange 5G Unlimited
ABN00000810,Omar Laurent,Orange France,Orange 5G 100 Go
ABN00000811,Sarah Robert,Orange France,Orange 5G 100 Go
ABN00000812,James Berrada,Orange Maroc,Orange 40 Go
ABN00000813,Sophie Richard,Inwi,Inwi Unlimited
ABN00000814,Emily Garcia,Inwi,Inwi 60 Go
ABN00000815,Michel Thomas,Bouygues Telecom,Sensation
ABN00000816,Mohammed Simon,Vodafone,Vodafone Red
ABN00000817,Michael Berrada,Orange Maroc,Orange Max
ABN00000818,Jessica Dupont,Inwi,Inwi 60 Go
ABN00000819,Lisa Robert,T-Mobile,Magenta Max
ABN00000820,Pierre Jones,Bouygues Telecom,B&YOU 100 Go
ABN00000821,Zineb Simon,SFR,SFR 80 Go
ABN00000822,James Brown,Free Mobile,Free 2€
ABN00000823,Thomas Johnson,Free Mobile,Free 2€
ABN00000824,Nora Thomas,Free Mobile,Free 2€
ABN00000825,Robert Simon,SFR,SFR 80 Go
ABN00000826,Julie Chraibi,Free Mobile,Free 2€
ABN00000827,Pierre Leroy,Orange France,Orange 5G Unlimited
ABN00000828,Aïcha Brown,Free Mobile,Free 2€
ABN00000829,John Petit,Bouygues Telecom,B&YOU 100 Go
ABN00000830,Thomas Lazrak,T-Mobile,Magenta
ABN00000831,Jean El Fassi,Orange Maroc,Orange Pro
ABN00000832,Khadija Sefrioui,Inwi,Inwi Unlimited
ABN00000833,Omar Fassi,Orange France,Orange 5G 100 Go
ABN00000834,Jean Dupont,Maroc Telecom,Jawal 50 Go
ABN00000835,Sarah Fassi,Inwi,Inwi Unlimited
ABN00000836,Ashley El Amrani,SFR,SFR 80 Go
ABN00000837,Alexandre Kettani,Orange Maroc,Orange Pro
ABN00000838,Sophie Laurent,Free Mobile,Free 2€
ABN00000839,Ahmed Bennani,SFR,SFR Power
ABN00000840,Nora Benali,T-Mobile,Magenta Max
ABN00000841,Michael Lefebvre,T-Mobile,Magenta Max
ABN00000842,Michael Bernard,Orange Maroc,Orange Pro
ABN00000843,Emma Davis,Bouygues Telecom,Sensation
ABN00000844,Hassan El Amrani,Maroc Telecom,Forfait Entreprise
ABN00000845,David Jones,Maroc Telecom,Jawal Illimité
ABN00000846,James Berrada,Vodafone,Vodafone Unlimited
ABN00000847,Youssef Ouazzani,Maroc Telecom,Forfait Entreprise
ABN00000848,Michael Benali,Vodafone,Vodafone Red
ABN00000849,Omar Johnson,Orange France,Orange 5G Unlimited
ABN00000850,Alexandre Garcia,Inwi,Inwi Unlimited
ABN00000851,Leila Berrada,Orange Maroc,Orange 40 Go
ABN00000852,Pierre Garcia,Orange Maroc,Orange Pro
ABN00000853,Jean Johnson,Free Mobile,Free 5G
ABN00000854,Fatima Benali,Vodafone,Vodafone Red
ABN00000855,Alexandre Johnson,Bouygues Telecom,B&YOU 100 Go
ABN00000856,Zineb Richard,Vodafone,Vodafone Unlimited
ABN00000857,Thomas Laurent,Bouygues Telecom,B&YOU 100 Go
ABN00000858,Robert Alaoui,Maroc Telecom,Jawal 50 Go
ABN00000859,Chloé Berrada,SFR,SFR 80 Go
ABN00000860,Pierre Durand,Free Mobile,Free 2€
ABN00000861,Jean Richard,Orange France,Orange 5G Unlimited
ABN00000862,Julie Garcia,Orange Maroc,Orange 80 Go
ABN00000863,Léa Petit,Free Mobile,Free 5G
ABN00000864,Khadija Berrada,Bouygues Telecom,Sensation
ABN00000865,Marie Chraibi,Bouygues Telecom,B&YOU 100 Go
ABN00000866,Leila Johnson,Orange Maroc,Orange Pro
ABN00000867,Emily Lazrak,T-Mobile,Magenta Max
ABN00000868,Mehdi Michel,Maroc Telecom,Jawal 100 Go
ABN00000869,Nicolas Leroy,Orange Maroc,Orange Pro
ABN00000870,Sophie Garcia,Maroc Telecom,Jawal Illimité
ABN00000871,Camille Fassi,T-Mobile,Magenta Max
ABN00000872,Youssef Laurent,T-Mobile,Magenta
ABN00000873,Pierre Ouazzani,Orange Maroc,Orange Pro
ABN00000874,Khadija Brown,Orange Maroc,Orange Max
ABN00000875,Karim Bernard,Maroc Telecom,Jawal 100 Go
ABN00000876,Nora Jones,Maroc Telecom,Jawal 100 Go
ABN00000877,Laurent Leroy,Maroc Telecom,Forfait Entreprise
ABN00000878,Thomas Durand,Vodafone,Vodafone Red
ABN00000879,Salma Richard,SFR,SFR 80 Go
ABN00000880,Karim Jones,Maroc Telecom,Forfait Entreprise
ABN00000881,Ali Dupont,Orange France,Orange 5G 100 Go
ABN00000882,David Lefebvre,T-Mobile,Magenta
ABN00000883,Julie Bernard,Inwi,Inwi 30 Go
ABN00000884,Jean Jones,Free Mobile,Free 5G
ABN00000885,Robert Simon,T-Mobile,Magenta
ABN00000886,Marie El Fassi,Inwi,Inwi 30 Go
ABN00000887,Hassan Berrada,Orange Maroc,Orange 40 Go
ABN00000888,Karim Brown,Orange Maroc,Orange Pro
ABN00000889,Omar Ouazzani,Free Mobile,Free 2€
ABN00000890,Sophie Smith,Orange France,Orange 5G 100 Go
ABN00000891,Laurent Johnson,T-Mobile,Magenta Max
ABN00000892,Zineb Sefrioui,Orange France,Orange 5G Unlimited
ABN00000893,Ahmed Simon,Free Mobile,Free 5G
ABN00000894,Michel Simon,Vodafone,Vodafone Unlimited
ABN00000895,Mohammed Brown,SFR,SFR Power
ABN00000896,Michael Berrada,T-Mobile,Magenta
ABN00000897,Salma Bennani,SFR,SFR Power
ABN00000898,Camille Benali,Free Mobile,Free 2€
ABN00000899,Jessica El Fassi,Inwi,Inwi 30 Go
ABN00000900,Ahmed Garcia,Maroc Telecom,Forfait Entreprise
ABN00000901,Camille Laurent,T-Mobile,Magenta Max
ABN00000902,Emma Garcia,Maroc Telecom,Forfait Entreprise
ABN00000903,Léa Kettani,Maroc Telecom,Forfait Entreprise
ABN00000904,Léa Chraibi,Free Mobile,Free 2€
ABN00000905,Chloé Johnson,SFR,SFR Power
ABN00000906,Hassan Garcia,SFR,SFR 80 Go
ABN00000907,John Sefrioui,Orange France,Orange 5G 100 Go
ABN00000908,Nora Kettani,SFR,SFR Power
ABN00000909,Karim Sefrioui,Orange France,Orange 5G 100 Go
ABN00000910,Omar Garcia,Vodafone,Vodafone Red
ABN00000911,Laurent Durand,Vodafone,Vodafone Unlimited
ABN00000912,Sophie Idrissi,Vodafone,Vodafone Red
ABN00000913,Nicolas Laurent,Orange Maroc,Orange 80 Go
ABN00000914,Léa Berrada,Bouygues Telecom,Sensation
ABN00000915,Emma Idrissi,Vodafone,Vodafone Red
ABN00000916,Youssef Garcia,Orange France,Orange 5G Unlimited
ABN00000917,Ali Filali,Free Mobile,Free 2€
ABN00000918,Jean Leroy,Bouygues Telecom,Sensation
ABN00000919,Emma Durand,Inwi,Inwi Unlimited
ABN00000920,Karim Fassi,Vodafone,Vodafone Unlimited
ABN00000921,Alexandre Simon,Maroc Telecom,Jawal 50 Go
ABN00000922,Ashley Petit,Free Mobile,Free 5G
ABN00000923,Alexandre Leroy,Maroc Telecom,Jawal 100 Go
ABN00000924,Youssef Dubois,Orange France,Orange 5G 100 Go
ABN00000925,Ali Smith,Orange Maroc,Orange 80 Go
ABN00000926,Thomas Johnson,SFR,SFR Power
ABN00000927,Youssef Benjelloun,Free Mobile,Free 5G
ABN00000928,Sophie Martin,Inwi,Inwi 60 Go
ABN00000929,Aïcha Laurent,Vodafone,Vodafone Unlimited
ABN00000930,John Dupont,Orange Maroc,Orange Max
ABN00000931,Alexandre Simon,Free Mobile,Free 2€
ABN00000932,Sofia Idrissi,Inwi,Inwi Unlimited
ABN00000933,Emma Chraibi,SFR,SFR 80 Go
ABN00000934,Marie Bernard,Bouygues Telecom,B&YOU 100 Go
ABN00000935,Ashley Martin,Free Mobile,Free 5G
ABN00000936,Nicolas Johnson,Maroc Telecom,Jawal Illimité
ABN00000937,Sofia Benali,Orange Maroc,Orange Max
ABN00000938,Zineb Berrada,Vodafone,Vodafone Unlimited
ABN00000939,Sarah Brown,Maroc Telecom,Jawal Illimité
ABN00000940,Robert Dupont,Orange France,Orange 5G Unlimited
ABN00000941,Sophie Laurent,Free Mobile,Free 5G
ABN00000942,Omar Jones,Orange France,Orange 5G 100 Go
ABN00000943,Léa Simon,SFR,SFR Power
ABN00000944,Lisa Benali,Bouygues Telecom,Sensation
ABN00000945,Thomas Robert,SFR,SFR 80 Go
ABN00000946,Nicolas El Amrani,Orange France,Orange 5G 100 Go
ABN00000947,Thomas Johnson,Inwi,Inwi 30 Go
ABN00000948,Sarah Durand,Bouygues Telecom,B&YOU 100 Go
ABN00000949,Ahmed Dubois,Orange France,Orange 5G 100 Go
ABN00000950,Chloé Williams,Inwi,Inwi 30 Go
ABN00000951,Robert Moreau,Maroc Telecom,Jawal 100 Go
ABN00000952,Nicolas Dubois,SFR,SFR 80 Go
ABN00000953,Marie Idrissi,Maroc Telecom,Jawal 100 Go
ABN00000954,Mohammed Leroy,Orange France,Orange 5G Unlimited
ABN00000955,Laurent Bennani,T-Mobile,Magenta
ABN00000956,Youssef Alaoui,Maroc Telecom,Jawal 100 Go
ABN00000957,Emily Laurent,Orange France,Orange 5G 100 Go
ABN00000958,Ali Thomas,Inwi,Inwi 60 Go
ABN00000959,Pierre Sefrioui,Bouygues Telecom,B&YOU 100 Go
ABN00000960,Emma Davis,SFR,SFR 80 Go
ABN00000961,Leila Idrissi,Bouygues Telecom,Sensation
ABN00000962,Julie Filali,Orange Maroc,Orange Pro
ABN00000963,Nicolas Fassi,T-Mobile,Magenta Max
ABN00000964,Pierre Miller,T-Mobile,Magenta
ABN00000965,Khadija Filali,Inwi,Inwi 30 Go
ABN00000966,Mohammed El Amrani,Vodafone,Vodafone Red
ABN00000967,Lisa Brown,Orange Maroc,Orange 40 Go
ABN00000968,Camille Petit,Orange France,Orange 5G 100 Go
ABN00000969,Emily Richard,SFR,SFR Power
ABN00000970,Laurent Tazi,SFR,SFR Power
ABN00000971,Aïcha Jones,T-Mobile,Magenta Max
ABN00000972,Lisa Sefrioui,Bouygues Telecom,Sensation
ABN00000973,Michel Dubois,Inwi,Inwi Unlimited
ABN00000974,Sophie Idrissi,Free Mobile,Free 2€
ABN00000975,Jessica Tazi,Bouygues Telecom,Sensation
ABN00000976,Chloé Jones,T-Mobile,Magenta Max
ABN00000977,Thomas El Fassi,T-Mobile,Magenta Max
ABN00000978,Jessica Miller,Vodafone,Vodafone Unlimited
ABN00000979,Michel Thomas,Vodafone,Vodafone Red
ABN00000980,Sofia Michel,Orange Maroc,Orange Max
ABN00000981,Omar Dupont,Free Mobile,Free 2€
ABN00000982,Jean Idrissi,Orange France,Orange 5G 100 Go
ABN00000983,David Thomas,SFR,SFR Power
ABN00000984,Mohammed Durand,Inwi,Inwi 30 Go
ABN00000985,Camille Benali,Vodafone,Vodafone Red
ABN00000986,Sarah Miller,Free Mobile,Free 2€
ABN00000987,Laurent Miller,T-Mobile,Magenta
ABN00000988,Emily Laurent,T-Mobile,Magenta
ABN00000989,Aïcha Benjelloun,Orange France,Orange 5G Unlimited
ABN00000990,Ahmed Dupont,Maroc Telecom,Forfait Entreprise
ABN00000991,Mohammed Dupont,Inwi,Inwi 60 Go
ABN00000992,Mehdi Brown,Orange France,Orange 5G Unlimited
ABN00000993,Pierre Williams,Vodafone,Vodafone Unlimited
ABN00000994,John El Fassi,Orange Maroc,Orange 40 Go
ABN00000995,Khadija Petit,Inwi,Inwi 60 Go
ABN00000996,John Davis,Inwi,Inwi 30 Go
ABN00000997,Mohammed Tazi,Free Mobile,Free 5G
ABN00000998,Karim Williams,Inwi,Inwi Unlimited
ABN00000999,Salma Durand,Orange France,Orange 5G 100 Go
ABN00001000,Khadija Richard,Orange Maroc,Orange Pro
ABN00001001,Sophie Jones,Vodafone,Vodafone Red
ABN00001002,Leila El Amrani,Orange Maroc,Orange Pro
ABN00001003,Pierre Martin,Orange France,Orange 5G Unlimited
ABN00001004,Zineb Smith,Maroc Telecom,Forfait Entreprise
ABN00001005,Ali Tazi,Maroc Telecom,Jawal 100 Go
ABN00001006,John Tazi,T-Mobile,Magenta Max
ABN00001007,Leila Tazi,Free Mobile,Free 5G
ABN00001008,John Bernard,Free Mobile,Free 2€
ABN00001009,Fatima Lefebvre,Bouygues Telecom,Sensation
ABN00001010,John Berrada,Orange France,Orange 5G Unlimited
ABN00001011,Hassan Filali,Bouygues Telecom,Sensation
ABN00001012,Laurent Bernard,Free Mobile,Free 2€
ABN00001013,Julie Laurent,Vodafone,Vodafone Unlimited
ABN00001014,Salma Fassi,Maroc Telecom,Jawal 100 Go
ABN00001015,Aïcha Tazi,T-Mobile,Magenta
ABN00001016,Marie Leroy,Orange France,Orange 5G 100 Go
ABN00001017,Thomas Chraibi,Bouygues Telecom,B&YOU 100 Go
ABN00001018,Ahmed Bennani,Orange Maroc,Orange 40 Go
ABN00001019,Michael Kettani,Orange Maroc,Orange Pro
ABN00001020,Camille Bennani,Free Mobile,Free 5G
ABN00001021,Emma Miller,Free Mobile,Free 5G
ABN00001022,Thomas Dubois,Inwi,Inwi Unlimited
ABN00001023,Fatima Lefebvre,SFR,SFR Power
ABN00001024,Sophie El Amrani,Free Mobile,Free 2€
ABN00001025,Thomas Bennani,T-Mobile,Magenta
ABN00001026,Sarah Benjelloun,T-Mobile,Magenta
ABN00001027,Jessica Benali,Orange France,Orange 5G 100 Go
ABN00001028,Pierre Leroy,T-Mobile,Magenta Max
ABN00001029,Mehdi Robert,Inwi,Inwi 30 Go
ABN00001030,Sophie Brown,Orange Maroc,Orange 80 Go
ABN00001031,David Simon,Maroc Telecom,Jawal 50 Go
ABN00001032,Khadija Sefrioui,Maroc Telecom,Jawal 50 Go
ABN00001033,Jessica Bernard,Maroc Telecom,Jawal 100 Go
ABN00001034,Jessica Ouazzani,Free Mobile,Free 5G
ABN00001035,Ashley Dupont,Orange Maroc,Orange Max
ABN00001036,Michael Thomas,T-Mobile,Magenta Max
ABN00001037,Mehdi Idrissi,T-Mobile,Magenta
ABN00001038,Emma Bernard,Vodafone,Vodafone Unlimited
ABN00001039,Jean Dubois,Vodafone,Vodafone Red
ABN00001040,Laurent Garcia,Orange France,Orange 5G 100 Go
ABN00001041,John Tazi,Orange Maroc,Orange Pro
ABN00001042,Ali El Amrani,Maroc Telecom,Jawal Illimité
ABN00001043,Sofia Martin,Bouygues Telecom,Sensation
ABN00001044,Marie Garcia,Inwi,Inwi Unlimited
ABN00001045,Karim El Amrani,Free Mobile,Free 2€
ABN00001046,Thomas Fassi,Inwi,Inwi 60 Go
ABN00001047,Jean Ouazzani,Free Mobile,Free 2€
ABN00001048,David Miller,Maroc Telecom,Forfait Entreprise
ABN00001049,Léa Smith,Free Mobile,Free 2€
ABN00001050,Omar Martin,Vodafone,Vodafone Red
ABN00001051,Michel Benali,Free Mobile,Free 5G
ABN00001052,Lisa Brown,Orange Maroc,Orange Pro
ABN00001053,James Filali,Orange Maroc,Orange 80 Go
ABN00001054,Sophie Lazrak,T-Mobile,Magenta
ABN00001055,Khadija Robert,Bouygues Telecom,B&YOU 100 Go
ABN00001056,Camille Idrissi,Maroc Telecom,Jawal Illimité
ABN00001057,Ahmed El Fassi,Free Mobile,Free 5G
ABN00001058,Mohammed Garcia,Free Mobile,Free 2€
ABN00001059,Nicolas Tazi,Maroc Telecom,Jawal 100 Go
ABN00001060,Léa Thomas,Orange Maroc,Orange Max
ABN00001061,Ahmed Dubois,Inwi,Inwi Unlimited
ABN00001062,Khadija Tazi,Maroc Telecom,Forfait Entreprise
ABN00001063,Nora Moreau,Vodafone,Vodafone Unlimited
ABN00001064,Laurent Durand,SFR,SFR 80 Go
ABN00001065,Camille Durand,Bouygues Telecom,Sensation
ABN00001066,Sarah Garcia,SFR,SFR Power
ABN00001067,Robert Kettani,Maroc Telecom,Jawal 50 Go
ABN00001068,Michel Ouazzani,Free Mobile,Free 2€
ABN00001069,Michael Miller,Free Mobile,Free 2€
ABN00001070,Youssef Richard,Maroc Telecom,Forfait Entreprise
ABN00001071,Laurent Kettani,Inwi,Inwi 60 Go
ABN00001072,Sophie Ouazzani,SFR,SFR 80 Go
ABN00001073,Karim Garcia,Orange France,Orange 5G 100 Go
ABN00001074,Laurent Dupont,Bouygues Telecom,Sensation
ABN00001075,Michel Benali,SFR,SFR Power
ABN00001076,Marie Lefebvre,Free Mobile,Free 5G
ABN00001077,John Lefebvre,Maroc Telecom,Jawal 100 Go
ABN00001078,Sarah El Fassi,Inwi,Inwi 60 Go
ABN00001079,Omar Simon,Bouygues Telecom,B&YOU 100 Go
ABN00001080,Pierre Filali,Vodafone,Vodafone Unlimited
ABN00001081,Omar Smith,Maroc Telecom,Jawal Illimité
ABN00001082,Ahmed Bennani,Vodafone,Vodafone Red
ABN00001083,Mohammed Laurent,Orange Maroc,Orange 80 Go
ABN00001084,Karim Alaoui,Orange Maroc,Orange 40 Go
ABN00001085,Karim Laurent,Bouygues Telecom,Sensation
ABN00001086,Camille Leroy,Maroc Telecom,Jawal Illimité
ABN00001087,Karim Tazi,Maroc Telecom,Jawal Illimité
ABN00001088,Hassan Miller,SFR,SFR 80 Go
ABN00001089,Jean Durand,Inwi,Inwi Unlimited
ABN00001090,Nicolas Garcia,T-Mobile,Magenta Max
ABN00001091,Léa Ouazzani,Vodafone,Vodafone Unlimited
ABN00001092,Mohammed Laurent,T-Mobile,Magenta Max
ABN00001093,Sofia Sefrioui,Inwi,Inwi Unlimited
ABN00001094,Fatima Filali,Inwi,Inwi Unlimited
ABN00001095,Chloé Davis,Orange Maroc,Orange Max
ABN00001096,Fatima Garcia,Vodafone,Vodafone Unlimited
ABN00001097,Aïcha Chraibi,T-Mobile,Magenta Max
ABN00001098,Jessica Filali,Orange France,Orange 5G 100 Go
ABN00001099,Marie Benali,Free Mobile,Free 2€
ABN00001100,Julie Laurent,Inwi,Inwi Unlimited
ABN00001101,Ahmed El Fassi,Vodafone,Vodafone Red
ABN00001102,Khadija Lazrak,Orange Maroc,Orange 80 Go
ABN00001103,Omar Simon,Orange Maroc,Orange 40 Go
ABN00001104,Mehdi Durand,Orange France,Orange 5G Unlimited
ABN00001105,Omar Jones,Bouygues Telecom,Sensation
ABN00001106,Jean Williams,SFR,SFR 80 Go
ABN00001107,Nicolas Sefrioui,T-Mobile,Magenta
ABN00001108,Léa Benjelloun,Maroc Telecom,Forfait Entreprise
ABN00001109,Laurent Michel,Inwi,Inwi 30 Go
ABN00001110,Emma Brown,SFR,SFR 80 Go
ABN00001111,Sophie Chraibi,Free Mobile,Free 5G
ABN00001112,Zineb Davis,T-Mobile,Magenta Max
ABN00001113,Fatima Lefebvre,Maroc Telecom,Jawal 100 Go
ABN00001114,Fatima Chraibi,Inwi,Inwi 60 Go
ABN00001115,Laurent Martin,Maroc Telecom,Forfait Entreprise
ABN00001116,Ashley El Amrani,Free Mobile,Free 2€
ABN00001117,Chloé Alaoui,SFR,SFR Power
ABN00001118,Karim Moreau,Orange France,Orange 5G 100 Go
ABN00001119,Sophie Bennani,Bouygues Telecom,B&YOU 100 Go
ABN00001120,Mehdi Filali,Orange France,Orange 5G Unlimited
ABN00001121,Laurent Benjelloun,Vodafone,Vodafone Unlimited
ABN00001122,James Dubois,Maroc Telecom,Forfait Entreprise
ABN00001123,Zineb Alaoui,SFR,SFR 80 Go
ABN00001124,Sophie Benjelloun,SFR,SFR Power
ABN00001125,Michael Filali,SFR,SFR Power
ABN00001126,Aïcha Durand,Vodafone,Vodafone Unlimited
ABN00001127,Lisa Laurent,Bouygues Telecom,Sensation
ABN00001128,Karim Garcia,Orange Maroc,Orange 80 Go
ABN00001129,Zineb Lazrak,Maroc Telecom,Jawal 100 Go
ABN00001130,Ashley Moreau,Orange France,Orange 5G Unlimited
ABN00001131,Alexandre Moreau,Inwi,Inwi 30 Go
ABN00001132,Thomas Williams,Maroc Telecom,Jawal Illimité
ABN00001133,Ali Thomas,Inwi,Inwi 60 Go
ABN00001134,Ali Lefebvre,SFR,SFR 80 Go
ABN00001135,Sophie Garcia,Vodafone,Vodafone Unlimited
ABN00001136,Sarah Brown,Bouygues Telecom,B&YOU 100 Go
ABN00001137,Michael El Amrani,SFR,SFR 80 Go
ABN00001138,Salma Bernard,T-Mobile,Magenta Max
ABN00001139,Nicolas Bernard,Orange Maroc,Orange 80 Go
ABN00001140,David Dubois,Inwi,Inwi Unlimited
ABN00001141,Camille Lazrak,Orange Maroc,Orange Max
ABN00001142,Léa Tazi,SFR,SFR 80 Go
ABN00001143,Michel Chraibi,Orange Maroc,Orange Pro
ABN00001144,Julie Garcia,T-Mobile,Magenta Max
ABN00001145,Ali Garcia,Orange Maroc,Orange Max
ABN00001146,Marie Richard,SFR,SFR Power
ABN00001147,Youssef Richard,T-Mobile,Magenta
ABN00001148,David Bennani,Free Mobile,Free 2€
ABN00001149,Mohammed Sefrioui,Orange France,Orange 5G 100 Go
ABN00001150,Mehdi Davis,Free Mobile,Free 5G
ABN00001151,Jean Laurent,Orange Maroc,Orange Pro
ABN00001152,John Filali,Vodafone,Vodafone Unlimited
ABN00001153,Julie Lefebvre,Free Mobile,Free 2€
ABN00001154,Léa Leroy,Orange Maroc,Orange 40 Go
ABN00001155,Ashley Benali,Orange France,Orange 5G Unlimited
ABN00001156,Emma Lazrak,Vodafone,Vodafone Unlimited
ABN00001157,Lisa Robert,Orange France,Orange 5G Unlimited
ABN00001158,Nicolas Davis,Maroc Telecom,Forfait Entreprise
ABN00001159,Julie Kettani,Bouygues Telecom,Sensation
ABN00001160,Thomas Richard,Vodafone,Vodafone Unlimited
ABN00001161,Omar Williams,Inwi,Inwi 30 Go
ABN00001162,Jean Michel,Bouygues Telecom,B&YOU 100 Go
ABN00001163,Zineb Filali,SFR,SFR Power
ABN00001164,Julie Miller,SFR,SFR 80 Go
ABN00001165,Nora Dupont,Inwi,Inwi 60 Go
ABN00001166,Ali Johnson,Orange Maroc,Orange Max
ABN00001167,Emily Dubois,Orange Maroc,Orange 80 Go
ABN00001168,Camille Bennani,Orange France,Orange 5G 100 Go
ABN00001169,James Dubois,Inwi,Inwi 30 Go
ABN00001170,Lisa Fassi,Vodafone,Vodafone Unlimited
ABN00001171,Laurent Davis,Vodafone,Vodafone Red
ABN00001172,Chloé Bennani,Bouygues Telecom,Sensation
ABN00001173,Jessica Berrada,Orange France,Orange 5G 100 Go
ABN00001174,Emma Robert,Orange France,Orange 5G 100 Go
ABN00001175,Marie Garcia,Vodafone,Vodafone Red
ABN00001176,Laurent Robert,Orange Maroc,Orange Max
ABN00001177,Ali Simon,SFR,SFR Power
ABN00001178,Ashley Bennani,Vodafone,Vodafone Unlimited
ABN00001179,Camille Williams,Bouygues Telecom,B&YOU 100 Go
ABN00001180,Mohammed Michel,T-Mobile,Magenta
ABN00001181,Emily Ouazzani,Free Mobile,Free 2€
ABN00001182,David Martin,Inwi,Inwi 30 Go
ABN00001183,Mehdi Filali,Bouygues Telecom,B&YOU 100 Go
ABN00001184,Karim Dupont,T-Mobile,Magenta Max
ABN00001185,Julie Leroy,SFR,SFR Power
ABN00001186,Karim Kettani,T-Mobile,Magenta
ABN00001187,Nora Garcia,Inwi,Inwi Unlimited
ABN00001188,Michael Martin,Bouygues Telecom,B&YOU 100 Go
ABN00001189,Khadija Durand,Vodafone,Vodafone Red
ABN00001190,Jean Jones,Free Mobile,Free 2€
ABN00001191,Karim Leroy,Free Mobile,Free 5G
ABN00001192,Robert Fassi,T-Mobile,Magenta
ABN00001193,Sarah Garcia,Free Mobile,Free 5G
ABN00001194,Léa Lefebvre,Inwi,Inwi Unlimited
ABN00001195,Emily Kettani,Free Mobile,Free 5G
ABN00001196,Ashley Fassi,Bouygues Telecom,Sensation
ABN00001197,Aïcha El Fassi,Inwi,Inwi 60 Go
ABN00001198,Ahmed Chraibi,Maroc Telecom,Jawal Illimité
ABN00001199,Alexandre Laurent,SFR,SFR Power
ABN00001200,David Michel,SFR,SFR Power
ABN00001201,Julie Miller,Free Mobile,Free 5G
ABN00001202,Karim Dubois,Orange France,Orange 5G 100 Go
ABN00001203,Jean Brown,Maroc Telecom,Jawal 50 Go
ABN00001204,Mehdi Berrada,Maroc Telecom,Forfait Entreprise
ABN00001205,Zineb Moreau,Bouygues Telecom,Sensation
ABN00001206,Zineb Fassi,Bouygues Telecom,B&YOU 100 Go
ABN00001207,Léa Durand,Bouygues Telecom,Sensation
ABN00001208,Marie Dupont,Bouygues Telecom,B&YOU 100 Go
ABN00001209,Sarah Laurent,Orange Maroc,Orange 40 Go
ABN00001210,Michel Lefebvre,SFR,SFR Power
ABN00001211,Jean Davis,Inwi,Inwi Unlimited
ABN00001212,Omar Bennani,SFR,SFR 80 Go
ABN00001213,Chloé Smith,T-Mobile,Magenta Max
ABN00001214,Omar Alaoui,Inwi,Inwi Unlimited
ABN00001215,Emily Kettani,T-Mobile,Magenta Max
ABN00001216,Mehdi Chraibi,Maroc Telecom,Jawal 50 Go
ABN00001217,Leila Fassi,Vodafone,Vodafone Red
ABN00001218,Nora Alaoui,Vodafone,Vodafone Unlimited
ABN00001219,Ali Miller,Maroc Telecom,Jawal 50 Go
ABN00001220,Sarah Laurent,SFR,SFR 80 Go
ABN00001221,Lisa Richard,Vodafone,Vodafone Unlimited
ABN00001222,Sophie Garcia,SFR,SFR 80 Go
ABN00001223,Zineb Williams,Inwi,Inwi Unlimited
ABN00001224,Camille Thomas,Inwi,Inwi 60 Go
ABN00001225,Lisa Bernard,Bouygues Telecom,Sensation
ABN00001226,Jean Benjelloun,Inwi,Inwi 60 Go
ABN00001227,Léa Benali,Free Mobile,Free 2€
ABN00001228,James Idrissi,Free Mobile,Free 5G
ABN00001229,Jessica Berrada,Orange France,Orange 5G Unlimited
ABN00001230,Sarah Dupont,T-Mobile,Magenta Max
ABN00001231,Pierre Williams,Vodafone,Vodafone Unlimited
ABN00001232,Léa Alaoui,Orange Maroc,Orange Pro
ABN00001233,Lisa Smith,Vodafone,Vodafone Unlimited
ABN00001234,Sofia Idrissi,Free Mobile,Free 5G
ABN00001235,Thomas Ouazzani,Vodafone,Vodafone Unlimited
ABN00001236,Alexandre Petit,Bouygues Telecom,Sensation
ABN00001237,David Johnson,Inwi,Inwi 60 Go
ABN00001238,Camille Ouazzani,Orange France,Orange 5G Unlimited
ABN00001239,Lisa Bennani,Inwi,Inwi Unlimited
ABN00001240,Camille Tazi,Inwi,Inwi 60 Go
ABN00001241,Thomas Kettani,Maroc Telecom,Jawal Illimité
ABN00001242,Michael Chraibi,T-Mobile,Magenta
ABN00001243,Emma Johnson,Bouygues Telecom,B&YOU 100 Go
ABN00001244,Julie Chraibi,Bouygues Telecom,Sensation
ABN00001245,Laurent Alaoui,Free Mobile,Free 2€
ABN00001246,Fatima Lefebvre,Inwi,Inwi 60 Go
ABN00001247,Michel Durand,Orange France,Orange 5G 100 Go
ABN00001248,Sophie Thomas,Maroc Telecom,Forfait Entreprise
ABN00001249,Ashley Filali,Orange France,Orange 5G 100 Go
ABN00001250,David Thomas,Vodafone,Vodafone Red
ABN00001251,Youssef Benjelloun,Maroc Telecom,Jawal Illimité
ABN00001252,Laurent Idrissi,Orange Maroc,Orange 40 Go
ABN00001253,Léa Williams,Free Mobile,Free 5G
ABN00001254,Laurent El Amrani,Vodafone,Vodafone Unlimited
ABN00001255,Salma Durand,Orange France,Orange 5G 100 Go
ABN00001256,Zineb Lazrak,SFR,SFR Power
ABN00001257,James Garcia,SFR,SFR 80 Go
ABN00001258,Fatima Alaoui,Vodafone,Vodafone Unlimited
ABN00001259,Chloé Lazrak,Bouygues Telecom,Sensation
ABN00001260,Karim Fassi,Free Mobile,Free 5G
ABN00001261,Chloé Ouazzani,Bouygues Telecom,B&YOU 100 Go
ABN00001262,Michel Johnson,Bouygues Telecom,B&YOU 100 Go
ABN00001263,David Chraibi,Maroc Telecom,Jawal Illimité
ABN00001264,Sophie Davis,SFR,SFR 80 Go
ABN00001265,Mohammed Alaoui,T-Mobile,Magenta
ABN00001266,Michel Filali,Maroc Telecom,Jawal 100 Go
ABN00001267,Ashley Williams,Vodafone,Vodafone Unlimited
ABN00001268,Jean Dupont,Free Mobile,Free 5G
ABN00001269,Karim Dupont,Free Mobile,Free 2€
ABN00001270,Leila Benjelloun,Inwi,Inwi 60 Go
ABN00001271,Leila Fassi,Free Mobile,Free 2€
ABN00001272,Thomas Berrada,Maroc Telecom,Jawal Illimité
ABN00001273,Michael Benjelloun,SFR,SFR Power
ABN00001274,Laurent Durand,Orange Maroc,Orange 80 Go
ABN00001275,Youssef Leroy,Orange France,Orange 5G Unlimited
ABN00001276,Aïcha Martin,Orange France,Orange 5G 100 Go
ABN00001277,Leila El Fassi,Bouygues Telecom,Sensation
ABN00001278,Mehdi Bernard,Inwi,Inwi 30 Go
ABN00001279,Michael Bernard,Orange France,Orange 5G Unlimited
ABN00001280,Michael Garcia,Vodafone,Vodafone Unlimited
ABN00001281,Jean Sefrioui,Orange Maroc,Orange 40 Go
ABN00001282,Michael Garcia,Orange France,Orange 5G 100 Go
ABN00001283,Aïcha El Fassi,SFR,SFR Power
ABN00001284,Mehdi Idrissi,Vodafone,Vodafone Red
ABN00001285,Sofia Simon,Orange France,Orange 5G 100 Go
ABN00001286,Emma Simon,Orange Maroc,Orange Max
ABN00001287,Ahmed Fassi,Vodafone,Vodafone Red
ABN00001288,Alexandre Ouazzani,Bouygues Telecom,B&YOU 100 Go
ABN00001289,Fatima Fassi,Bouygues Telecom,Sensation
ABN00001290,Robert Kettani,Inwi,Inwi 60 Go
ABN00001291,Salma Garcia,Orange Maroc,Orange 80 Go
ABN00001292,Youssef Laurent,Bouygues Telecom,Sensation
ABN00001293,Emily Richard,SFR,SFR Power
ABN00001294,Aïcha Idrissi,Bouygues Telecom,Sensation
ABN00001295,Sarah Martin,Vodafone,Vodafone Unlimited
ABN00001296,Sarah Ouazzani,SFR,SFR Power
ABN00001297,Julie Benjelloun,Vodafone,Vodafone Red
ABN00001298,Ahmed Lazrak,Maroc Telecom,Forfait Entreprise
ABN00001299,Khadija Idrissi,Maroc Telecom,Jawal 50 Go
ABN00001300,Pierre Tazi,Free Mobile,Free 5G
ABN00001301,Aïcha Williams,Free Mobile,Free 2€
ABN00001302,Julie Robert,Bouygues Telecom,B&YOU 100 Go
ABN00001303,Karim El Amrani,T-Mobile,Magenta Max
ABN00001304,Nora Richard,Maroc Telecom,Jawal 100 Go
ABN00001305,Omar Richard,Inwi,Inwi 30 Go
ABN00001306,Youssef Richard,T-Mobile,Magenta Max
ABN00001307,Emily Durand,T-Mobile,Magenta Max
ABN00001308,Chloé Durand,Inwi,Inwi 60 Go
ABN00001309,Salma Williams,SFR,SFR 80 Go
ABN00001310,Sophie Sefrioui,Bouygues Telecom,B&YOU 100 Go
ABN00001311,Fatima Chraibi,T-Mobile,Magenta Max
ABN00001312,Marie Lazrak,Maroc Telecom,Jawal Illimité
ABN00001313,Marie Williams,SFR,SFR 80 Go
ABN00001314,Emma Kettani,Free Mobile,Free 2€
ABN00001315,Nora Berrada,Orange France,Orange 5G 100 Go
ABN00001316,Fatima Leroy,Vodafone,Vodafone Red
ABN00001317,Lisa Chraibi,Maroc Telecom,Jawal Illimité
ABN00001318,Jean Brown,SFR,SFR Power
ABN00001319,Youssef Leroy,Orange France,Orange 5G Unlimited
ABN00001320,Nicolas Chraibi,SFR,SFR Power
ABN00001321,Laurent Kettani,Bouygues Telecom,B&YOU 100 Go
ABN00001322,James Laurent,Inwi,Inwi Unlimited
ABN00001323,Jessica Bernard,SFR,SFR Power
ABN00001324,James Moreau,Bouygues Telecom,Sensation
ABN00001325,Nicolas Dubois,T-Mobile,Magenta Max
ABN00001326,Jessica Benali,Free Mobile,Free 5G
ABN00001327,Sofia Martin,SFR,SFR Power
ABN00001328,Jessica Lefebvre,Inwi,Inwi Unlimited
ABN00001329,Emily Berrada,Free Mobile,Free 2€
ABN00001330,Jessica Robert,Orange France,Orange 5G Unlimited
ABN00001331,Jessica Ouazzani,Bouygues Telecom,B&YOU 100 Go
ABN00001332,Pierre Garcia,Free Mobile,Free 5G
ABN00001333,Mehdi Dubois,T-Mobile,Magenta Max
ABN00001334,Khadija Martin,SFR,SFR Power
ABN00001335,Laurent Lazrak,SFR,SFR Power
ABN00001336,Khadija Laurent,Orange Maroc,Orange 40 Go
ABN00001337,Omar Michel,Bouygues Telecom,Sensation
ABN00001338,Pierre Lefebvre,Inwi,Inwi 30 Go
ABN00001339,Michel Michel,Inwi,Inwi Unlimited
ABN00001340,Sarah Benali,Orange France,Orange 5G Unlimited
ABN00001341,Fatima Benali,Vodafone,Vodafone Red
ABN00001342,Sarah Kettani,Bouygues Telecom,B&YOU 100 Go
ABN00001343,Alexandre Petit,Maroc Telecom,Jawal Illimité
ABN00001344,Michel Idrissi,Bouygues Telecom,Sensation
ABN00001345,Nora Michel,Maroc Telecom,Jawal 50 Go
ABN00001346,Ali Simon,Maroc Telecom,Jawal Illimité
ABN00001347,Léa Sefrioui,Orange Maroc,Orange 80 Go
ABN00001348,Camille Idrissi,Inwi,Inwi 60 Go
ABN00001349,Ali Davis,Orange Maroc,Orange Max
ABN00001350,Ali El Amrani,Inwi,Inwi 60 Go
ABN00001351,Thomas Benali,Maroc Telecom,Forfait Entreprise
ABN00001352,Fatima Lefebvre,Orange France,Orange 5G Unlimited
ABN00001353,Léa Durand,Vodafone,Vodafone Red
ABN00001354,Karim Jones,Free Mobile,Free 5G
ABN00001355,Sophie Dubois,Orange Maroc,Orange Max
ABN00001356,Thomas Kettani,Orange Maroc,Orange Pro
ABN00001357,Emma Durand,Orange Maroc,Orange Pro
ABN00001358,Lisa Ouazzani,T-Mobile,Magenta Max
ABN00001359,Sarah Johnson,Orange France,Orange 5G 100 Go
ABN00001360,Fatima Alaoui,Inwi,Inwi 60 Go
ABN00001361,Thomas Benali,T-Mobile,Magenta Max
ABN00001362,Fatima Laurent,SFR,SFR Power
ABN00001363,Julie Miller,Vodafone,Vodafone Red
ABN00001364,Salma El Fassi,SFR,SFR Power
ABN00001365,Camille El Fassi,Orange Maroc,Orange Pro
ABN00001366,Nora Robert,Vodafone,Vodafone Unlimited
ABN00001367,Jessica Brown,Free Mobile,Free 5G
ABN00001368,Sofia Brown,Vodafone,Vodafone Red
ABN00001369,Sarah Smith,Orange France,Orange 5G Unlimited
ABN00001370,Marie Garcia,Inwi,Inwi Unlimited
ABN00001371,Sarah Kettani,SFR,SFR Power
ABN00001372,Michel Davis,Inwi,Inwi 60 Go
ABN00001373,Robert Michel,Free Mobile,Free 5G
ABN00001374,Sofia Dupont,Bouygues Telecom,Sensation
ABN00001375,Hassan Garcia,Maroc Telecom,Jawal 50 Go
ABN00001376,Emily Tazi,Orange France,Orange 5G 100 Go
ABN00001377,Lisa El Fassi,Maroc Telecom,Jawal 50 Go
ABN00001378,Alexandre Williams,Maroc Telecom,Forfait Entreprise
ABN00001379,Pierre Richard,Vodafone,Vodafone Red
ABN00001380,Julie Williams,SFR,SFR 80 Go
ABN00001381,Nicolas Benjelloun,T-Mobile,Magenta
ABN00001382,Sophie Benali,SFR,SFR Power
ABN00001383,Thomas Durand,Vodafone,Vodafone Red
ABN00001384,Mohammed Dubois,Bouygues Telecom,Sensation
ABN00001385,Ali Miller,Free Mobile,Free 5G
ABN00001386,Ali Laurent,Free Mobile,Free 5G
ABN00001387,Sofia Williams,Orange France,Orange 5G Unlimited
ABN00001388,Ahmed Alaoui,SFR,SFR 80 Go
ABN00001389,Mohammed Dupont,Orange Maroc,Orange 40 Go
ABN00001390,Julie Benjelloun,Vodafone,Vodafone Red
ABN00001391,John El Amrani,Inwi,Inwi 30 Go
ABN00001392,Thomas Chraibi,Orange France,Orange 5G 100 Go
ABN00001393,Julie Ouazzani,Bouygues Telecom,Sensation
ABN00001394,Pierre Garcia,T-Mobile,Magenta Max
ABN00001395,Léa Robert,Inwi,Inwi 60 Go
ABN00001396,Emma Leroy,Bouygues Telecom,B&YOU 100 Go
ABN00001397,Karim Simon,T-Mobile,Magenta Max
ABN00001398,Pierre Miller,Inwi,Inwi Unlimited
ABN00001399,Alexandre El Fassi,Free Mobile,Free 5G
ABN00001400,Pierre Benjelloun,Orange France,Orange 5G Unlimited
ABN00001401,Léa Alaoui,Inwi,Inwi Unlimited
ABN00001402,Hassan Lazrak,Bouygues Telecom,B&YOU 100 Go
ABN00001403,Khadija Durand,Free Mobile,Free 5G
ABN00001404,Nora Jones,SFR,SFR Power
ABN00001405,Sofia Berrada,T-Mobile,Magenta
ABN00001406,Khadija Lazrak,Maroc Telecom,Jawal Illimité
ABN00001407,Ali Simon,Free Mobile,Free 2€
ABN00001408,Laurent Richard,Orange Maroc,Orange Pro
ABN00001409,Emma Durand,Free Mobile,Free 2€
ABN00001410,Pierre Smith,Orange France,Orange 5G Unlimited
ABN00001411,Leila Williams,Maroc Telecom,Jawal Illimité
ABN00001412,Sofia Lefebvre,Orange France,Orange 5G 100 Go
ABN00001413,Mehdi Durand,Inwi,Inwi 60 Go
ABN00001414,Ashley Richard,T-Mobile,Magenta Max
ABN00001415,Hassan Robert,Maroc Telecom,Jawal 100 Go
ABN00001416,Salma Bennani,T-Mobile,Magenta
ABN00001417,Ashley Moreau,Orange France,Orange 5G 100 Go
ABN00001418,Mohammed Johnson,Orange France,Orange 5G 100 Go
ABN00001419,Khadija Leroy,Orange France,Orange 5G 100 Go
ABN00001420,Hassan Lefebvre,Orange Maroc,Orange 40 Go
ABN00001421,Michael Fassi,Vodafone,Vodafone Red
ABN00001422,Jessica Moreau,T-Mobile,Magenta Max
ABN00001423,Léa Laurent,Inwi,Inwi Unlimited
ABN00001424,Alexandre Idrissi,SFR,SFR 80 Go
ABN00001425,Robert Leroy,Bouygues Telecom,B&YOU 100 Go
ABN00001426,Khadija Lefebvre,Free Mobile,Free 2€
ABN00001427,Fatima Chraibi,Orange France,Orange 5G Unlimited
ABN00001428,Emma Sefrioui,Maroc Telecom,Jawal Illimité
ABN00001429,Emma Richard,Free Mobile,Free 5G
ABN00001430,Zineb Petit,Free Mobile,Free 2€
ABN00001431,James Martin,SFR,SFR Power
ABN00001432,John Bennani,SFR,SFR Power
ABN00001433,Chloé Moreau,Bouygues Telecom,B&YOU 100 Go
ABN00001434,Michel Chraibi,Bouygues Telecom,B&YOU 100 Go
ABN00001435,John Filali,Orange Maroc,Orange Pro
ABN00001436,Robert Martin,Inwi,Inwi Unlimited
ABN00001437,Marie Garcia,SFR,SFR Power
ABN00001438,John Michel,Orange France,Orange 5G 100 Go
ABN00001439,Marie Idrissi,Maroc Telecom,Jawal 100 Go
ABN00001440,Nicolas Petit,Free Mobile,Free 5G
ABN00001441,Aïcha Durand,Bouygues Telecom,B&YOU 100 Go
ABN00001442,Michel Kettani,Bouygues Telecom,Sensation
ABN00001443,Sarah Simon,Inwi,Inwi Unlimited
ABN00001444,Omar Robert,SFR,SFR 80 Go
ABN00001445,Youssef Garcia,Bouygues Telecom,Sensation
ABN00001446,Mehdi Sefrioui,Inwi,Inwi Unlimited
ABN00001447,Salma Simon,Inwi,Inwi 60 Go
ABN00001448,Nora Garcia,Inwi,Inwi Unlimited
ABN00001449,Zineb Fassi,Bouygues Telecom,Sensation
ABN00001450,Julie Idrissi,Inwi,Inwi 30 Go
ABN00001451,Ahmed Fassi,Bouygues Telecom,Sensation
ABN00001452,Karim El Amrani,T-Mobile,Magenta Max
ABN00001453,Leila Berrada,SFR,SFR 80 Go
ABN00001454,Hassan Filali,Bouygues Telecom,Sensation
ABN00001455,Emily Robert,Vodafone,Vodafone Red
ABN00001456,James Alaoui,Vodafone,Vodafone Unlimited
ABN00001457,David Chraibi,T-Mobile,Magenta
ABN00001458,Emma El Fassi,T-Mobile,Magenta Max
ABN00001459,Laurent Benjelloun,SFR,SFR 80 Go
ABN00001460,David Martin,Orange Maroc,Orange Max
ABN00001461,Léa Moreau,T-Mobile,Magenta Max
ABN00001462,Sarah Dubois,Maroc Telecom,Forfait Entreprise
ABN00001463,Emily El Amrani,Vodafone,Vodafone Unlimited
ABN00001464,Sofia Petit,Bouygues Telecom,Sensation
ABN00001465,Karim Tazi,T-Mobile,Magenta Max
ABN00001466,Marie Martin,Orange Maroc,Orange 80 Go
ABN00001467,Nora Berrada,Orange Maroc,Orange Max
ABN00001468,Ali Bernard,Inwi,Inwi Unlimited
ABN00001469,Emma El Fassi,Free Mobile,Free 2€
ABN00001470,Camille Alaoui,Inwi,Inwi Unlimited
ABN00001471,Sophie Richard,Vodafone,Vodafone Unlimited
ABN00001472,Pierre Martin,Bouygues Telecom,Sensation
ABN00001473,Léa Smith,Inwi,Inwi Unlimited
ABN00001474,James Leroy,Inwi,Inwi 60 Go
ABN00001475,Michael Davis,Free Mobile,Free 2€
ABN00001476,Laurent Robert,Inwi,Inwi 30 Go
ABN00001477,Zineb Robert,SFR,SFR Power
ABN00001478,Lisa Thomas,T-Mobile,Magenta
ABN00001479,Mohammed Benjelloun,Bouygues Telecom,B&YOU 100 Go
ABN00001480,Laurent Richard,Orange Maroc,Orange Max
ABN00001481,Mehdi Smith,SFR,SFR 80 Go
ABN00001482,Robert Richard,Orange Maroc,Orange Pro
ABN00001483,Lisa Sefrioui,Orange Maroc,Orange Pro
ABN00001484,Julie Moreau,Free Mobile,Free 2€
ABN00001485,Omar Michel,SFR,SFR Power
ABN00001486,Lisa Berrada,Maroc Telecom,Jawal Illimité
ABN00001487,Julie Jones,Free Mobile,Free 2€
ABN00001488,Léa Dupont,T-Mobile,Magenta Max
ABN00001489,David Benjelloun,T-Mobile,Magenta
ABN00001490,Ashley Benjelloun,Orange Maroc,Orange Pro
ABN00001491,Ahmed Williams,Maroc Telecom,Forfait Entreprise
ABN00001492,Pierre Martin,Maroc Telecom,Forfait Entreprise
ABN00001493,Camille Williams,Maroc Telecom,Forfait Entreprise
ABN00001494,David Johnson,T-Mobile,Magenta Max
ABN00001495,Emily Laurent,Inwi,Inwi Unlimited
ABN00001496,Pierre Durand,Free Mobile,Free 2€
ABN00001497,Omar Alaoui,Inwi,Inwi 30 Go
ABN00001498,Emily Kettani,Vodafone,Vodafone Red
ABN00001499,Marie Johnson,T-Mobile,Magenta
ABN00001500,Aïcha Thomas,Free Mobile,Free 5G
