nom_molecule,formule_chimique,masse_molaire,categorie,concentration
Polypropylène,H2O,148.537004042471,Alcaloïde,21.07499594334233
Oxygène,CH4,194.17151183132697,Acide Fort,57.124387243092876
Dioxyde de Carbone,C8H9NO2,48.182481626780806,Glucide,-10.004218660910322
Cholestérol,C2H5OH,8.284621561496383,Médicament,-11.723663156496869
PVC,CH3COOH,57.50134810260307,Acide Carboxylique,87.50528162816633
Hydroxyde de Sodium,C2H5OH,65.62191456101417,Hydrocarbure Aromatique,85.80850709592781
Glucose,CH3COOH,9.73716314644043,Inorganique,829.7534415050859
Caféine,C2H5OH,36.039814018190135,Gaz,4.881084254580572
Acide Acétique,NH3,169.25725903733286,Hydrocarbure,59.333229795653835
Polypropylène,CH4,194.35522331977197,Gaz,-9.995650881292537
Glucose,C2H5OH,14.759903552836057,Médicament,48.249644989203574
PVC,HCl,52.346154832877914,Acide Fort,3.1462488359729934
Polyéthylène,C8H10N4O2,157.93917609096235,Base Faible,12.915877045401102
Acide Sulfurique,(C3H6)n,133.15238864618667,Alcaloïde,29.710655410955145
Hydroxyde de Sodium,C7H8,45.9874179908878,Médicament,608.1026368840438
Eau,CH3COOH,391.218700849336,Inorganique,-3.206449874553514
Benzène,C6H12O6,158.40916643080874,Acide Fort,724.3439399270873
Ammoniaque,H2O,146.32381873000548,Polymère,18.921047744012164
Toluène,C6H6,20.276986764484505,Base Faible,4.527342192638359
Benzène,(C2H4)n,139.24115862149793,Hydrocarbure,14.091267535258204
Polypropylène,CO2,134.61621655808352,Hydrocarbure,3.286864599379837
Glucose,C6H6,7.906464323392363,Vitamine,7.046598624274343
Polypropylène,(C2H4)n,197.4669059988857,Glucide,15.62560078366058
PVC,CH4,44.16733781592781,Inorganique,62.94777992139066
Polyéthylène,C3H6O,165.5323900323085,Cétone,8.419300109280954
Méthane,C13H18O2,144.6782275199609,Médicament,10.653581592326553
Azote,N2,39.63222252712133,Inorganique,-3.4259552019962216
Azote,(C2H4)n,13.640819593265313,Vitamine,95.95673360633336
Aspirine,C6H6,205.4454319888482,Alcaloïde,413.25659617219884
Dioxyde de Carbone,C6H12O6,24.913259869944067,Hydrocarbure,7.102221300200059
Ibuprofène,H2SO4,35.94813308507115,Hydrocarbure Aromatique,-11.231869146204719
Ibuprofène,CH3COOH,-3.7422922318132947,Hydrocarbure,5.765248556058822
Polyéthylène,CO2,179.05998529541995,Médicament,61.524155904962115
Paracétamol,C8H9NO2,5.595348486518912,Polymère,-20.429424436687004
Toluène,(C2H4)n,1.3347282051031684,Glucide,251.38458163394557
Ibuprofène,C7H8,160.90530438825033,Gaz,35.853146882989066
Oxygène,N2,10.742892615626083,Base Faible,97.61700075676967
Eau,C6H12O6,24.331002592964868,Base Forte,512.8864260820197
Acétone,C13H18O2,34.065604176782784,Gaz,44.67613263413366
Ammoniaque,C8H9NO2,52.64400068634874,Base Faible,64.6705648404438
Acétone,C8H10N4O2,170.41258958737097,Cétone,31.844627379351728
Cholestérol,C6H12O6,59.127373749887894,Polymère,5.190603325952688
Oxygène,C9H8O4,164.73343662009682,Médicament,20.06096159556296
Vitamine C,C3H6O,121.72006062141236,Vitamine,-12.82244227382617
Éthanol,C8H9NO2,110.5479584077585,Médicament,10.5131759143856
Méthane,O2,34.7400061336409,Gaz,2.163385301296806
Polyéthylène,C2H5OH,43.48561491323153,Acide Fort,-0.7778099853831701
Ibuprofène,C6H12O6,188.7724652087178,Gaz,692.3087321810849
Paracétamol,N2,50.09198466171307,Polymère,86.23928245582115
Vitamine C,CH3COOH,16.77970884989535,Gaz,464.3515516055787
PVC,C8H9NO2,12.705455326089059,Glucide,100.20560143405172
Oxygène,NH3,205.6046854049693,Stéroïde,-16.09959758698135
Acide Sulfurique,CH3COOH,63.23585941447874,Inorganique,17.837209960422747
Acide Chlorhydrique,NaOH,297.38461796357933,Cétone,-10.186228057980454
Paracétamol,C8H9NO2,51.50473932689326,Acide Fort,44.201168764179485
Hydroxyde de Sodium,C13H18O2,135.84022395834148,Polymère,2.34311001892537
Eau,NaOH,176.73329647376056,Acide Fort,95.9513929163006
Polypropylène,C6H6,33.07005388838368,Gaz,26.69734272702215
Méthane,NaOH,11.192155967795276,Polymère,0.7324808351432441
Cholestérol,(C3H6)n,51.658388879025445,Hydrocarbure Aromatique,20.732830980842184
Caféine,C6H6,166.86451228167724,Hydrocarbure Aromatique,-1.4300703640151644
Benzène,C2H5OH,47.39773314584343,Hydrocarbure,89.50801620880165
Vitamine C,NaOH,11.150368464436887,Vitamine,16.766603372243438
Toluène,H2O,180.7074984017986,Base Forte,105.47115908160927
Glucose,(C2H4)n,33.25610777796306,Gaz,108.63367321160962
Dioxyde de Carbone,NaOH,18.777999989365693,Acide Fort,46.81290955283569
Glucose,CO2,37.71845979365357,Gaz,5.542871700141518
Cholestérol,CH4,25.792074033115867,Acide Fort,108.0690696939743
Caféine,CH4,39.7810420381942,Acide Fort,4.967354615351937
Azote,C8H10N4O2,31.295627524077474,Cétone,15.092044872241406
Eau,N2,10.755580971592696,Acide Fort,7.9335615035939036
Hydroxyde de Sodium,C6H12O6,162.42031771513533,Base Faible,712.7200170558676
Polyéthylène,H2O,57.244699261126655,Acide Carboxylique,13.788750643359165
Cholestérol,C27H46O,34.90627187777665,Alcaloïde,913.6477193537442
Aspirine,CH3COOH,31.44806080434519,Base Forte,95.25480940985443
Ammoniaque,(C3H6)n,33.881248186696375,Acide Carboxylique,21.634619135789595
Acide Chlorhydrique,N2,203.4452975679139,Acide Carboxylique,21.26728346288197
Cholestérol,(C3H6)n,153.48848108183924,Médicament,1051.056386165572
Acide Chlorhydrique,CH4,6.290270632620249,Polymère,111.38092278265266
Acétone,CH4,19.57143415303966,Polymère,103.41710758607314
Toluène,NH3,43.01775352010788,Acide Carboxylique,9.209452863993569
Caféine,CH4,16.917974114714106,Acide Fort,21.58708297384271
Hydroxyde de Sodium,C6H6,205.22426611345134,Alcool,88.55285832354427
Polypropylène,C7H8,29.682875931293477,Alcool,54.210179790771846
Hydroxyde de Sodium,(C2H4)n,224.14190690294532,Gaz,102.93982745954268
Paracétamol,CH4,128.28696791417664,Polymère,1049.6626449023388
Acide Sulfurique,NH3,225.2454258747795,Hydrocarbure Aromatique,-0.6845184447620358
Eau,(C2H4)n,223.63545512475014,Hydrocarbure Aromatique,89.68766859247154
Eau,C9H8O4,183.03309430780467,Médicament,34.37176866700064
Acide Acétique,C3H6O,178.73718158950464,Cétone,19.164918660209246
Benzène,N2,28.09836767867163,Vitamine,3.177282475624913
Éthanol,C7H8,210.77985354000236,Alcool,104.57790276471997
Oxygène,NaOH,21.020090393218254,Acide Fort,26.002079707217515
Acide Chlorhydrique,C6H6,25.104012318817908,Gaz,17.677669272103664
Ibuprofène,CH4,43.966591345324005,Polymère,142.04050808808535
Ammoniaque,C3H6O,461.4226025142144,Vitamine,187.30045816345924
Benzène,C8H10N4O2,299.9962461201879,Hydrocarbure,450.34909318452424
Méthane,C9H8O4,32.39550834388538,Hydrocarbure Aromatique,-10.534810513565144
Azote,NH3,177.25702887128725,Gaz,22.733890100268457
Ammoniaque,(C2H3Cl)n,212.44337038604868,Hydrocarbure Aromatique,29.869796387164588
Éthanol,CH3COOH,39.781657630584725,Vitamine,-3.825989441872953
Dioxyde de Carbone,C13H18O2,26.943533145084785,Glucide,11.1296646082114
Eau,H2SO4,9.008386251728858,Polymère,10.822359930334542
Glucose,C27H46O,84.50454977579986,Hydrocarbure Aromatique,7.594878089792479
Eau,HCl,86.83604160701323,Médicament,1.3223347082338286
Vitamine C,NH3,45.85776244073506,Hydrocarbure Aromatique,14.317036499076615
Glucose,CH3COOH,263.1309345152997,Hydrocarbure,48.958896225501064
Éthanol,CH3COOH,200.55102721280323,Glucide,18.093689162239432
Cholestérol,C9H8O4,17.58505124783946,Hydrocarbure Aromatique,-7.741632795574103
Ibuprofène,C6H8O6,277.16991829874917,Gaz,5.058077706677944
Glucose,C6H6,169.97053321127615,Inorganique,12.232362746327215
Acide Acétique,C27H46O,19.913610380646812,Alcool,856.3895762320243
Acide Sulfurique,C2H5OH,66.32369148227797,Polymère,305.164290613927
Éthanol,(C2H3Cl)n,-4.280737034308245,Base Faible,11.14460137588705
Eau,NH3,155.59613275450866,Acide Fort,-2.527682271211911
Benzène,O2,-3.7821298880267307,Gaz,21.014201989470507
Toluène,(C2H3Cl)n,28.909770401262534,Vitamine,2.705787973474502
Cholestérol,C13H18O2,37.79325880003873,Glucide,250.8736182725987
Cholestérol,C8H10N4O2,93.5948594940845,Acide Fort,2.4500147887870396
Oxygène,(C3H6)n,123.64075458356382,Polymère,108.71139994235807
Aspirine,C6H6,53.8274478002684,Hydrocarbure Aromatique,11.148384767968379
Ammoniaque,N2,12.78424921021994,Hydrocarbure Aromatique,25.806477780504224
PVC,(C3H6)n,178.684416483557,Hydrocarbure,229.85390127258933
Éthanol,C6H6,14.94213857268845,Base Forte,38.49354810816324
Paracétamol,C8H9NO2,148.01772734468864,Médicament,5.980835248901531
Acide Chlorhydrique,C9H8O4,129.7936582978798,Gaz,24.521654389362823
Paracétamol,C6H12O6,73.09056015537637,Médicament,92.8970122141175
Acide Chlorhydrique,C2H5OH,9.880129990738567,Vitamine,31.62499619324896
Hydroxyde de Sodium,C6H8O6,-2.242544087809307,Polymère,113.24828848901649
Azote,C6H6,26.092502944609056,Base Forte,20.74207226974768
Eau,CH3COOH,6.301054722284267,Acide Fort,10.193204318712361
Glucose,C6H6,1.0154394689831605,Gaz,41.577806965646054
Acide Acétique,C8H9NO2,193.64995215160098,Médicament,13.641126675969563
Oxygène,CO2,39.70166789475461,Base Faible,4.075708954168851
PVC,C27H46O,65.12700356296149,Acide Carboxylique,20.48521930755538
Éthanol,C6H8O6,39.23840193899772,Base Forte,8.729481831114988
Benzène,CO2,5.968593122725263,Acide Fort,-14.768664143467404
Paracétamol,C3H6O,4.722610409874246,Stéroïde,36.04491427309162
Acide Acétique,H2O,13.997901600410415,Hydrocarbure Aromatique,4.094738835513413
Acétone,O2,32.48696767570531,Acide Fort,19.18031792485907
Polypropylène,C7H8,156.6935272102178,Inorganique,-3.853781277416643
Azote,C8H9NO2,28.53163342131067,Base Faible,15.84487192759866
Acide Chlorhydrique,C3H6O,68.48246876838775,Inorganique,-4.613492339172409
Hydroxyde de Sodium,C6H6,44.487673921764554,Hydrocarbure Aromatique,15.223470014413937
Azote,(C2H4)n,12.835179892917765,Gaz,-7.648167007595965
Acide Acétique,C13H18O2,16.57621571149516,Hydrocarbure Aromatique,18.799301980731354
Acide Acétique,CH3COOH,29.52250522406974,Polymère,13.305233743147632
Acétone,C6H12O6,23.177631710871246,Glucide,1.6493929809903216
Hydroxyde de Sodium,C6H8O6,16.07930180909796,Polymère,32.93088497763495
Cholestérol,C2H5OH,17.649322106570057,Base Faible,1120.5805343224467
Hydroxyde de Sodium,C8H9NO2,1.2294060720476594,Alcool,13.740075694607459
Aspirine,C6H6,-4.59421843347706,Acide Carboxylique,20.926186228867298
Eau,(C2H3Cl)n,175.20932547072593,Médicament,1.1446771697997908
Caféine,H2SO4,8.28608183663091,Gaz,10.84618671165875
Eau,C9H8O4,146.59324259309346,Médicament,78.26559682806693
Benzène,CO2,30.766850613977287,Acide Fort,-0.2092804049789727
Méthane,C9H8O4,4.049577197176731,Base Faible,10.977743466196678
Acide Acétique,N2,20.1771039452827,Gaz,94.25721272960841
Benzène,H2O,11.20092268314049,Hydrocarbure,14.944401750000502
Eau,HCl,42.995521042207095,Acide Fort,8.692246699482771
Polypropylène,C27H46O,39.03901614094702,Inorganique,-13.031817156523918
Eau,(C2H3Cl)n,141.77623296167764,Médicament,28.647291759987667
Eau,HCl,3.7077715249360885,Inorganique,8.338972232176772
Ammoniaque,CH3COOH,69.59483638481326,Alcool,39.13183679350375
PVC,C8H9NO2,180.11893677186475,Polymère,110.90359774734442
Éthanol,(C3H6)n,359.0449799831486,Vitamine,116.99308983152778
Acide Chlorhydrique,C8H10N4O2,62.76326300606179,Médicament,20.95617531122484
Paracétamol,C8H10N4O2,213.5024112021585,Cétone,1.7804665389567003
Acide Sulfurique,C6H8O6,22.419700802939147,Alcool,21.40290846067704
Méthane,C2H5OH,30.792914414904452,Hydrocarbure Aromatique,-2.560573622490895
PVC,N2,10.131974273795471,Polymère,87.02101991395396
Ibuprofène,C7H8,51.558462084542356,Hydrocarbure,-3.725446863186428
Éthanol,C2H5OH,10.950315835544405,Hydrocarbure Aromatique,-3.8597600626165365
Toluène,(C2H4)n,67.43522446687095,Vitamine,8.006126568258798
Oxygène,C8H9NO2,143.68512351868515,Médicament,61.55758876274804
Oxygène,HCl,53.65244100015728,Polymère,-1.679588871854146
Dioxyde de Carbone,C8H9NO2,-3.4155316139066727,Glucide,9.079633639838246
Dioxyde de Carbone,NH3,125.18382642126338,Acide Fort,8.572938082080906
Dioxyde de Carbone,(C3H6)n,135.4950846220243,Hydrocarbure,891.535992783243
Hydroxyde de Sodium,O2,21.975830339691633,Gaz,20.19402849386159
Acide Chlorhydrique,C6H8O6,213.19677499484774,Acide Fort,7.086996476000497
Glucose,C8H9NO2,7.887882533327897,Glucide,41.57261482003206
Toluène,HCl,386.36822616014007,Gaz,24.38349971539905
Éthanol,C6H6,21.647998571989795,Polymère,0.7164228907680075
Ammoniaque,C3H6O,153.53403788368712,Alcaloïde,10.753183111705573
Acide Acétique,C27H46O,37.61896483365658,Hydrocarbure,-5.635243002534273
Méthane,H2O,69.29182035788213,Base Forte,6.1761987054398455
Acide Chlorhydrique,C8H10N4O2,192.2480309858119,Hydrocarbure Aromatique,-10.813340588446842
Ibuprofène,C8H10N4O2,33.50483547092432,Acide Fort,81.14834222704168
Azote,H2SO4,40.817019289790736,Hydrocarbure Aromatique,17.83131342388791
Éthanol,HCl,-12.916800803556093,Glucide,57.59923884110263
Toluène,(C3H6)n,145.01100356066746,Polymère,24.539315162263122
Benzène,C6H6,-6.643246115020403,Stéroïde,4.139808197974965
Ammoniaque,C2H5OH,55.87882205110307,Polymère,34.307916115552864
Vitamine C,C6H8O6,7.922898749328368,Polymère,14.732198128294371
Aspirine,CH3COOH,4.012207659167551,Stéroïde,19.428465933982327
Dioxyde de Carbone,CH3COOH,207.62182449921937,Alcool,69.39462842286305
PVC,NaOH,6.247249070159736,Gaz,10.281684902164587
Glucose,CH3COOH,49.40481294699049,Gaz,6.303994968756974
Vitamine C,H2O,27.572417728950626,Hydrocarbure Aromatique,53.33753142109497
Oxygène,NH3,-2.4453822126231444,Polymère,92.81203444302056
Vitamine C,(C2H3Cl)n,9.081383126661862,Cétone,104.34277076790251
Polypropylène,HCl,6.346064960014694,Gaz,-2.2712365040843823
Ibuprofène,C6H8O6,3.9852373059314345,Base Forte,28.055164638576453
Caféine,CH4,11.95049794739819,Hydrocarbure Aromatique,88.52117518083053
Méthane,C3H6O,21.441950374149013,Médicament,-0.6903538775263787
Éthanol,O2,14.311442085856346,Base Faible,101.5826945590253
Oxygène,C6H8O6,429.26723957787675,Médicament,112.85911592994108
Éthanol,C6H8O6,138.7970306506765,Glucide,90.41609933139638
Acide Chlorhydrique,H2O,5.603417983794113,Acide Fort,69.40094587881222
Azote,C6H6,17.633848254682086,Gaz,125.35306262938595
Hydroxyde de Sodium,C8H9NO2,0.9374860994894902,Acide Carboxylique,18.636354750198706
Vitamine C,C3H6O,17.286675860299628,Inorganique,99.83993689287601
Ammoniaque,C9H8O4,169.73865743109573,Gaz,2.247828536413346
PVC,CH4,167.24452022509723,Glucide,86.28470423000985
Paracétamol,C6H12O6,48.91306824975159,Alcaloïde,-21.11913007802039
Caféine,O2,152.53393639421182,Glucide,24.511798909418808
Toluène,C6H12O6,43.20493800193337,Glucide,16.55743424972258
Vitamine C,(C2H4)n,13.088347708582148,Alcaloïde,8.715712782598995
Toluène,C2H5OH,462.07808680745677,Polymère,104.16556042624953
Paracétamol,NH3,25.343115344520783,Glucide,64.62400760826341
Acétone,O2,36.256832216445446,Hydrocarbure Aromatique,11.695603340502416
Acétone,CH4,38.76179387982237,Hydrocarbure,92.0149848189303
Eau,(C2H4)n,83.10211546127921,Alcool,77.47248363107393
Aspirine,NaOH,29.35546968580544,Acide Carboxylique,20.40642984306503
Caféine,CH3COOH,158.4079301012477,Médicament,-18.68143179787956
Éthanol,C8H9NO2,11.107973216513841,Hydrocarbure,84.0547070522302
Azote,HCl,24.597662852080617,Gaz,212.64585695424375
PVC,C8H10N4O2,45.59609886251053,Acide Fort,26.286122671883568
Polypropylène,(C2H4)n,13.114438520378854,Gaz,49.70298803704138
Toluène,H2SO4,48.806302438603154,Base Forte,103.41453396765505
Toluène,C2H5OH,30.64124880447979,Hydrocarbure Aromatique,8.016172206444365
Paracétamol,N2,0.7925559026116389,Base Forte,3.5898668504949294
Méthane,NaOH,194.39149279567502,Stéroïde,16.556390619275845
Acide Acétique,C8H9NO2,36.30363931006757,Hydrocarbure Aromatique,230.20067889505623
Méthane,C2H5OH,15.899316568094669,Polymère,17.645064007797348
Acide Acétique,H2SO4,190.54527610175566,Médicament,52.57455374124348
Méthane,(C2H3Cl)n,62.950296395835785,Hydrocarbure Aromatique,25.696697002404346
Acide Sulfurique,O2,4.037874737948339,Cétone,-5.6988840691370095
Benzène,C27H46O,88.4040615286584,Glucide,23.168964742160554
Acétone,(C2H4)n,14.554661460633124,Base Faible,19.571511891910788
Paracétamol,(C2H4)n,65.47779569070029,Polymère,3.118430592641289
Acide Acétique,C8H10N4O2,186.21414455915274,Alcool,18.13932714021215
Vitamine C,O2,180.96739942698008,Glucide,15.593125244510105
Acétone,C6H8O6,53.6017415980299,Inorganique,5.9048149734584605
Acide Sulfurique,CH4,5.404663564818918,Polymère,16.839701374303424
Eau,C6H8O6,299.83614562246987,Inorganique,-11.410555485523194
Acide Sulfurique,C6H6,61.37773344108021,Alcool,15.853050431206121
Benzène,CO2,31.931040509945152,Hydrocarbure Aromatique,5.850673013880759
Aspirine,C2H5OH,234.0177981868227,Polymère,8.541904751378201
Acide Chlorhydrique,H2SO4,35.96367762812519,Stéroïde,768.0189791919128
Polyéthylène,H2SO4,24.8023650568665,Acide Carboxylique,92.41958354316824
Ammoniaque,C6H12O6,18.595121208962883,Polymère,8.543886969538727
Toluène,NaOH,201.1265763303851,Acide Carboxylique,14.234219572625445
Caféine,C6H6,178.37409405017203,Hydrocarbure Aromatique,29.843926215735376
Acétone,N2,63.47800100132973,Hydrocarbure Aromatique,11.000450615567372
Cholestérol,C27H46O,292.23342865845933,Hydrocarbure,97.99480103150624
Acide Sulfurique,CH3COOH,29.28302347836562,Base Faible,32.76311206578129
Azote,H2SO4,198.63608869612227,Hydrocarbure Aromatique,3.2718437975178305
Acétone,CH4,36.4913266153711,Gaz,80.06742680958504
Cholestérol,(C2H3Cl)n,20.00466610010742,Glucide,21.764937621875625
Méthane,C3H6O,8.111137499155603,Alcaloïde,25.77496770233401
Cholestérol,O2,11.405259911213822,Cétone,5.52239099328545
Polyéthylène,NaOH,47.56392537792193,Stéroïde,35.583262401223635
Cholestérol,HCl,189.2932873184515,Glucide,-8.00736001500502
Vitamine C,C27H46O,162.7957585520345,Acide Fort,0.7943658344105016
Ammoniaque,(C3H6)n,174.17721881396295,Hydrocarbure Aromatique,111.62770342551829
Polyéthylène,(C2H3Cl)n,92.87666222094039,Cétone,9.681991305539931
Aspirine,C27H46O,13.56915975637456,Alcaloïde,61.28643949434727
Eau,C6H12O6,126.38870156443227,Médicament,20.201333289090314
Caféine,C2H5OH,160.55529743277413,Gaz,16.818005724661155
Dioxyde de Carbone,C8H10N4O2,28.63408649356718,Hydrocarbure,20.581816604772158
Cholestérol,NH3,61.12759551162031,Médicament,-2.7883983343828946
Paracétamol,CH3COOH,18.763216602830347,Inorganique,0.8722136216949163
Acide Sulfurique,NaOH,182.40227471726612,Polymère,5.309346411817327
Caféine,C13H18O2,26.594832745272953,Polymère,15.32697479816953
Cholestérol,NaOH,42.54627203956234,Polymère,-1.9751222757075917
Benzène,C3H6O,-1.4614403860805467,Inorganique,-6.4123268965223845
Paracétamol,H2O,-21.416020754994747,Vitamine,10.41448023410363
Cholestérol,H2SO4,57.75308647839518,Vitamine,9.475257938626552
Paracétamol,CH3COOH,34.721291927008956,Médicament,57.12276966346297
Ibuprofène,C27H46O,53.65901023927477,Hydrocarbure,23.280594272360275
Acide Chlorhydrique,CH3COOH,171.60252993800032,Acide Carboxylique,16.136814105782225
Cholestérol,HCl,52.02333484552277,Cétone,988.1983729540962
Hydroxyde de Sodium,C27H46O,-7.663027989084462,Base Faible,12.941476577318374
Aspirine,C3H6O,82.19623253899731,Inorganique,1.1248030847264836
Oxygène,(C3H6)n,-13.47565569434753,Base Forte,24.705419853768433
Aspirine,C2H5OH,144.37011636826082,Vitamine,8.821463627144336
Acide Sulfurique,C8H9NO2,145.94234135976893,Base Forte,11.353816531840877
Polyéthylène,N2,29.184729235928657,Vitamine,239.0158899019561
Polyéthylène,C6H12O6,2.322421166153198,Alcool,5.545070105514923
Azote,C27H46O,351.30198287077536,Base Forte,14.36081831016834
Toluène,CH3COOH,212.65532891985313,Gaz,23.90293415536036
Caféine,N2,10.658858424127121,Polymère,19.042737896434357
Acide Sulfurique,C8H10N4O2,47.89056742674875,Cétone,4.337186422679082
PVC,C6H8O6,47.73381757827954,Médicament,21.982902528534606
Polyéthylène,C2H5OH,30.70474283001598,Polymère,6.46706139575846
Eau,CH3COOH,3.7124579108013513,Hydrocarbure,9.428711649963068
Acétone,(C2H4)n,300.5900941565051,Vitamine,48.91729515194382
Toluène,C27H46O,29.81220650692206,Alcaloïde,19.271310883323984
Eau,O2,26.13591700876758,Médicament,433.5615565007892
Acide Acétique,CH4,10.525794439874243,Acide Fort,22.289428345441596
Hydroxyde de Sodium,CH3COOH,-1.157058273588163,Stéroïde,52.186080722744805
Benzène,C8H10N4O2,82.64239787758159,Alcaloïde,-9.86336500660828
Paracétamol,C27H46O,-1.1098736608597335,Gaz,108.21899592128463
Aspirine,C9H8O4,45.70939623771835,Glucide,16.578998904897883
Hydroxyde de Sodium,C2H5OH,160.48562420605035,Acide Fort,690.4389238216495
Glucose,C9H8O4,60.56026709687101,Polymère,-3.945341466639463
Toluène,C8H9NO2,72.29183640874429,Hydrocarbure Aromatique,0.7704574904936541
Hydroxyde de Sodium,C2H5OH,-6.511321651826265,Polymère,113.51646643722682
Hydroxyde de Sodium,H2SO4,138.50517917518147,Polymère,15.63817439879417
Hydroxyde de Sodium,C8H10N4O2,163.72377014471058,Médicament,966.312438113032
Benzène,H2O,7.328080573923195,Gaz,-7.556310227127182
Méthane,C6H8O6,176.6304717325845,Gaz,67.55127477065707
Éthanol,C27H46O,236.7138154161407,Base Forte,0.09050166847290786
Azote,C13H18O2,20.7962774841166,Médicament,243.36829305523872
Acide Chlorhydrique,C6H8O6,5.246200922301309,Alcaloïde,57.23622132692408
Polyéthylène,C3H6O,48.23613569823365,Médicament,45.21389279348983
Azote,C6H6,19.7220965628878,Alcaloïde,10.202478047285386
Toluène,CH3COOH,64.56769782448345,Hydrocarbure Aromatique,16.161639410967844
Cholestérol,(C2H4)n,21.266072473495214,Polymère,20.540581771005147
Oxygène,H2O,190.23058223785478,Hydrocarbure,5.696761852737844
Caféine,(C2H4)n,43.28686112515982,Acide Carboxylique,-16.222959772552663
Aspirine,HCl,169.2271335023261,Glucide,789.3037043533978
Benzène,C8H9NO2,24.141694381521766,Vitamine,125.0527749050731
Acide Acétique,HCl,24.387765935304074,Glucide,4.308898260222224
Polypropylène,(C2H3Cl)n,-0.11182878405833208,Inorganique,13.572322450093335
Ammoniaque,C6H12O6,-3.6718174968236283,Polymère,116.2532971718282
Acétone,C6H6,2.3975822870081274,Hydrocarbure Aromatique,12.116567344918561
Caféine,C9H8O4,-13.176068011198574,Hydrocarbure Aromatique,4.915287713173733
Azote,NH3,142.35069886260152,Glucide,0.967088835989812
Ammoniaque,H2O,192.5215111981991,Médicament,-13.301823940474723
Paracétamol,CO2,42.68636916083564,Inorganique,24.354554879423297
Vitamine C,HCl,-4.44422032220168,Polymère,13.002434111043565
Paracétamol,N2,31.5817041861744,Base Faible,14.706754924679661
Acide Acétique,C7H8,176.8955193089637,Médicament,10.820288425851011
Acétone,C3H6O,141.4956067187222,Alcaloïde,-2.1411682668621355
Eau,N2,12.593751676427388,Gaz,317.1653450433703
Azote,C2H5OH,39.19171568822055,Base Faible,107.23119971815565
Vitamine C,NaOH,132.0034019979258,Acide Fort,3.348769371396825
Azote,C6H8O6,183.59557655313338,Acide Carboxylique,606.7553377651598
Polyéthylène,(C2H3Cl)n,44.647700808014115,Médicament,123.45671003423499
Méthane,C2H5OH,51.101580061601695,Hydrocarbure,122.69059737624332
Polypropylène,(C2H3Cl)n,57.11415689348202,Gaz,-0.27543322869596665
Benzène,CO2,158.84578958410984,Hydrocarbure,-14.49040470809765
Glucose,C6H12O6,44.40363760338025,Gaz,-4.238383504026809
Dioxyde de Carbone,C6H12O6,63.379695060009105,Polymère,49.38411153325487
Benzène,C6H12O6,4.9011623866125476,Gaz,90.11305835355435
Hydroxyde de Sodium,C7H8,381.3256387223742,Polymère,350.51482788763894
Eau,(C2H3Cl)n,179.22167009302416,Polymère,20.728280776810355
Vitamine C,N2,47.063822244315645,Acide Fort,28.09983869499979
Éthanol,C6H12O6,-0.8702264735796774,Alcool,26.757239329144593
Acide Sulfurique,C27H46O,33.35033402254264,Médicament,33.19858557473321
Éthanol,(C2H3Cl)n,198.94700158542284,Alcool,16.523891015600903
Polyéthylène,C13H18O2,183.62353651179947,Polymère,3.7101583898228716
Cholestérol,CH4,16.55967830661903,Base Faible,-7.141110906105248
Acide Acétique,C6H12O6,35.435975689515395,Médicament,60.30796574894123
Méthane,(C3H6)n,508.91276183651996,Hydrocarbure Aromatique,21.618705779646767
Cholestérol,NaOH,25.29445751905073,Glucide,26.341409751724985
Polyéthylène,C2H5OH,185.15057520040625,Cétone,10.755247819306383
Acétone,C6H12O6,23.662482727749623,Polymère,24.321911307377757
Acide Chlorhydrique,O2,4.2501464089491705,Hydrocarbure,15.72361121458469
Cholestérol,H2SO4,131.11101429316574,Base Faible,-4.734044322688214
Polyéthylène,H2O,35.50243931037831,Gaz,11.87304245184177
Ammoniaque,N2,177.240009629393,Médicament,8.942243769655084
Hydroxyde de Sodium,C13H18O2,192.03604617143455,Médicament,-0.7818905866088919
Méthane,(C2H4)n,32.76319138323652,Cétone,104.31179062028687
Azote,C3H6O,16.10371288244512,Alcool,15.260946172036785
Ammoniaque,(C3H6)n,0.22411552949203895,Acide Fort,-8.79815260354096
Azote,C8H10N4O2,-5.77052154381051,Gaz,9.7721019050481
Hydroxyde de Sodium,O2,11.861807757262198,Glucide,12.528016022475907
Éthanol,C7H8,49.82595629578875,Alcool,100.35010060829512
Méthane,N2,337.824995851061,Base Faible,244.50810750381373
Paracétamol,NaOH,41.51931033873857,Base Faible,5.897124300660769
Ibuprofène,C6H6,51.71013664052686,Acide Carboxylique,102.57941033632284
Acide Sulfurique,NaOH,22.26268661830064,Base Faible,10.786774850853933
Acide Acétique,CO2,160.3372235239135,Médicament,238.56135358113613
Polyéthylène,H2SO4,173.80257267873634,Médicament,4.580011545784926
Méthane,C6H8O6,84.13619224147658,Hydrocarbure Aromatique,-7.518480013704466
Méthane,C3H6O,38.33891492504305,Acide Fort,20.61689717018541
Toluène,C27H46O,164.4043432875005,Gaz,15.259701106702163
Glucose,(C3H6)n,143.29788270454287,Stéroïde,8.15659437124257
Méthane,H2O,194.20183275668026,Hydrocarbure Aromatique,113.75796166240154
Ammoniaque,NH3,106.18094585966222,Hydrocarbure Aromatique,23.595240510422386
Glucose,C2H5OH,168.9063391176059,Stéroïde,-1.1036543966757124
Aspirine,C6H12O6,151.28902108424197,Médicament,752.087647882199
Polypropylène,C27H46O,20.54177094223062,Acide Carboxylique,14.528571554682467
Hydroxyde de Sodium,O2,35.755630127486285,Médicament,87.06717577393307
Aspirine,H2O,150.64746659380975,Alcool,78.14238614174519
Cholestérol,H2O,161.75716402165995,Acide Carboxylique,20.328257041206914
Méthane,(C3H6)n,17.14077488484996,Base Faible,38.058352688181344
Oxygène,CO2,33.56395420592971,Polymère,-9.107889020685509
Caféine,C6H12O6,36.832942199357596,Inorganique,33.16654834357938
Oxygène,N2,33.835201644247554,Hydrocarbure Aromatique,62.309712336465694
Acide Chlorhydrique,O2,57.59057379939395,Acide Fort,95.8200796501135
Toluène,NaOH,68.75574573721589,Acide Carboxylique,129.1256970505479
Acide Chlorhydrique,NH3,376.35737354020085,Hydrocarbure,4.969261758853328
PVC,C6H12O6,318.6291941292577,Médicament,57.76438655318453
Hydroxyde de Sodium,HCl,20.862502227602018,Acide Fort,13.60485171289287
Glucose,CH3COOH,13.791187415817525,Stéroïde,42.990934202994616
Vitamine C,H2SO4,-1.4968685178415058,Gaz,27.12695391100422
Éthanol,C3H6O,125.1323850563476,Base Forte,16.205209282898394
Acide Acétique,C2H5OH,130.45794434125816,Hydrocarbure,-5.450802793044095
Aspirine,C9H8O4,30.813869785129786,Polymère,149.43576779458613
Azote,C6H6,148.02661246360435,Médicament,10.134948854817589
Acétone,N2,11.860894452235865,Acide Fort,71.9576904714046
Benzène,H2O,159.1353215133859,Acide Carboxylique,8.475626328490577
Glucose,C13H18O2,28.035700773158496,Médicament,104.1780419165363
Acide Acétique,H2SO4,186.97473576201304,Médicament,6.096613967052603
Ammoniaque,C13H18O2,167.7686496878018,Médicament,-0.16627096692361043
PVC,C6H12O6,291.4408517467732,Base Forte,52.77364471664322
PVC,(C2H3Cl)n,24.310759634423665,Médicament,921.0615019365812
Vitamine C,NaOH,73.57123789250038,Médicament,-9.253200194255019
Éthanol,O2,29.32217277945061,Hydrocarbure Aromatique,119.95109975114693
Méthane,(C3H6)n,72.12395879290361,Vitamine,84.33612790809937
Méthane,C3H6O,16.138984013526876,Acide Fort,1013.7583364592911
Méthane,CH4,39.26980038665912,Acide Fort,49.760675089342186
Oxygène,O2,11.065032686661947,Stéroïde,4.432647974221432
Acide Chlorhydrique,C8H10N4O2,97.17430049931657,Base Forte,-1.044041409932225
Ibuprofène,C2H5OH,20.482480395410036,Polymère,110.03083710572314
Ammoniaque,C13H18O2,46.83231714602269,Base Forte,25.767584781783473
Acide Sulfurique,H2SO4,12.058784523385764,Base Forte,20.387274991763185
Ammoniaque,C27H46O,339.2758153105224,Hydrocarbure Aromatique,490.73428292486267
Aspirine,C6H8O6,15.194206259638548,Base Faible,1035.3445484595088
PVC,C27H46O,148.62105388521812,Hydrocarbure Aromatique,9.471291339660997
Acide Sulfurique,N2,20.339584454644445,Acide Fort,177.2798599634341
Polyéthylène,(C2H3Cl)n,31.489399393035608,Polymère,8.04688376654012
Hydroxyde de Sodium,C2H5OH,8.199344869998562,Vitamine,11.17356969003973
Méthane,HCl,11.209481752426111,Alcaloïde,3.0769824220718056
Acide Sulfurique,C3H6O,1.0494256650669342,Hydrocarbure Aromatique,10.877260205759345
Éthanol,C8H10N4O2,3.7630695276027275,Acide Fort,-13.192647467038498
Glucose,N2,162.70294585216746,Gaz,12.240342468024949
Benzène,C7H8,122.73832541467934,Acide Fort,17.87031393693532
Polyéthylène,C27H46O,171.96253893674154,Acide Carboxylique,884.3818184226544
Polyéthylène,NaOH,4.8688303757726565,Polymère,70.0067538477704
Hydroxyde de Sodium,C8H9NO2,61.79464640019971,Acide Fort,16.216257306810554
Polypropylène,C2H5OH,14.44897299265947,Inorganique,12.347818921498302
Azote,C3H6O,166.49541534655535,Polymère,25.53847793065111
Acide Chlorhydrique,NH3,131.66727575548816,Médicament,81.33246303409928
Acétone,C8H9NO2,10.419177473260138,Stéroïde,29.867311166931835
Acide Sulfurique,NaOH,28.479488093573202,Hydrocarbure Aromatique,26.311251053805968
Ibuprofène,C7H8,15.691427363054686,Gaz,12.975574066330946
Cholestérol,C7H8,25.090413190093976,Cétone,18.7412912046145
Polyéthylène,N2,160.46696956980833,Polymère,97.89810552393381
PVC,C3H6O,54.08816507304998,Glucide,696.3221932384786
Méthane,C8H10N4O2,168.7235291670756,Acide Carboxylique,16.54566460257159
Éthanol,H2O,21.74737493738772,Acide Carboxylique,8.12221732511656
Paracétamol,CH3COOH,33.493024546172926,Base Faible,-6.8681901131628456
Eau,C27H46O,21.84937220122074,Hydrocarbure Aromatique,9.08164659844562
PVC,C6H12O6,62.97932970423305,Médicament,89.89866639281158
Dioxyde de Carbone,C6H8O6,155.26578138231278,Acide Fort,480.9462314489899
PVC,(C2H3Cl)n,141.12853795824992,Inorganique,-7.865054299394608
Glucose,C9H8O4,174.42962029291422,Base Forte,-8.398814735193813
Éthanol,C2H5OH,100.51574030406303,Gaz,11.987917802489507
Azote,C27H46O,175.61316703720445,Médicament,9.370859673742494
Azote,H2O,20.41921418622897,Polymère,122.86176890995822
Acide Chlorhydrique,C6H6,20.45517409448401,Acide Carboxylique,16.03704142853835
Caféine,H2O,336.5918286229798,Acide Carboxylique,15.020547845011198
Ammoniaque,C27H46O,47.67308532629723,Hydrocarbure Aromatique,31.41665567252151
Hydroxyde de Sodium,(C2H3Cl)n,32.71766424160261,Hydrocarbure Aromatique,-7.060183513050242
Méthane,NH3,166.0066995271834,Inorganique,17.553610097104336
Acide Acétique,C6H8O6,37.49707955098991,Polymère,11.287508306668965
Éthanol,C9H8O4,77.31381774053887,Polymère,11.954196613620253
Éthanol,C2H5OH,30.976255334403305,Inorganique,6.291205533287699
Ibuprofène,C8H10N4O2,22.46732687456663,Glucide,0.2946027880783566
Méthane,H2O,27.354593420692574,Vitamine,17.35960852732239
Éthanol,H2O,75.28889880801485,Acide Carboxylique,12.93187319993343
Caféine,CO2,31.78621571876523,Médicament,668.0266761152236
Polypropylène,C8H10N4O2,169.91966087789586,Polymère,111.64247841340321
Caféine,C2H5OH,462.5421847565606,Polymère,1.2235673517340828
Glucose,CH3COOH,170.8998851131714,Base Faible,49.97124198472177
Ammoniaque,(C2H3Cl)n,14.539126834288684,Hydrocarbure,916.1726144615318
Ammoniaque,C6H12O6,12.404293783322522,Glucide,124.72404956087041
Glucose,CH3COOH,84.95040514734639,Base Faible,-5.450187366208721
Méthane,C27H46O,171.8618763440053,Base Faible,5.358731016914843
Vitamine C,N2,178.50881883634406,Médicament,18.114710066797134
Glucose,C8H9NO2,-8.810449727161803,Glucide,25.487977092041437
Oxygène,C3H6O,23.93887820303943,Vitamine,7.057761615912966
Toluène,CH4,61.40609360169907,Base Forte,118.27447544203977
Hydroxyde de Sodium,C2H5OH,154.93647666249944,Alcool,98.73499787020572
Aspirine,(C2H3Cl)n,39.03099602291769,Polymère,17.512749709785354
Ammoniaque,H2SO4,32.954371622817945,Base Faible,26.704941641903122
Polyéthylène,NH3,183.78270994356816,Base Faible,74.89891443988829
Ibuprofène,C6H8O6,27.560865075120034,Acide Carboxylique,-6.651517850017526
Toluène,C2H5OH,68.19071047076747,Hydrocarbure,90.57530267583671
Oxygène,C27H46O,95.06783258194159,Acide Carboxylique,18.90294826322721
Cholestérol,C6H6,164.01325179810797,Médicament,62.089722370428376
Oxygène,C27H46O,1.6499315472051812,Médicament,88.95721523128655
Benzène,C8H10N4O2,200.0725425347342,Alcool,143.94270573338855
Méthane,C9H8O4,122.17543220348303,Acide Fort,1.1051526788845063
Acide Acétique,HCl,30.107173854222676,Stéroïde,21.36678241112176
Hydroxyde de Sodium,CO2,92.7719419844604,Acide Fort,98.786781145491
Paracétamol,C9H8O4,36.70666891652512,Vitamine,4.696114042712841
Caféine,C7H8,185.84883202653197,Cétone,16.733589677075496
Acide Chlorhydrique,C9H8O4,179.1635811714505,Base Faible,117.08267291922245
Dioxyde de Carbone,C27H46O,47.22327281898869,Acide Fort,22.253634725241167
Glucose,CH3COOH,27.313382529950204,Polymère,-13.68648672113094
PVC,CH4,5.495698636066891,Vitamine,11.903673530667135
Acide Sulfurique,C6H12O6,80.34193739351831,Vitamine,50.72866652147647
Hydroxyde de Sodium,C9H8O4,-0.08586120935390085,Médicament,15.044527247247391
Acide Acétique,O2,31.519836422559305,Glucide,-12.295739473884055
Éthanol,NaOH,22.89427840440576,Alcool,597.223377349578
Benzène,NaOH,145.26316451524482,Stéroïde,-4.871154748306821
Polypropylène,H2O,-9.963354671755859,Alcaloïde,8.073530172870882
Caféine,(C2H4)n,184.10747440875036,Glucide,8.172591031124446
Hydroxyde de Sodium,CO2,17.205953051768795,Glucide,17.98348203422348
Cholestérol,C7H8,17.897216012667712,Acide Fort,28.756462054439602
Benzène,CO2,19.064489088966887,Polymère,112.93324304942553
Acide Chlorhydrique,CH4,145.76052092994092,Base Faible,103.37100699843592
Acétone,O2,29.966451866410253,Médicament,-3.988987340076789
Eau,C6H8O6,123.13154677311236,Vitamine,5.911584591410286
Dioxyde de Carbone,C6H12O6,3.443125777896366,Hydrocarbure Aromatique,29.956114326114992
Ammoniaque,C8H10N4O2,175.5413650840738,Base Forte,13.940310005843653
Ibuprofène,C2H5OH,27.24226112290165,Gaz,38.85657684953623
Paracétamol,HCl,175.78250190962612,Hydrocarbure Aromatique,-2.725248497031285
Polypropylène,C2H5OH,153.63197986580886,Gaz,22.37920280820434
Ammoniaque,C9H8O4,1.3403802295545049,Gaz,8.269071854487336
Oxygène,(C3H6)n,26.86031039643059,Gaz,1.3221110290024969
Toluène,CH3COOH,30.318520613964164,Alcool,-4.110463699642515
Méthane,NH3,6.932607680264418,Glucide,6.079231673250563
Azote,CH3COOH,170.04257511746394,Base Faible,12.386603787993963
Méthane,NaOH,27.467835225106306,Polymère,-7.402029639960973
Hydroxyde de Sodium,C2H5OH,150.77205022107532,Acide Fort,4.351954195134375
Cholestérol,C3H6O,21.538001026234774,Glucide,122.34622305024993
Acétone,CH4,26.260140841873678,Inorganique,9.317104673056011
Acide Sulfurique,C2H5OH,9.083841115790044,Base Faible,557.011183607423
Hydroxyde de Sodium,C6H6,35.71868790987413,Glucide,23.88309467259908
Acide Sulfurique,C6H8O6,34.718407541758275,Hydrocarbure,360.2094282753221
Ibuprofène,C3H6O,118.54636243661422,Médicament,-2.2725445950587693
Acide Chlorhydrique,N2,84.4619116825322,Alcaloïde,3.2915003823440983
Méthane,C13H18O2,14.049168230798145,Polymère,24.42324541395195
Paracétamol,C2H5OH,157.86253736977997,Polymère,11.524490582229319
Eau,C3H6O,-6.622359960148266,Glucide,108.59868927373009
Hydroxyde de Sodium,(C3H6)n,-9.233574998512594,Hydrocarbure,82.8609298308358
Benzène,C6H8O6,9.637270198162547,Acide Fort,35.361558128958144
Éthanol,C9H8O4,186.3638998334288,Gaz,95.8017534142637
Dioxyde de Carbone,O2,163.17694683596886,Hydrocarbure Aromatique,31.042356246215867
Azote,C8H9NO2,10.313711844960196,Hydrocarbure Aromatique,15.700881202972116
Polypropylène,C6H6,199.99927435787012,Polymère,52.262274509636825
Azote,H2SO4,25.249416050002395,Inorganique,15.407236714616406
Hydroxyde de Sodium,N2,14.743556912226062,Acide Fort,7.486043854848666
Glucose,CH3COOH,27.168821100890245,Inorganique,88.97013859571899
Benzène,C8H10N4O2,165.02711288145971,Hydrocarbure,29.73890660773541
Azote,C8H10N4O2,298.5330577632219,Base Faible,23.97945593261594
Hydroxyde de Sodium,(C2H4)n,154.60071377754832,Médicament,62.965890249655054
Paracétamol,CH4,21.2186076229953,Polymère,2.379264182859173
Caféine,C9H8O4,33.86118701328953,Cétone,4.483514811537486
Acide Acétique,C3H6O,123.28552350724362,Médicament,3.2301714916630235
Éthanol,NaOH,119.59997252458162,Médicament,14.098102727680818
Éthanol,C6H12O6,222.7965780375343,Glucide,-3.069522964768349
Toluène,CH4,22.532221332727183,Vitamine,18.103671929259836
Vitamine C,NH3,17.652465496512825,Alcool,19.306503906251336
Éthanol,C6H6,46.105108667012566,Gaz,11.323778017609008
Glucose,CH3COOH,219.84174244499954,Base Faible,3.6189822244737337
Acide Sulfurique,CH3COOH,84.19889431876442,Hydrocarbure Aromatique,13.84207033460235
Cholestérol,H2SO4,13.762584593153559,Acide Fort,75.82112310035104
Vitamine C,C2H5OH,50.905751729797814,Acide Fort,77.53634700267472
Eau,C9H8O4,4.700093473753608,Glucide,16.19974767868365
Oxygène,HCl,30.144536363792938,Base Forte,6.2329327489275865
Éthanol,H2SO4,194.52328644099077,Hydrocarbure Aromatique,125.12314350531068
Cholestérol,(C2H3Cl)n,5.086274628290479,Alcaloïde,73.24109395420987
Benzène,C6H12O6,15.192344197819605,Glucide,104.34278804050935
Paracétamol,CH3COOH,29.715156452663308,Hydrocarbure,6.784436813944567
Azote,NH3,18.02793684127692,Alcool,26.52751087219256
Toluène,C3H6O,20.590577051221153,Alcool,11.217626465932403
Paracétamol,CO2,23.98603580489832,Glucide,10.864056643177298
PVC,C3H6O,52.194699822826706,Gaz,119.31826943652129
Méthane,C6H8O6,1.2505116902348092,Vitamine,4.586687474887441
Cholestérol,CH4,12.305150664464001,Polymère,116.98725859946096
Dioxyde de Carbone,C27H46O,7.840912319376439,Glucide,96.14440047957378
PVC,(C2H4)n,19.137170274362138,Cétone,6.898449327364057
Acide Acétique,C9H8O4,39.73208044567778,Gaz,56.973607749005
Vitamine C,NH3,198.1106805004044,Alcool,-0.3876293717551631
Acide Sulfurique,C2H5OH,84.81053586434224,Base Forte,28.591814367430093
Acide Chlorhydrique,H2O,17.438392538149515,Hydrocarbure,37.436962021061206
Ammoniaque,CH3COOH,79.16575348985992,Gaz,22.354359583964275
Aspirine,CH4,140.3118337329781,Médicament,9.770866417139132
Vitamine C,C2H5OH,131.69056719890094,Vitamine,81.29870890582626
Éthanol,NaOH,36.710893374316754,Cétone,-11.700027305787252
Acide Chlorhydrique,HCl,20.819883295915588,Stéroïde,0.23849204963096238
Glucose,C6H12O6,25.521651851382977,Vitamine,-6.980813224036544
Éthanol,HCl,81.76762105920592,Glucide,-3.1069447473294334
Vitamine C,C6H8O6,74.2216178725106,Glucide,9.95475484333213
Paracétamol,C6H8O6,50.94724112169027,Polymère,68.2189133823415
Dioxyde de Carbone,(C2H4)n,166.40984922901387,Polymère,14.886018381130906
Acide Chlorhydrique,H2SO4,21.800019966211686,Stéroïde,563.3221164772339
Vitamine C,(C2H3Cl)n,157.1236304961664,Glucide,116.30921205466794
Acétone,(C2H4)n,21.8950821892902,Hydrocarbure Aromatique,13.544338448138198
PVC,C8H10N4O2,140.80730708749246,Glucide,686.3067032398969
Toluène,CH4,102.46242568348302,Alcool,13.487470166216736
Polyéthylène,C8H10N4O2,66.22641592471058,Gaz,4.480288454889983
Aspirine,CO2,38.69624735727842,Acide Carboxylique,147.8820139014461
Toluène,NaOH,14.627550292087967,Acide Carboxylique,97.48427113682226
Acide Chlorhydrique,C9H8O4,81.87672945649489,Stéroïde,-8.245614234481657
Azote,NaOH,27.02933106195577,Polymère,7.220379738294821
Polypropylène,C6H8O6,38.657984777505966,Cétone,137.75829722013657
Oxygène,(C2H3Cl)n,64.89556090032761,Acide Fort,410.4313920631254
Acide Acétique,C13H18O2,110.49109951302155,Acide Fort,10.50671331471573
Polyéthylène,CH3COOH,27.902801262256673,Cétone,21.972712147642024
Hydroxyde de Sodium,C27H46O,31.850407577784104,Stéroïde,9.28107099931588
Vitamine C,NH3,174.460214879016,Acide Fort,4.193884036902547
Azote,C2H5OH,204.74595740095754,Cétone,914.8624736314548
Ibuprofène,C9H8O4,64.02232742066711,Base Forte,14.536000547495437
Méthane,C2H5OH,60.336652013608145,Base Forte,7.284614528050611
Acide Sulfurique,CH4,44.80320998076541,Acide Fort,102.64137754059686
Glucose,NH3,60.05497341861063,Acide Fort,22.79576397736399
Eau,CH3COOH,80.64974256312735,Cétone,12.836504902692118
Acide Acétique,C6H12O6,10.031247364920524,Base Forte,3.9399381323445164
Hydroxyde de Sodium,C2H5OH,26.18294208854779,Inorganique,798.9484753142365
Méthane,C8H10N4O2,40.72151391963382,Gaz,-3.2387832635510287
Ammoniaque,C6H12O6,163.1010725366685,Hydrocarbure,15.7191808828481
Éthanol,H2SO4,45.711151661317984,Alcool,11.598137895992767
Éthanol,C2H5OH,9.962705595282344,Polymère,6.744932578512161
Cholestérol,NaOH,22.64891757412823,Gaz,48.120150528515985
Polypropylène,C3H6O,85.14315116032012,Base Faible,13.365315354175866
Méthane,NaOH,22.158481215882695,Hydrocarbure Aromatique,109.55334279886793
Méthane,CH3COOH,179.44465504112085,Stéroïde,103.68667770639422
Azote,C7H8,34.316918785548765,Gaz,85.67678965074082
Glucose,CO2,28.99639932441672,Cétone,3.4890635186713266
Cholestérol,NaOH,28.623567026015696,Hydrocarbure Aromatique,427.69111801554953
Toluène,C8H10N4O2,202.21942310434468,Alcool,7.544999320426296
Ammoniaque,CO2,155.68954762228572,Base Forte,129.65115047753557
Glucose,CO2,-1.5664113778320328,Polymère,23.764304935403043
Vitamine C,CH4,21.36908348902567,Médicament,24.179200250397862
Aspirine,NH3,135.43545742995934,Base Faible,29.23314597654674
Méthane,C6H12O6,27.235917512766257,Hydrocarbure,-4.367874006217856
Dioxyde de Carbone,H2O,72.12843720882063,Stéroïde,62.61009937826783
Ibuprofène,C6H8O6,50.22870017789194,Acide Fort,341.0160108694366
Ammoniaque,CH4,15.235281351312807,Médicament,79.67166993278491
Oxygène,C27H46O,62.34948314332757,Médicament,21.707108507896926
Azote,NaOH,33.44069353189627,Alcool,39.835425842325726
Oxygène,(C2H3Cl)n,9.915520982553911,Vitamine,5.0312519553281385
Acide Acétique,CO2,205.13601137903632,Hydrocarbure Aromatique,5.03160477533115
Vitamine C,C6H8O6,54.25455902558669,Acide Carboxylique,0.42734590760014246
PVC,C6H8O6,13.803558394067043,Glucide,18.974336540333898
Caféine,C3H6O,30.080374402535128,Gaz,13.192931578834129
PVC,CH4,89.28221881108108,Hydrocarbure Aromatique,11.327424545188293
Hydroxyde de Sodium,(C3H6)n,-6.7709771407183865,Acide Fort,7.922327646729194
Acide Acétique,C27H46O,3.902874411985284,Médicament,16.491459998651592
Vitamine C,O2,41.66004372176158,Acide Carboxylique,14.105865385645497
Hydroxyde de Sodium,CH3COOH,195.74536850362364,Polymère,-20.907168672498464
Hydroxyde de Sodium,CO2,32.36198220513948,Gaz,-1.1191945421673708
Azote,C6H6,1.3131363912642868,Vitamine,-4.669637062033405
Vitamine C,O2,8.517239169978541,Hydrocarbure Aromatique,26.869326104181837
Éthanol,C9H8O4,22.94132289824845,Gaz,8.879443662814342
Acide Sulfurique,(C2H4)n,13.665203655742935,Hydrocarbure,851.3997227446276
Polyéthylène,C13H18O2,149.51413631121028,Base Faible,-7.109909507029831
Dioxyde de Carbone,C2H5OH,247.49393146108642,Hydrocarbure,7.522072508164061
Méthane,NH3,179.97368904433284,Hydrocarbure,680.8858936355755
Acide Sulfurique,O2,9.703342161417126,Médicament,24.790353113383667
Paracétamol,C6H6,4.032823705344281,Cétone,5.003517120914532
Benzène,CO2,176.34930188169128,Gaz,80.98865006782798
Ammoniaque,(C3H6)n,32.33715410353472,Médicament,13.55421431873037
Paracétamol,C2H5OH,-6.894308771039981,Polymère,32.76597035850408
Dioxyde de Carbone,CH4,1.7338948351716006,Cétone,23.565087067082708
Éthanol,CH4,58.53163615712528,Base Faible,-7.685893414082591
Vitamine C,C9H8O4,37.84405822679238,Polymère,97.83839412211216
Méthane,CO2,201.05188694213354,Cétone,-16.982356941906453
Benzène,C6H6,12.294423972897757,Acide Fort,18.89510342477146
Ammoniaque,C2H5OH,78.00410764805065,Polymère,15.79150589397329
Ammoniaque,HCl,22.261102261984163,Médicament,100.23090580306204
Azote,C27H46O,13.404650055438587,Polymère,918.1518984897841
Ibuprofène,C7H8,19.151510394282774,Vitamine,823.9060647565512
Vitamine C,CH4,17.501366692303677,Inorganique,12.319257184511963
Eau,H2SO4,179.99414518528297,Inorganique,-15.132129300615201
Méthane,C8H10N4O2,2.455358536955103,Vitamine,-9.655049201817995
Acide Sulfurique,O2,159.06748564149962,Médicament,26.463664663311366
Éthanol,C9H8O4,9.510842446919884,Acide Carboxylique,24.74248510893593
Acide Acétique,O2,31.216299032807317,Hydrocarbure,28.201156736214827
Benzène,C6H6,376.9031549468036,Stéroïde,13.16445820132315
Acide Chlorhydrique,HCl,28.070251895749067,Hydrocarbure Aromatique,-8.111132348780409
Ibuprofène,CO2,46.73021015053216,Médicament,90.6986843609661
Cholestérol,(C2H4)n,42.63444227045968,Hydrocarbure Aromatique,-13.016108942659546
Oxygène,CH3COOH,10.311882567220373,Hydrocarbure,10.873621710859638
Dioxyde de Carbone,NH3,20.791120096213728,Base Faible,35.47704623276486
Ammoniaque,CH3COOH,99.81548222128421,Base Forte,-2.8101588633602193
Hydroxyde de Sodium,CH3COOH,185.03432822792578,Médicament,125.59083733504885
Méthane,NaOH,163.19299741022414,Polymère,21.817522013988196
Paracétamol,C9H8O4,179.4703300896491,Acide Carboxylique,16.483803619216715
Acide Chlorhydrique,NaOH,35.35603526511288,Gaz,16.21937769387747
Paracétamol,CH3COOH,41.9836969818334,Gaz,2.7114364919640446
Aspirine,C13H18O2,16.984506950930214,Stéroïde,450.6915570408214
Oxygène,C6H8O6,6.827969259844149,Vitamine,38.581504321836306
Acide Chlorhydrique,NH3,18.633297696699586,Alcool,0.20411650632529899
Éthanol,C7H8,6.7446677381814695,Alcool,28.067992622447242
Azote,C13H18O2,9.92598600632148,Acide Fort,25.935237926752084
Benzène,C3H6O,149.97555461374887,Acide Fort,67.67950843899965
Oxygène,O2,9.777870215017202,Polymère,129.45269513406728
PVC,CO2,30.731930413177135,Alcaloïde,-0.47651653237373104
Polypropylène,N2,8.699214774431091,Gaz,12.576509309089456
Azote,N2,150.33620634389314,Gaz,10.662257813118647
Azote,CH3COOH,123.80357073126657,Inorganique,11.904728901184024
Acide Sulfurique,C7H8,29.663905121724575,Base Forte,8.687952305400582
Benzène,C9H8O4,11.713038640550913,Inorganique,7.420316685912013
Acide Sulfurique,C2H5OH,145.89628408440188,Acide Fort,44.890475321366935
Azote,NaOH,2.851486444200237,Hydrocarbure Aromatique,52.17690810488615
Polyéthylène,C7H8,11.325194629357956,Acide Fort,-2.4826924686913108
Polypropylène,NaOH,26.0560754106751,Gaz,8.275365613411457
Toluène,C2H5OH,17.713316823618555,Médicament,102.69270827358312
Vitamine C,HCl,21.644950564180093,Hydrocarbure Aromatique,164.6471612617737
Acide Acétique,C9H8O4,72.37788348634139,Alcool,-1.1428396613534249
Polyéthylène,C13H18O2,46.507551956103356,Alcaloïde,5.754756717970147
Ibuprofène,HCl,44.83805147020354,Polymère,52.5781352162703
Glucose,C27H46O,85.27470846448445,Acide Fort,51.69530032671367
Dioxyde de Carbone,(C2H3Cl)n,59.673756506670145,Glucide,15.348790938005475
Polyéthylène,C6H6,40.83415937469348,Base Faible,35.75223685934938
Acide Sulfurique,C3H6O,18.029219857580088,Base Faible,459.1052539039761
Oxygène,(C3H6)n,130.0637448884589,Hydrocarbure,13.22762101454177
Polypropylène,(C2H3Cl)n,150.45085362932602,Stéroïde,-2.7777976689333963
Eau,NaOH,24.878127169568703,Base Faible,83.64108857270406
Acide Chlorhydrique,O2,47.22532711033693,Cétone,0.6075726677023425
Acide Acétique,CO2,162.5524530078991,Cétone,8.872801100226997
Eau,CO2,9.202324295029126,Médicament,-7.272741808454669
Azote,C7H8,59.805631071214286,Cétone,23.82149143501549
Glucose,CH4,26.655022450716423,Médicament,55.3688089845218
Acide Sulfurique,C6H6,154.79789348830033,Base Faible,-2.0253289946650144
Éthanol,O2,50.601398134320924,Base Faible,18.735377916648094
Acide Chlorhydrique,O2,40.015106667394925,Médicament,16.065862675443498
Aspirine,(C2H4)n,0.5443901623502683,Stéroïde,17.562277976267634
Dioxyde de Carbone,C2H5OH,12.284107508912662,Médicament,85.35552952721136
Caféine,H2O,43.17937052573401,Glucide,115.66613908419035
Acide Acétique,CH4,75.59353410882899,Glucide,24.92069195907343
Polyéthylène,NaOH,156.33500763438127,Polymère,0.17377645766003535
Méthane,C27H46O,1.3817406235382776,Cétone,8.734157205181994
Eau,HCl,43.81687850981339,Médicament,70.69045198951916
Vitamine C,NH3,55.64546499741695,Acide Fort,10.616970183555221
Aspirine,C3H6O,3.7567118441846503,Hydrocarbure,127.4314754095993
Vitamine C,C6H8O6,-5.6559144243504775,Base Forte,28.374825740289076
PVC,C8H9NO2,381.18825618286746,Gaz,85.27792370471074
Hydroxyde de Sodium,C3H6O,7.49197240121843,Polymère,22.113193827089756
Dioxyde de Carbone,NH3,25.391913580442264,Polymère,55.210846676882426
Acide Sulfurique,C27H46O,19.322329785061765,Gaz,-7.173834806909949
Vitamine C,C3H6O,5.796859702366575,Gaz,10.230168856435919
Acide Chlorhydrique,H2SO4,10.155762408963856,Acide Fort,122.91940068991715
Acide Sulfurique,C2H5OH,129.52302324317012,Hydrocarbure,23.908774531312133
Polyéthylène,C8H10N4O2,86.41120321618335,Acide Fort,-4.775307579782964
Méthane,C2H5OH,180.43071806270544,Base Forte,48.09166454532702
Dioxyde de Carbone,HCl,158.7132372300801,Gaz,117.59141638674382
Dioxyde de Carbone,(C2H4)n,182.0503071453522,Gaz,5.690095578298284
Méthane,C8H9NO2,11.23913124628477,Base Faible,137.8783971099677
Acide Chlorhydrique,H2O,-0.591707268672252,Hydrocarbure Aromatique,86.82827489430466
Cholestérol,NaOH,-5.024079540419493,Stéroïde,89.00460953717558
Vitamine C,C7H8,17.126307263300074,Acide Carboxylique,14.423427486394495
Cholestérol,CO2,27.796943678438765,Médicament,32.240761636963505
Paracétamol,N2,-5.647409376803935,Médicament,756.0078183430363
Acide Acétique,C9H8O4,152.3358905671869,Gaz,4.47203997428543
Vitamine C,NH3,167.82308132486293,Acide Carboxylique,70.83708778522781
Éthanol,O2,183.68219703583426,Vitamine,7.48993522468048
Acide Acétique,CO2,40.93976446539251,Hydrocarbure Aromatique,80.19727708597338
Oxygène,H2O,137.62858723738265,Inorganique,16.298569410245157
