ville,pays,region,latitude,longitude
Kyoto,France,Valencia,36.03358252392336,5.777013115158354
Vancouver,Maroc,Berlin,47.328940059417235,6.907521631135973
Bordeaux,Italie,Lombardy,48.486794248889744,19.20789935582018
Hambourg,Australie,New York,44.9279477753107,7.189190911082971
Rabat,Japon,Tuscany,44.91256142619408,2.10478916756502
Valence,Suisse,Catalonia,47.62973459739909,9.729346408026192
Zurich,Chine,Victoria,45.117521195490724,4.4029710116114105
San Francisco,USA,Tuscany,40.34352063939908,108.82896742477173
Chicago,Espagne,Tuscany,44.532840617271006,135.600308259591
Marseille,France,New York,-41.717563199804474,-89.27097787356034
Meknès,Australie,Ontario,36.694987560050215,2.652511641418796
Montpellier,USA,Madrid,34.52475834505316,-124.53009046355419
Le Caire,Japon,Cairo,51.60853429166258,124.24930968312339
Manchester,USA,Andalusia,32.038659712431794,-0.056884371921064325
Bruxelles,Portugal,Grand Est,54.66171919701345,-66.75385122819213
Porto,France,British Columbia,34.44475197045509,-131.1295821286884
Tunis,France,Beijing,52.85855680393833,-2.96531635313941
Zurich,Maroc,Tanger-Tétouan-Al Hoceïma,32.62376087069076,-19.555971467384516
Tunis,Tunisie,Shanghai,44.03441986133903,37.042068817805614
Montréal,Italie,Ontario,35.45587453971193,-85.01960038657448
Ottawa,Portugal,Beijing,46.53304845303265,132.14312699011433
Marrakech,France,New York,45.80927237454531,-3.714974510437153
Zurich,Canada,British Columbia,44.98731945510298,-4.924343423952122
Vancouver,Maroc,Berlin,44.856054943787846,2.8260415288258636
Séville,France,Bern,50.91014063923527,-75.45021260276444
Beijing,USA,Alberta,33.156756654066236,-118.76768671561108
Berlin,Canada,Tunis,44.51352491075413,27.73095053562589
Lyon,Maroc,Marrakech-Safi,49.130314967280505,8.611401701675147
Barcelone,France,Campania,52.297629705728035,-3.4388296283142865
Calgary,Italie,Porto,36.83216569145782,109.5944500185945
Tokyo,France,Fès-Meknès,48.16656367157637,8.086638999800098
Kyoto,Allemagne,Pays de la Loire,37.4719358730091,13.784494270494053
New York,USA,California,33.87457470430592,126.03462135942314
Osaka,USA,Provence-Alpes-Côte d'Azur,47.93598536044112,14.691740151896898
Munich,USA,Florida,31.797747810228046,2.8320374076076336
Munich,France,Brussels,39.92606397825187,-115.69294152021966
Montréal,Japon,Beijing,40.88688541961417,155.4232534354826
Milan,USA,Florida,-46.1590363064863,-86.83592359410986
Bordeaux,Japon,California,48.8751211670979,121.9640139175567
Boston,Canada,Oriental,43.60892126212644,116.04724950623937
Tétouan,Maroc,Fès-Meknès,34.68553271469845,-21.604048873324448
Shanghai,Japon,Shanghai,41.035247386938096,137.7454169525169
Édimbourg,Japon,Alberta,30.362636217238524,140.22443055141989
Meknès,Italie,Berlin,55.89396498176289,-88.81178457475579
Casablanca,Maroc,Tanger-Tétouan-Al Hoceïma,29.785793170030374,-1.9627243873168658
Montréal,Canada,Porto,46.21288995854448,2.384847871113536
Seattle,France,Brussels,-27.579505441233678,15.175243200173272
Vancouver,USA,Tunis,37.40565652776998,-92.39272985931102
Lille,France,Rabat-Salé-Kénitra,45.913402418812296,139.98833963086093
Tunis,Belgique,Flanders,39.18819117954522,-2.9682612012891405
Zurich,USA,Occitanie,39.077000172108,134.79929632445862
Osaka,Allemagne,Bavaria,51.07443484803806,16.57627557857912
Montréal,France,Cairo,48.04304053487299,7.453987808783118
Rabat,Maroc,Tunis,33.24032162873361,114.06592844450685
Paris,Australie,Madrid,51.46334598086994,13.709996821761717
Le Caire,Maroc,Québec,41.93343540390288,-7.631017815327727
Lyon,Portugal,Victoria,30.585683988485393,-5.255184047522228
Francfort,France,Ontario,33.869991991694334,-87.66457443600655
Édimbourg,Maroc,Valencia,39.232157871932955,7.5379026752845055
Sydney,Australie,New South Wales,-39.67355341917719,169.88140500452687
Chicago,USA,Geneva,27.817685012685207,9.391713147390568
Beijing,Portugal,Lisbon,33.738972187108864,-6.83151371158699
Toronto,Maroc,Tanger-Tétouan-Al Hoceïma,40.768880861483076,-143.17554022817876
Genève,Portugal,Lisbon,41.27236436436802,1.3234635232875254
Lisbonne,Suisse,Geneva,45.769459499391715,3.8572764233331998
Madrid,Tunisie,Île-de-France,32.771912670270375,7.723692966196093
Ottawa,Chine,Beijing,32.6528364761473,2.3674440685789078
Hambourg,USA,Geneva,43.97925980989791,140.48662550581835
Oujda,Égypte,Pays de la Loire,29.375491604642754,124.21889646583327
Manchester,Australie,Tunis,-33.86504854757905,-75.50205989344605
Porto,France,Tanger-Tétouan-Al Hoceïma,35.178313452490286,-7.192616246584865
Valence,USA,Nouvelle-Aquitaine,34.63454564387774,-5.348959207063901
Bruxelles,USA,Pays de la Loire,47.839701650963484,12.79046114754214
New York,USA,Fès-Meknès,32.01006453796504,-87.17793561834823
Munich,Japon,Bavaria,40.60701509547119,18.575074281383085
Anvers,USA,Florida,33.21072070724068,1.3006473168530654
Calgary,USA,Florida,38.57445300650444,5.072325776489844
Anvers,Italie,Grand Est,48.8423985709781,151.4067135163859
Le Caire,Australie,Québec,43.769668848963754,4.899108918651512
Toronto,Japon,Tunis,33.12489421867578,139.9664325719752
Calgary,Espagne,England,55.412887837033026,7.850370556926789
Boston,Suisse,Porto,49.47709189795196,0.9402453593257251
Le Caire,Maroc,Hamburg,49.58550312936146,-70.67901203578131
Tétouan,France,Massachusetts,41.51406603613206,0.6513406427781467
Rabat,Maroc,Cairo,40.62288762168736,25.602237094787167
Zurich,France,Illinois,51.98391898501105,-123.39726620192748
Le Caire,Italie,Provence-Alpes-Côte d'Azur,30.51796760486321,-115.22835177810394
Munich,Espagne,Île-de-France,29.476940988106808,-88.93229711274307
Strasbourg,Tunisie,California,50.13358756050994,136.12571629548438
Paris,Allemagne,Île-de-France,36.548515092662036,28.444830284545077
Le Caire,Maroc,Tanger-Tétouan-Al Hoceïma,31.84531693199204,108.55244608552496
Francfort,Allemagne,Florida,34.57351244737703,-0.39463777422461765
Le Caire,Italie,Souss-Massa,29.57740019496985,-3.370996900086266
Marseille,France,Casablanca-Settat,50.69600273727046,8.360271172504737
Munich,Belgique,Lazio,52.438565950858354,7.710617615744798
Kyoto,Japon,Bern,51.423030727785175,-71.4050347703278
Birmingham,Italie,Geneva,51.59137537576711,11.999634054188295
Kyoto,USA,Bern,34.92450840947208,-75.57980494158576
Genève,Maroc,Brussels,38.74053672883262,-92.25527320874245
Nantes,France,Valencia,54.79164931147978,-0.9245162439297876
Sydney,Australie,New South Wales,-29.590022339580422,153.3166473438343
Rabat,Japon,Kansai,35.24179660689848,-6.994444115392355
Sydney,Australie,New South Wales,-44.03144520781129,163.81595490559275
Nantes,France,Île-de-France,36.914814830480175,8.60186495354426
Lisbonne,Canada,Kanto,54.17844740334265,-119.69431748016184
Tunis,Allemagne,Porto,48.12625820889403,22.035787578864717
Bruxelles,Maroc,Tunis,54.41055614887487,-4.002997525930116
Kyoto,Allemagne,Tuscany,53.542176261368006,20.00109880296453
Zurich,Suisse,Hamburg,46.78135168407917,2.8772991997551456
Meknès,Royaume-Uni,Bavaria,55.854166927049555,-6.066543503203622
Milan,Espagne,Madrid,31.49729278302207,-12.607457755740601
Munich,Belgique,Brussels,45.52176574035429,5.6347441913220315
San Francisco,Chine,Souss-Massa,42.99054529035004,109.93368176365439
Berlin,Italie,Zurich,47.40598960136759,-85.25898533797881
Porto,France,Pays de la Loire,52.33740785110382,-108.75794672527988
Chicago,Canada,Valencia,44.60612948623998,-116.42621192324633
Zurich,Chine,Bavaria,46.54987798209727,15.079530761835493
Calgary,USA,Kanto,51.92331158403399,-100.39414162274657
Hambourg,Maroc,Hauts-de-France,34.548310626331734,97.52758975578782
Houston,Espagne,Lombardy,31.72064651597503,-135.585156625668
Lisbonne,France,Geneva,47.00300035465622,-96.95369856826973
Le Caire,Maroc,Oriental,33.643054725339304,-135.32591444691218
Francfort,Royaume-Uni,England,47.06544111455252,-9.643986164250467
Manchester,Belgique,Rabat-Salé-Kénitra,39.28179940933549,-2.9577946795447105
Florence,Espagne,Kansai,41.147809573082974,-4.603684329839061
Porto,USA,Shanghai,32.19605751972623,-91.30594800328606
Los Angeles,Royaume-Uni,England,41.01666128434412,-78.22067615568304
Tunis,Allemagne,Florida,42.682499526204715,12.17216681249934
Birmingham,Espagne,Tunis,30.549939933503648,0.8118929248167859
Seattle,Canada,Porto,37.20190785673097,160.26876144147917
Lisbonne,USA,Provence-Alpes-Côte d'Azur,40.53988309600834,0.6957670277769077
Porto,France,British Columbia,49.478896181667366,-8.149950997682314
Toronto,Belgique,Brussels,35.08038755354558,-5.935694367419333
Calgary,Maroc,Provence-Alpes-Côte d'Azur,33.97947277374638,-81.04712800548376
Hambourg,Allemagne,Ontario,45.16028581065243,12.790228485375767
Osaka,Italie,Beijing,50.72026813121842,155.76549878017227
Boston,Portugal,Berlin,34.23105304681283,-4.897390664113463
Zurich,Canada,Shanghai,50.59383117224179,163.4340631873004
Osaka,Italie,Shanghai,31.71569331899749,-6.504868725586441
Tunis,Allemagne,Victoria,36.61518303475779,9.82879234934269
Beijing,Portugal,Alberta,33.96747901520386,-11.680468377676869
Beijing,France,Île-de-France,41.63950311482452,6.750772563908063
New York,France,Pays de la Loire,44.52572622875765,-76.56447591414373
Berlin,Chine,Bern,29.246778224502524,-0.8028754537760596
New York,Japon,Catalonia,33.37105829271857,141.8002357630939
Nice,Italie,Tuscany,35.192388207842775,-79.28270186275496
Beijing,Suisse,California,41.07583845747853,135.1658507501029
Kyoto,Chine,California,41.155175158869106,-2.6192019806861797
Tokyo,Portugal,Bavaria,36.05813508398523,2.3996432009796322
Marrakech,Belgique,Ontario,35.50584108865976,-0.6481278659971301
Milan,Suisse,Rabat-Salé-Kénitra,43.57439183125494,9.590696566532465
Agadir,Suisse,England,45.552660071606155,1.8100878878311393
Agadir,Italie,British Columbia,52.80048002197334,-1.073838776203035
Berlin,Suisse,Grand Est,-34.71579711761847,-108.89262178712049
Bordeaux,Égypte,Île-de-France,35.03036779847908,8.936145204611481
Édimbourg,Royaume-Uni,England,54.772750017287194,-116.01034296629263
Milan,Portugal,Lisbon,33.47279972325418,-3.457630227391207
Ottawa,Italie,Lisbon,45.20187736896083,-1.3920607878102502
Lyon,Portugal,New York,40.254054838115934,129.0525004704136
Boston,Espagne,Cairo,32.2361365107356,0.5641026417208689
Los Angeles,Portugal,Madrid,39.48501180670297,-9.805441309864154
Le Caire,Maroc,England,31.560881073921472,-85.21147870428355
Fès,Égypte,Pays de la Loire,43.56274720315874,-4.502743003101671
Beijing,France,New York,40.578639213020445,4.751798070673382
Miami,Australie,Kanto,32.71541512653801,-88.52392083399305
Naples,Maroc,Souss-Massa,30.649759846717416,-1.7348186097137699
Seattle,Chine,Washington,32.54875900433065,110.34501171112133
Casablanca,Maroc,Madrid,32.78994361603407,-0.9693506988546625
Montpellier,France,Occitanie,52.203047020223046,7.419338273703767
Nice,Italie,Florida,31.809347194362708,1.9099288642623504
Vancouver,Espagne,Québec,28.907619178979672,120.92472184698256
Calgary,Royaume-Uni,Flanders,37.266435260537385,-4.879353174973561
Lisbonne,Royaume-Uni,England,50.695293289358325,2.6888860675877195
Paris,Belgique,Brussels,42.485103547665595,4.7954645262670805
Sydney,Australie,New South Wales,-39.950838981482704,153.25209445564425
Manchester,Portugal,Kansai,33.83288380071751,-132.38065624888387
Birmingham,Maroc,Fès-Meknès,39.32889299282729,134.86452212476485
Melbourne,Espagne,Berlin,37.73776474940254,6.023437872718155
Munich,Égypte,Hamburg,40.52850385955136,-104.40865858718597
Porto,Maroc,Casablanca-Settat,51.51587552366024,-10.402127976046621
Barcelone,Royaume-Uni,Ontario,49.2934607006139,3.300709630424121
Lille,Chine,Valencia,33.90180872535521,3.5665121583817596
Le Caire,Suisse,Cairo,41.279033135801576,-106.38849282388232
Florence,Belgique,Cairo,43.82061191396313,5.132098150849526
Meknès,France,Washington,49.569609611853004,3.162652233557437
Bordeaux,Canada,Catalonia,51.91472728207333,-96.85086179219587
Florence,USA,Illinois,40.99617915685066,-11.582826412111473
Toronto,USA,Bavaria,40.56698745379433,-67.97482946287798
Marseille,Belgique,Cairo,50.16571646507247,-10.520448236962011
Bruxelles,Maroc,Rabat-Salé-Kénitra,33.88316459595865,104.94188405147385
Birmingham,Royaume-Uni,England,58.61817137092558,1.408240421217798
Barcelone,Royaume-Uni,Île-de-France,54.500508669066036,3.363009547893091
Le Caire,Canada,Ontario,42.07255456720888,125.97244465116648
Kyoto,France,Flanders,46.24289736536036,-111.59148038394991
Miami,Japon,Tanger-Tétouan-Al Hoceïma,44.51018451584835,1.9060988014452982
Londres,Maroc,Kanto,50.70052291238242,-68.4944393014497
Nice,France,Hauts-de-France,47.337105803477385,137.86489967163106
Seattle,USA,Auvergne-Rhône-Alpes,43.98298570204908,129.76563308581132
Lille,Suisse,Kansai,38.68270652332338,131.3877820568109
San Francisco,Italie,Victoria,29.3533779710364,2.017751711355816
Tunis,Allemagne,Zurich,51.74404364245323,24.845498520326007
Osaka,Royaume-Uni,England,45.422065370734586,-6.223987252908165
Tétouan,Maroc,California,34.517265250064845,-96.38604732368199
Rabat,USA,Hesse,47.461443980127896,17.67166755376995
Strasbourg,France,Québec,48.03002453369162,159.27732676627747
Barcelone,Italie,Hamburg,47.27395669077398,4.2132411135532895
Le Caire,Maroc,Flanders,37.356955725534675,-84.76687967304485
Florence,Italie,Lazio,47.184950219640285,20.631415813004576
Hambourg,Allemagne,Souss-Massa,53.201936348366544,13.29483412466138
Osaka,Maroc,Lazio,53.176818230380874,1.2772670241141177
Seattle,Espagne,Texas,35.24843513957873,5.221958609319751
Milan,Belgique,Scotland,42.83310145305527,-1.438442464003605
Osaka,France,Porto,32.86417351108792,5.829545324323519
New York,Italie,England,46.65390525947211,14.044673236076253
New York,France,New York,42.63190207252157,124.61082188677285
Tanger,Maroc,Ontario,50.24541115460632,10.703640004715353
Marrakech,Allemagne,Tunis,49.58617938023086,10.675006844569399
Beijing,Chine,Kanto,45.66923178755209,-98.78788688441729
Tunis,France,Flanders,43.065209319217836,5.950547171957102
Francfort,USA,Kansai,47.907258319500755,6.1942793245152306
Casablanca,Maroc,Tanger-Tétouan-Al Hoceïma,32.87336795844983,-15.793691917240048
Francfort,Canada,Marrakech-Safi,37.22785621907445,-83.65806536064555
Milan,Belgique,Ontario,50.38756745771822,146.29602382982463
Oujda,Italie,Bern,35.954222108377515,7.201180498628254
Montréal,Australie,New South Wales,40.843847116232766,13.355121086494831
Oujda,Espagne,Ontario,47.8140603995271,-4.8032732537485465
Fès,Suisse,Tuscany,44.61674515180888,-104.24098971430178
Birmingham,France,Tunis,49.94670493059348,2.6482699201146236
Florence,Australie,Illinois,33.2123207268392,-78.02301166892121
Manchester,Égypte,Oriental,31.90127896251866,-0.2533992717836133
Francfort,Canada,Porto,33.81291390842167,9.957584169327912
Rome,USA,Texas,32.805565802986415,-118.48548012983322
Sydney,Australie,New South Wales,-37.403126011204805,148.91142850677844
Kenitra,France,Bern,42.25106403791986,10.906064333572779
Porto,Portugal,Scotland,42.08803296464121,0.2457697586361498
Montpellier,Italie,Massachusetts,42.78360281538761,6.133939390165056
Valence,Suisse,Massachusetts,49.91649459956519,-79.57742179612514
Naples,Canada,Shanghai,40.637673161984424,-67.56031268510597
Meknès,USA,Geneva,42.13547045126188,-0.14043972361567736
Lille,France,Occitanie,53.25060081324314,13.447958600404954
Berlin,Maroc,Cairo,47.15382229418662,0.3523629945205293
Osaka,Japon,Tanger-Tétouan-Al Hoceïma,43.13917113557249,-7.6615592351884425
Bordeaux,France,Kansai,46.926406585854224,136.75804394202274
Porto,France,Scotland,34.76239105435455,-2.3452425327132853
Paris,France,Brussels,43.18936991752384,-5.377491944797555
Osaka,Chine,Illinois,48.63392443114121,-7.2394557662014885
Rome,Maroc,New York,27.27605412312127,145.1976374844074
Sydney,Australie,New South Wales,-32.672059034293504,143.12627617591374
Milan,Maroc,Alberta,-41.17906448186724,-87.87454491421198
Fès,France,Illinois,39.41079884146543,-120.66712594431225
Chicago,Royaume-Uni,Hamburg,53.52118577568497,-12.523423850329902
Marrakech,Allemagne,Campania,46.614987971096255,-0.0627401397225571
Genève,Espagne,Tanger-Tétouan-Al Hoceïma,50.62221822124707,-10.549985701868955
Barcelone,Japon,Hamburg,34.1880975118108,3.564660662977216
Séville,France,New York,45.68220320179148,11.957939174384627
Florence,France,Nouvelle-Aquitaine,40.55634632439231,9.718542557295262
Naples,Canada,Texas,41.779154260018466,9.582824426767118
Tunis,France,New York,53.04332914406565,156.62302817269992
Vancouver,France,Fès-Meknès,42.10610419967683,2.788365805369888
Madrid,France,Alberta,42.805433535908314,6.091673248484501
Beijing,Allemagne,Rabat-Salé-Kénitra,52.310226628014604,0.46670991515259974
Rabat,Maroc,British Columbia,33.05444669101287,-10.833081859944892
Hambourg,France,Bavaria,46.84473987889883,6.497025654012767
Hambourg,France,Casablanca-Settat,48.539777094711006,-3.6227468161395584
Francfort,France,Kanto,43.08416793335217,-78.45622595329203
Shanghai,Égypte,Catalonia,29.939948938943292,-15.132289786825988
Florence,France,Cairo,43.50273497032087,11.008374471155456
Montréal,France,Hauts-de-France,50.30938689719175,-100.46819802750588
Seattle,Canada,New York,33.55057190137123,-119.89811889899697
Ottawa,Allemagne,Catalonia,31.897096466301065,11.52896180103037
Marrakech,USA,Illinois,44.536977973996045,5.817132380424576
Sydney,Maroc,Tanger-Tétouan-Al Hoceïma,36.25018515835966,91.75426457766295
Rabat,Égypte,Ontario,31.807430423300346,113.84697666464592
New York,Allemagne,Hesse,50.965558324744315,-100.72120335390653
Le Caire,France,Occitanie,50.091954035970424,-80.75010351678262
Fès,USA,California,30.537694542562136,129.23878731961898
Miami,Tunisie,Scotland,36.72634997254308,5.954788881284692
Tunis,Italie,Victoria,30.92858106045641,128.37044677985875
Le Caire,USA,Lombardy,-40.18442873234905,162.42663644397567
Anvers,Suisse,Tunis,45.15465658300116,-103.86182904542605
Bordeaux,France,Québec,32.909957558618316,-110.97503168765094
Le Caire,France,Cairo,25.00597376006055,0.7671669046336451
Meknès,USA,Rabat-Salé-Kénitra,35.25735305540236,121.41782255787106
Londres,France,Alberta,43.24823372217786,10.034214683837442
Birmingham,Allemagne,Berlin,53.114729361375815,20.773075341008504
Birmingham,Portugal,British Columbia,30.54177963180929,105.71613776662211
Florence,France,Scotland,32.93800566312013,159.6180162788679
Valence,Canada,Victoria,32.94539114612635,146.86388180161705
Toronto,Maroc,Lisbon,46.79535292571073,0.7977508520269323
Nantes,Italie,Tuscany,52.31350580256614,1.4893094416243158
Strasbourg,Chine,Beijing,44.16690408663886,2.7572631320653294
Séville,Portugal,Zurich,35.303346630676096,4.131152570846769
Marseille,France,Beijing,47.46789959174802,-0.46716848573859493
Édimbourg,Royaume-Uni,England,56.975577074138016,3.5394942678418273
Kyoto,Belgique,Massachusetts,35.779822889652756,-75.26875322374273
Valence,Belgique,Massachusetts,31.091203873701364,-119.81190626885379
Osaka,USA,California,33.23137654702146,-117.70534576569784
Birmingham,Espagne,Auvergne-Rhône-Alpes,37.43378325967355,1.652052709624813
Lille,Suisse,Île-de-France,31.615052857385848,-102.29289512097048
Calgary,USA,Andalusia,32.96372949252886,-6.3980269851031535
Toulouse,Maroc,Valencia,49.561740979472454,2.3368229874513973
Fès,Maroc,Lombardy,30.46952127185878,-116.65842193930227
Porto,Suisse,Oriental,53.755803453272286,2.319621222095555
Calgary,Canada,Hesse,36.68028781260529,-99.76171948879691
Tunis,Chine,Kansai,30.49863238086972,-15.294407602806867
Meknès,Maroc,Valencia,52.10494038197183,8.332000136741552
Sydney,Australie,New South Wales,-34.14356418362818,155.69003055114544
Bordeaux,Allemagne,Ontario,31.853260734737056,-78.21404966045337
Osaka,USA,Québec,36.54948691104969,13.175552730402547
Melbourne,France,Porto,30.45523721572502,-145.07659648767896
Munich,Allemagne,Bavaria,52.381655464997486,14.414034067768721
Anvers,Italie,New York,39.86850023061191,-9.176119335578255
Rome,Australie,Texas,48.45649205937772,9.643325821348268
Francfort,Tunisie,Provence-Alpes-Côte d'Azur,41.0800251933935,38.31318573301869
Séville,Belgique,Auvergne-Rhône-Alpes,51.84693421009844,-125.28707474085257
Seattle,USA,Bavaria,33.78972924840384,139.6520314357548
Florence,Belgique,Pays de la Loire,45.38745933329754,10.226878693624212
Sydney,Australie,New South Wales,-47.25748171748288,120.89325066386496
Madrid,Belgique,Cairo,42.918250575450664,-69.35508382996657
Le Caire,Suisse,Scotland,41.53491885083142,175.22370622959411
Chicago,Maroc,Shanghai,45.3378059667754,-1.650872654426689
Bordeaux,France,Andalusia,47.99490864477584,-76.8062086893374
Séville,France,Lazio,56.39982747412225,0.3356427186203216
Valence,Japon,Cairo,52.425348639392794,-1.3652254947500158
Berlin,Italie,Provence-Alpes-Côte d'Azur,37.741156548944225,17.062290367700903
Fès,Italie,Lombardy,42.142980733559256,142.914674524061
Montréal,Canada,Québec,51.57962468920736,4.632707180912907
Londres,USA,Île-de-France,39.39897502024621,136.287976618167
Rabat,Maroc,Souss-Massa,48.07708745746371,-12.542684657410813
Naples,Maroc,Massachusetts,30.887130417208454,-13.306063544100386
Kenitra,Maroc,Tuscany,33.08020610692883,-129.45051437721767
Marseille,France,Brussels,52.1269609981111,4.311328415760846
Calgary,Suisse,Bern,53.96583700974892,13.860428042427424
Munich,Allemagne,Madrid,39.7570085577761,-76.90538730303932
Boston,USA,Florida,31.493436727730057,143.0030542736544
Tokyo,Belgique,Brussels,56.61362176225239,-1.0179377268642784
Calgary,Chine,Geneva,50.89856838122522,-5.386738827316927
Francfort,France,Washington,49.059120153894796,6.866031518059756
Anvers,Chine,Tunis,50.36240431041052,-2.862877252737929
Meknès,Japon,British Columbia,47.200411129747025,7.496323642838724
Tokyo,Italie,Tuscany,50.70659263834631,1.5301707733118257
Séville,Japon,California,-43.08687962046902,129.05247406841434
Fès,France,Hesse,29.292495239167316,-134.70992663443954
Milan,Japon,Zurich,38.10118801744948,9.346105929391722
Beijing,USA,Massachusetts,37.15826982006006,-77.57233202106961
Beijing,Canada,Valencia,53.23826662310745,-72.24361107982827
Anvers,Maroc,Tanger-Tétouan-Al Hoceïma,36.07738774429342,-13.290448093730365
Birmingham,Canada,Souss-Massa,49.791017621738284,1.3922856818781597
Kyoto,Chine,Rabat-Salé-Kénitra,30.121905760074213,-82.10063272305453
Calgary,Allemagne,Alberta,39.226028106677454,142.55659599470815
Vancouver,Tunisie,England,53.842356098553026,-68.84701411559993
Genève,Espagne,Madrid,39.28815779488253,-5.885921778585402
Chicago,Allemagne,Geneva,50.45648848476827,172.97888755767823
Meknès,USA,Bavaria,46.58972888094764,-111.13739417957402
Birmingham,USA,Texas,39.20922851482206,0.02512945339391104
Los Angeles,Japon,Tunis,46.31156609709237,12.257750905639456
Boston,France,Beijing,46.00732800400487,7.711400337651915
Hambourg,Espagne,Québec,32.72977612585923,5.351197989162461
Florence,Italie,Alberta,44.6449974467209,6.260089560346389
Miami,Maroc,Alberta,35.721126177502846,3.273751261336098
Porto,Italie,Beijing,35.46720031382023,125.19698398748062
Zurich,Japon,Tuscany,32.88684794249143,131.49999597550388
Osaka,Portugal,Madrid,41.367844103646235,-14.964067720035887
Beijing,France,California,27.735830058981946,120.77658871549313
Shanghai,Suisse,Andalusia,33.698746147595195,-7.191008597530558
Francfort,France,Auvergne-Rhône-Alpes,34.56871400966358,-5.475350405732863
Paris,France,Texas,56.538303316207745,1.9022969018878313
Édimbourg,Royaume-Uni,Bavaria,54.441123736966894,152.92603730821497
Calgary,Égypte,Victoria,31.65327871455237,4.406602119573401
Marrakech,Maroc,Hamburg,33.66824279459159,-141.74363552036027
Naples,Japon,Campania,33.61847589991561,-70.25766672845539
Shanghai,Chine,Occitanie,40.96419262522053,112.11394566152315
Séville,Royaume-Uni,England,56.172796676236764,-13.637215511369773
Francfort,France,Hamburg,53.48437554369957,-3.727708255897378
Montréal,France,Alberta,31.846298295521137,-110.77369508546629
Bordeaux,Tunisie,Catalonia,50.82063599025799,-4.564221810592405
Osaka,Tunisie,Andalusia,43.40625796926708,15.626099494275017
Toronto,USA,Beijing,-35.4340650388476,-108.46385103608405
Édimbourg,Royaume-Uni,England,47.2276811745013,-6.908143833826129
Meknès,USA,Texas,33.58554366051016,-4.98550930578306
Bruxelles,Suisse,Beijing,50.70475609083835,12.031156515660383
Zurich,Suisse,Kanto,33.787702613085145,-96.92919380626509
Seattle,Canada,Rabat-Salé-Kénitra,55.06360552954532,-1.490662347210165
Édimbourg,Royaume-Uni,England,57.34049674417518,4.232500437403733
Naples,Espagne,Valencia,40.92927603225104,-1.1880843984847225
Barcelone,Royaume-Uni,Auvergne-Rhône-Alpes,56.95803410356598,-2.4521287818387942
Séville,Tunisie,Scotland,42.87352808401115,7.414430539870183
Beijing,Chine,Rabat-Salé-Kénitra,36.889360242849214,-8.839437037562865
New York,Canada,Alberta,45.65881036973728,1.717951643154911
Boston,USA,Fès-Meknès,54.57903927340993,-5.383130909916183
Kenitra,Japon,Victoria,36.78653450313343,-1.046249784635263
Osaka,Allemagne,Beijing,47.3373494304214,2.4931314069117096
Sydney,Australie,New South Wales,51.10475721353055,167.45596271224682
Oujda,Italie,Kanto,33.22650417231446,-5.107788096928214
Francfort,Italie,Provence-Alpes-Côte d'Azur,41.557484968573476,14.35537973085335
Marseille,France,Grand Est,47.43061553674646,-77.0291954348325
Osaka,Chine,Victoria,34.90733446985415,109.63106204813938
Montréal,Espagne,Québec,33.31348592795224,127.81304117098756
Ottawa,Espagne,Washington,41.406386539990095,-134.83806560100896
Kyoto,USA,Catalonia,41.49293501185045,5.748085459445482
Lisbonne,Chine,Ontario,43.756725780444015,111.08817707214126
Tanger,Maroc,Texas,37.26977769303769,6.705217109425415
Tokyo,USA,Cairo,47.896404886345294,150.10026055823113
Madrid,France,Oriental,32.20901309705794,130.9251881488706
Francfort,Royaume-Uni,Lombardy,52.3589988166283,3.7798816417255403
Montréal,Italie,Lazio,48.07733840028456,2.8714334920755378
Francfort,Belgique,Nouvelle-Aquitaine,52.138672843686436,2.953372652284896
Paris,USA,Tunis,37.819939911209715,4.176606380437184
Édimbourg,Royaume-Uni,England,57.80187431044776,-136.79309997742337
Berne,Maroc,Porto,35.03797492265968,1.1547750665954926
Séville,Portugal,Porto,39.903050004948334,-135.29631177927433
Édimbourg,Italie,Hauts-de-France,37.588578394742434,5.02813810354786
Casablanca,Italie,Pays de la Loire,33.99237041447863,17.091111155340876
Lille,Tunisie,Kansai,41.25417475691893,-100.61931984473968
New York,Tunisie,Bern,35.821346577723055,-83.01264468232422
Rabat,Maroc,Tanger-Tétouan-Al Hoceïma,33.47621489568692,-12.94558095028486
Strasbourg,USA,New York,46.88861371927808,8.695393229072467
Bruxelles,Royaume-Uni,England,55.82793139749393,5.586564204130923
Agadir,Maroc,Porto,30.40480862154068,-10.80672246960549
Los Angeles,France,Casablanca-Settat,39.13392679866523,4.6890843319037625
Berne,Australie,New South Wales,-38.34851599856455,148.5072959328954
Zurich,Belgique,Flanders,48.32029939168047,-2.7962450309611886
Anvers,Tunisie,Fès-Meknès,33.41201484698858,0.03416870979068887
Ottawa,Canada,Lazio,52.014193621421995,11.613060968581673
Agadir,Italie,England,32.17456434901016,7.668784473309523
Le Caire,Canada,Alberta,48.4078316830258,-120.76913254924925
Ottawa,Tunisie,Bern,42.53751570890486,4.671539318913528
Sydney,Australie,New South Wales,32.87014497342178,6.025382599752133
Osaka,USA,Andalusia,25.897364706129373,-83.97137012493953
Munich,Allemagne,Lisbon,55.46857674282569,0.6210243655118667
Genève,Italie,Tunis,33.03507268473304,3.2586863210167643
Kenitra,Maroc,Kanto,38.257740867963435,2.300154198206102
Séville,Portugal,Madrid,47.93863685757403,-2.9265043982876646
Vancouver,Chine,Alberta,38.99100283433674,7.288042132962357
Beijing,USA,Victoria,32.012488005379026,-120.44548434254418
Birmingham,Maroc,Souss-Massa,42.30972608541653,-7.1409694868925
Toronto,USA,Andalusia,41.87139708977266,-4.8888396894910695
Osaka,Allemagne,Hamburg,52.81726146038412,-1.6062286729260977
Kyoto,Japon,Hamburg,52.914053904595136,10.924347903665161
Chicago,Chine,Ontario,31.702735096033056,120.96650301081108
Tokyo,Portugal,Alberta,39.021528406906434,-1.3034237825862869
Le Caire,Suisse,Bern,42.675633367051155,10.911903176256184
Birmingham,Royaume-Uni,England,55.08566258688278,0.1080782959149964
Tokyo,Chine,Casablanca-Settat,40.9715766206698,-3.35501947881423
Houston,Allemagne,Berlin,37.460109857317214,11.225547576164658
Francfort,France,Grand Est,42.74138778028658,9.430043078337551
Ottawa,Chine,Casablanca-Settat,29.751095284059513,-15.915867391089748
Vancouver,France,Île-de-France,46.37228519116968,5.997310132349256
Birmingham,France,Beijing,45.46046586341403,3.2382868167163505
Berlin,USA,Hesse,39.47528095961299,-105.33504916992256
Kyoto,Portugal,Porto,38.55332456301674,133.2423561957847
Osaka,Égypte,Fès-Meknès,48.347574295313336,119.29607491964731
Marseille,Chine,Bern,44.974956592064835,110.6361767306718
Le Caire,USA,Shanghai,39.9189585364907,-69.67518883396328
Fès,France,Occitanie,45.611824263969446,-7.689223219877539
Lille,Maroc,Souss-Massa,48.88080048339579,-13.13079825148664
Tokyo,Portugal,Oriental,39.773092207740476,141.23369129076463
Rabat,Maroc,Catalonia,35.51009089924752,-9.275794965727268
Rome,France,Hesse,34.617327648584585,5.4142761067321405
Édimbourg,Maroc,Tanger-Tétouan-Al Hoceïma,35.894766784727686,-8.271197158741817
Strasbourg,Canada,Québec,35.57483036343393,121.64444789023112
Barcelone,France,Shanghai,49.204851971826336,9.633400043054559
Berlin,Égypte,Occitanie,43.31198222410903,6.183334778779882
Barcelone,Royaume-Uni,Marrakech-Safi,48.894551080688565,-7.256663158538638
Birmingham,France,Brussels,45.8656055996545,16.622408283943873
Barcelone,Royaume-Uni,Campania,34.93346579838234,-1.5419749171502732
Birmingham,Maroc,Québec,42.70827486115948,-5.717802224538351
Porto,France,Madrid,43.214810338921424,-4.121323719767378
Melbourne,Canada,Washington,44.285899159654974,-128.51288850782217
New York,Allemagne,Tunis,50.3267170283906,3.3462255238041356
Melbourne,Australie,Bern,39.66089876068082,-88.00743035184381
Tokyo,Belgique,Flanders,36.37283479248147,129.14124230456827
Valence,Espagne,Kansai,-23.68326252140947,-124.8057263463275
Lille,France,Bavaria,34.30400787998663,142.8603769267263
Milan,Japon,Oriental,42.95206007235757,0.7630402784942145
Munich,Japon,Cairo,43.93180313937592,6.202547274925541
Le Caire,Tunisie,Zurich,49.21611825709304,0.326731575911947
Rabat,Maroc,Geneva,44.17481714483731,6.474657346394562
Osaka,Espagne,Campania,41.94604422236052,-6.800394344568083
Rome,Allemagne,Beijing,30.084858992522125,-75.50623745043453
New York,USA,British Columbia,54.444710617440734,-79.1363319741404
Manchester,Canada,Victoria,-16.610087886368056,-3.7011253655990553
Osaka,Japon,Cairo,33.45177775312932,124.79029702016922
Milan,Maroc,Tanger-Tétouan-Al Hoceïma,33.25015748143121,-12.037629426877693
Marrakech,France,Cairo,36.44168606154021,9.502268908694596
Tétouan,France,Provence-Alpes-Côte d'Azur,44.82444365959054,5.1965169689874635
Florence,Canada,Illinois,53.126533465399255,-2.6445609838923776
Chicago,Maroc,Auvergne-Rhône-Alpes,40.945083911037734,0.7576329278909597
Sydney,Australie,New South Wales,-36.748052353557874,174.84746642500045
Tunis,France,Nouvelle-Aquitaine,33.95302475508717,-2.5382536184296303
Le Caire,Tunisie,Victoria,37.04608400591523,-75.31726418018087
Rome,Égypte,California,30.37765383951661,-70.6254604150078
Bordeaux,Suisse,Catalonia,-26.75302014594461,7.962851958645679
Ottawa,France,Nouvelle-Aquitaine,41.51453539651572,9.043960864720228
Bruxelles,France,Ontario,44.28191794096079,13.389869362345356
Lille,Suisse,Porto,51.296820459725595,-102.48523122569739
Bruxelles,Portugal,Zurich,32.09026889710839,-11.06291986306802
Sydney,Australie,New South Wales,-35.10620202642001,162.6834392614896
Montpellier,Suisse,Québec,45.428573477940645,10.739569594608021
Oujda,Belgique,Scotland,50.53500127958757,23.105616612994627
Melbourne,Chine,Île-de-France,35.11508034432669,20.41927142441066
Le Caire,Royaume-Uni,England,55.53271716240804,5.844585281271847
Lyon,USA,Île-de-France,28.943910760798914,-6.913441809813453
Meknès,France,Fès-Meknès,54.64363440804096,6.051737486272746
Munich,France,Lombardy,42.42011812498544,7.700240087828465
Anvers,Belgique,Tunis,52.40218128096308,8.73392207378658
Shanghai,Chine,Kansai,31.32582289538653,-81.05322366776043
Tokyo,USA,Beijing,27.198921893778312,-90.56169646292422
Marseille,France,Hauts-de-France,36.32826089579384,-0.5894438866426781
Ottawa,USA,Kansai,49.569390342497044,143.65038509200426
Séville,USA,California,39.46906146809308,-86.03751033297605
Melbourne,France,Île-de-France,34.40754932736103,-9.215232036067594
Manchester,Chine,Victoria,32.85595267901905,-4.5462828098930075
Édimbourg,Australie,Andalusia,-24.947523543773784,114.36075579852606
Shanghai,Chine,Kansai,32.59903096063274,-118.86535927183213
Sydney,Italie,Florida,32.58797138848746,140.3320097405821
Casablanca,Royaume-Uni,England,57.25948067235258,-1.109103134277015
Birmingham,Canada,Hesse,34.628927783158154,1.570796401944658
Le Caire,France,Auvergne-Rhône-Alpes,33.696375323470704,13.339428508140461
Vancouver,Espagne,Madrid,31.686863557327662,-3.304081954292529
Houston,Italie,Occitanie,26.080093074016293,13.868545299986266
Beijing,France,Bern,52.74604469339852,13.087063200665144
Nantes,Japon,Pays de la Loire,37.224606534413965,125.27544790049491
Fès,Portugal,Brussels,35.64427477940666,-1.5259924731843886
Shanghai,Canada,Shanghai,47.05435540038825,2.7943835892147875
Manchester,Royaume-Uni,England,55.036742144809125,-2.3943900099498427
Tunis,Allemagne,Occitanie,51.70420710227936,18.214660429440524
Beijing,USA,Catalonia,40.216611819972805,-8.361997015668258
Tokyo,Suisse,Lombardy,41.21924525997995,5.007930571648055
Berlin,Suisse,British Columbia,48.74519005141622,0.8168368553857412
Bordeaux,Italie,New York,31.662308693273065,151.5676808483012
Le Caire,Maroc,Tanger-Tétouan-Al Hoceïma,32.38615780372629,92.42734205993375
Toulouse,Maroc,Florida,46.81508094607881,1.8356455753846872
Le Caire,Maroc,Cairo,33.43162704257826,116.52573105296634
Porto,France,Tuscany,42.46070682979814,1.3038624869748243
Marseille,Tunisie,Alberta,29.782723028441378,153.4216914696033
Madrid,Espagne,Cairo,30.424831232169907,14.319063011510483
Zurich,France,Victoria,44.90539387332642,156.144212829268
Francfort,Tunisie,Tuscany,33.23161361067294,5.48799525065697
Munich,Belgique,Flanders,51.75432317117764,5.9863486354085556
Osaka,Belgique,Zurich,47.28099784131263,8.379483569103941
Bruxelles,Suisse,Île-de-France,51.17169640601509,7.1452313502443126
Fès,Chine,Victoria,32.40406207540209,-6.314239005568994
Vancouver,Allemagne,Fès-Meknès,43.725370683054365,8.326882500328388
Boston,Égypte,Fès-Meknès,-41.14986484932938,-6.160472781575743
Marrakech,France,Tanger-Tétouan-Al Hoceïma,52.69018833585611,-63.97132765207624
Milan,Maroc,Rabat-Salé-Kénitra,33.144187327641184,-3.6619693626426746
Melbourne,Égypte,Brussels,34.60744027825586,3.107972306674206
Beijing,Tunisie,Texas,32.36570083905631,-130.05879150380412
Valence,France,Nouvelle-Aquitaine,52.52559268723949,-7.5048476705928815
Rabat,Égypte,Tuscany,33.67246900387566,-13.078524659679871
Munich,Maroc,Madrid,48.78580219046946,-83.55862333106502
Édimbourg,Belgique,Texas,31.10789333487064,3.453123305293922
Beijing,Maroc,Tanger-Tétouan-Al Hoceïma,30.465021138050087,-17.804138718426934
Bordeaux,Allemagne,Casablanca-Settat,51.31232165662718,8.706244090994314
Florence,Espagne,Campania,46.643298204368826,13.370291216554062
Toulouse,Maroc,Campania,30.92626580633316,-86.92060686169822
Melbourne,Australie,New South Wales,36.99523276453713,135.00181335886953
Houston,Chine,Brussels,28.867658357747462,119.65642920704353
Nantes,Royaume-Uni,Zurich,38.48629604308517,-112.71868472269585
Montréal,Royaume-Uni,Berlin,44.63786671317953,8.199490378088884
Séville,Belgique,Oriental,53.75378692179765,4.8487757046006
Birmingham,Canada,Québec,41.633513608345034,143.28932643698494
Lille,Suisse,Geneva,43.16098088042195,23.150687905435344
Oujda,Portugal,Auvergne-Rhône-Alpes,49.892387302644764,0.2270180174409584
Beijing,Australie,Campania,49.519882308322764,155.9183154377447
Vancouver,Allemagne,Provence-Alpes-Côte d'Azur,54.216549609125444,17.691155712189218
Anvers,Maroc,Cairo,47.77627034371517,0.1203208710236896
Agadir,Espagne,Campania,34.6308394016074,8.612739151777399
Meknès,Suisse,Tuscany,37.63487357141385,7.7586467372082755
Zurich,Chine,Lisbon,37.0684194692632,122.59246730643584
Rabat,Espagne,Beijing,47.830969293250575,-2.5962737466217423
Porto,France,Pays de la Loire,55.03112700057244,9.969034756579212
Houston,USA,Massachusetts,34.36288900999518,-90.02166135178858
Sydney,Australie,New South Wales,-36.51716526684002,154.7319774322935
Boston,France,Beijing,37.682317820143325,143.156398971212
Munich,France,Occitanie,52.76312103887174,-8.782034603715914
Bruxelles,Belgique,Tuscany,47.94203735525935,-2.163300795981691
Tanger,France,Alberta,42.869680980573214,136.1692553138529
Le Caire,Maroc,Tanger-Tétouan-Al Hoceïma,39.68876066750247,-115.5615935541645
Agadir,Canada,Hamburg,54.29062478814491,-7.803483203596463
Melbourne,Australie,Alberta,40.8287437867314,13.15992958854681
Lisbonne,Japon,Provence-Alpes-Côte d'Azur,43.527048242518944,4.054731451759535
Lisbonne,Japon,Lisbon,33.417214488103966,129.10004528497336
Boston,Belgique,Tanger-Tétouan-Al Hoceïma,35.89607615053679,-8.007446452091601
Berlin,France,Cairo,37.9051161945107,117.20149776744745
Kyoto,USA,Florida,33.53520562260795,-0.2966745336512291
Tunis,France,Provence-Alpes-Côte d'Azur,36.98454441323847,4.357507505536281
Tunis,Italie,Hesse,55.65144827450288,8.804423381894837
Kyoto,Portugal,Grand Est,33.88349088679645,142.17075010556238
Marrakech,Canada,Tunis,35.32019000686569,132.8995412043878
Toronto,USA,Brussels,48.584339692688786,-71.92011396254188
Shanghai,France,Casablanca-Settat,31.055833286497286,133.3362831940083
Sydney,Australie,New South Wales,-46.36848925380114,161.5208705988005
Barcelone,Royaume-Uni,England,55.60915195345099,-6.2270214907584736
Lyon,USA,Kansai,32.67908337717879,7.658763683746205
Munich,France,Lisbon,42.319934329655325,-88.93796789348103
Florence,USA,Tuscany,43.91151190542887,130.83551281545638
Madrid,Égypte,California,31.545856986779913,130.78402703104283
Montpellier,Espagne,Île-de-France,50.53704934158674,7.179561355102782
Beijing,Australie,Illinois,31.46378388466441,108.29738768581927
Birmingham,Royaume-Uni,England,44.44641757199411,-0.3684738006542789
Agadir,Australie,New South Wales,-27.080342977961767,-88.08333779294261
Toulouse,Suisse,Kanto,46.94283964014273,10.83444210072062
Rome,Espagne,Grand Est,-48.19360647196733,141.57968006177794
Florence,USA,Illinois,48.545946490606276,-111.79279294722997
Ottawa,Maroc,Catalonia,43.61176654438623,-11.916900476304114
Birmingham,Royaume-Uni,England,48.06355785823606,11.840278315357422
Édimbourg,USA,Tunis,39.60103638594199,132.2666859893285
Los Angeles,Maroc,Shanghai,33.554019801461386,-13.657200654664347
Manchester,Royaume-Uni,Scotland,52.716498347665606,0.6956023588522
Sydney,Australie,New South Wales,-30.055938875105216,136.32215895658356
Ottawa,Chine,Tunis,47.788541961647134,7.322411281502536
Tanger,Maroc,Nouvelle-Aquitaine,31.384327713113727,2.1474052924070364
Melbourne,Belgique,Brussels,36.10956011095345,1.5683883507931522
Lyon,Chine,Hesse,43.92114738547514,11.98104760115088
Hambourg,Royaume-Uni,Geneva,52.59086793906215,-107.95061213334431
Madrid,Canada,Oriental,34.83332827142491,-130.4680447366151
Sydney,Australie,New South Wales,-31.343626380423334,159.81367772366758
Sydney,Australie,New South Wales,-35.266979217098296,165.36516198886966
Édimbourg,Canada,Occitanie,53.80579366671534,28.48671383971519
Beijing,Chine,Tunis,32.43987782296721,143.39838178078432
Zurich,Chine,Cairo,33.462797498250374,107.23373788507095
Édimbourg,Maroc,Tanger-Tétouan-Al Hoceïma,36.47688659928742,-12.771801386746223
Kenitra,Suisse,Flanders,45.86865609804245,11.272635844424618
Nice,Japon,Alberta,34.79671174000244,142.9381515589742
San Francisco,Allemagne,Casablanca-Settat,44.14851008031301,115.56781560168196
Berlin,Maroc,Florida,27.400526408596072,-20.796423644965056
Sydney,Australie,New South Wales,-41.51319344347768,156.1642029144218
Édimbourg,Australie,Florida,-38.60516493320022,150.93230542097328
Calgary,France,Bern,35.50817105138563,19.73420499947091
New York,Suisse,Provence-Alpes-Côte d'Azur,-28.36135461828721,3.0792190364863896
Toulouse,Maroc,Tanger-Tétouan-Al Hoceïma,34.38532206792331,-32.83158078512479
Lisbonne,Italie,Grand Est,42.70467852486201,3.4232297643554697
Meknès,Italie,Lazio,36.89728397720569,-108.64348175079586
Madrid,USA,Catalonia,-35.96004706465759,8.328500144345908
Genève,Allemagne,Québec,45.8365541188986,171.7579610473397
Calgary,France,Grand Est,35.21390189210976,2.9964122091918384
Paris,France,Tunis,52.76007988756108,4.284806559867519
Le Caire,Japon,California,30.152861365086565,-5.4827529971099676
Florence,USA,Marrakech-Safi,42.55253065945306,127.36365557037335
Montréal,France,Bern,40.770679881233924,-9.56036586825035
Montréal,Royaume-Uni,Porto,53.526422998032096,-6.6156117977096045
Séville,Canada,Berlin,46.39064196624627,7.6089807311365885
Édimbourg,Allemagne,New York,42.61314332055456,11.45134477440557
Porto,France,Souss-Massa,42.776001259012695,-3.865329648217446
Manchester,Royaume-Uni,Kanto,50.905017378786056,8.084342111474937
Marseille,Allemagne,Ontario,32.839961553678435,-3.8736571197925764
Lille,Espagne,Valencia,53.08101165390243,15.750328097815753
Chicago,Allemagne,Catalonia,32.857287253323854,11.127649508636328
Bordeaux,Canada,Victoria,-26.051869236339385,4.02947606279605
Tunis,France,Valencia,41.35447301045844,-4.08644195317471
Munich,Italie,Illinois,51.51423309219339,21.421584384632034
Toulouse,France,Valencia,40.773810212179804,-1.5814126666926929
Tanger,Japon,Tuscany,40.268686218990794,138.32507402492493
Birmingham,France,British Columbia,54.069887829592204,0.48114169463641787
Melbourne,Italie,Kansai,41.19086925901373,10.159779889920165
Nice,Maroc,Texas,31.359853198698435,0.6519497207754412
Manchester,Italie,Valencia,45.788479262211474,-2.401349226789062
Rome,Suisse,Cairo,51.49694609881842,11.087117615253876
Séville,Espagne,Porto,33.8565877269387,-5.50515655766309
Kyoto,Royaume-Uni,England,54.0973154307336,-0.10031336003221347
Beijing,France,Rabat-Salé-Kénitra,49.440880101545666,-126.99778929578089
Francfort,Suisse,New York,49.855609912178224,8.645036451681776
Kenitra,Italie,Oriental,35.29521585022452,-6.503440586535557
Agadir,USA,Geneva,49.91074500063933,0.2552940052530899
Birmingham,Italie,Ontario,33.08995822106203,-1.3494081047726896
Le Caire,Australie,Québec,39.15202332548105,-8.631994119390184
Bordeaux,Italie,Tunis,35.382419102812406,-80.72060334034855
Le Caire,Maroc,Alberta,34.616360370352325,102.55104157922368
New York,France,Provence-Alpes-Côte d'Azur,43.99257481383164,-9.094543354943557
Birmingham,Canada,Porto,41.733957676739806,12.884166022914197
Calgary,Royaume-Uni,England,48.030283301293174,-6.175049970617968
Madrid,Australie,Valencia,42.08037919020308,-6.037350244184207
Miami,France,New York,41.027916727896056,18.00511482309941
Bruxelles,Canada,Pays de la Loire,56.1533072123954,10.57027705919996
Beijing,Maroc,England,34.629895474131814,-2.1496348690039224
Marseille,France,Florida,42.08215322792887,129.68296418295066
Valence,Australie,Beijing,32.18330364812081,-135.27163791600967
Nantes,Royaume-Uni,Hamburg,42.752761898169,1.827427777489749
Barcelone,France,Tunis,34.01070949317418,111.97976127199976
Marseille,Royaume-Uni,England,52.78627737606103,-86.99635961041169
Marseille,Tunisie,Andalusia,32.48916680062375,144.56040825956003
Ottawa,USA,Bavaria,33.63320487695605,3.647385935334761
Tétouan,Maroc,Hamburg,44.436541131824185,1.8372915117249422
Barcelone,Portugal,Bern,33.22860115861909,-5.9336309039985355
Birmingham,Suisse,Kanto,30.510229496842904,0.6701399003208397
Tétouan,Maroc,Kansai,33.932029575631375,-1.0674020850319454
Sydney,Australie,Ontario,41.507418083102614,-61.52944164044718
Fès,Belgique,Alberta,51.60841288025592,-71.37501656935439
Séville,Portugal,Ontario,31.31200157325165,-0.8144904196830698
Marrakech,USA,Cairo,39.48968854935279,-2.957008131506277
Calgary,Maroc,Occitanie,46.19020189025211,4.31895285603799
Rabat,Maroc,Souss-Massa,53.71821782369412,-10.543929046615236
Meknès,France,Porto,46.52431883164473,1.2349791815459787
Bruxelles,Portugal,Pays de la Loire,54.50400631304479,17.15538638749264
Le Caire,Portugal,Massachusetts,44.01266096069023,-65.81173192822922
Boston,Japon,California,48.35807931506169,3.1442651908478716
Hambourg,France,New York,52.778548464567216,7.30231859401899
Nice,Canada,Alberta,37.76152574650278,-82.826190543254
Osaka,Japon,Washington,34.87039035743362,134.86197906121228
Chicago,USA,California,31.82685463394322,109.6181665573581
Porto,Italie,Victoria,52.645118217454936,10.894310367781884
Chicago,Italie,Lombardy,32.85478183798096,7.138149984208624
Marrakech,Belgique,Pays de la Loire,53.71951797454087,-6.0601674141479105
Nantes,Royaume-Uni,England,52.05335617719123,5.66553817474413
Tokyo,USA,Alberta,37.90375883440403,1.1114293279161584
Marrakech,Portugal,California,33.32670210010124,149.79612367068722
Berne,Italie,Lombardy,31.50601885863044,18.606051204751903
Rome,Italie,Rabat-Salé-Kénitra,32.332891049586635,171.11357122312168
Ottawa,Maroc,Rabat-Salé-Kénitra,40.749311940072445,-3.8797982843343637
Sydney,Australie,New South Wales,-49.522496487721796,165.2601838680988
Hambourg,Allemagne,Hamburg,29.786430154403355,21.223534930110056
Zurich,Canada,Geneva,52.38439655414937,8.001795614868211
Fès,Maroc,Ontario,30.972725779389076,-12.89935454758703
Barcelone,Royaume-Uni,England,56.422521274737406,1.315377407662436
Casablanca,USA,Bern,32.47022502736824,-117.77007155252484
Manchester,Allemagne,Geneva,51.79126805783441,-4.687401594446216
New York,Portugal,Occitanie,31.813280094599044,-82.91466838729815
Francfort,Égypte,Tunis,51.50519620832736,-82.49318563399707
Porto,Canada,Ontario,33.82738008175605,-84.37034136259363
Francfort,Tunisie,Rabat-Salé-Kénitra,32.62707283213716,137.32475460550805
Tunis,France,Cairo,33.53709582813292,156.32518156147964
Londres,Royaume-Uni,Oriental,46.15094299054742,127.04524745930102
Seattle,Canada,Marrakech-Safi,37.12442827902516,130.91056992763762
Meknès,Royaume-Uni,Lazio,36.2702433397932,122.45316564369878
Séville,Belgique,Oriental,52.188297934099786,-87.56101863504543
Francfort,France,Geneva,53.197078292242566,6.515767247742059
Chicago,Canada,Cairo,52.44989311959033,-105.27873430569453
Montréal,Italie,Lombardy,50.9285172688767,-78.78207918483041
Beijing,Portugal,British Columbia,43.155496150345726,-3.865166003874745
Séville,Japon,Kansai,40.54414322403751,142.85776265733531
Zurich,France,Shanghai,31.18813506587167,1.9333491276044
Osaka,Australie,Victoria,39.11467088940653,0.18942787325611188
Munich,France,Valencia,46.59374046698337,-77.0487395852858
Anvers,Maroc,Oriental,40.80487767858289,-128.90192004828813
Zurich,Italie,Florida,25.043524213172677,0.7517559409263908
Milan,Maroc,Washington,39.09044076558245,0.4927986677491901
Lisbonne,Chine,Alberta,52.61103183171301,-70.84274622171603
Toronto,France,Cairo,33.60251999278026,3.5045530362413206
Madrid,France,Rabat-Salé-Kénitra,49.04943221691471,-95.15296246020888
Sydney,USA,Beijing,37.13586102183928,-70.38674958306979
Beijing,Belgique,Bern,54.550717885222134,2.4887044101175224
Marrakech,Japon,Pays de la Loire,35.00888423338105,123.69576630957246
Hambourg,USA,England,46.6140503209372,-78.27448063993708
Munich,Maroc,Souss-Massa,34.36077818481134,-12.320007586084103
Beijing,USA,Occitanie,36.00872353792625,-0.3758438355303504
Florence,Portugal,Zurich,31.671152672288112,-15.383047272473691
Florence,Chine,Geneva,49.457391441322,2.434727640421289
San Francisco,France,Casablanca-Settat,45.272981509868316,-5.223002473243032
Shanghai,Maroc,Tanger-Tétouan-Al Hoceïma,27.49217645871302,-16.275285832006094
Lisbonne,Maroc,Fès-Meknès,34.250988513309984,117.60883535545491
Valence,Suisse,Campania,32.115308191846886,15.866362049895116
New York,Italie,Flanders,43.06101845940929,14.871472514908545
Naples,Italie,Zurich,42.322026493242326,4.944871663959461
Oujda,France,Occitanie,41.90715286268159,8.63641490029217
Strasbourg,Allemagne,Texas,45.51912576024912,10.651953835064113
Bordeaux,USA,Tunis,45.227812971216686,6.951432457259244
Miami,France,Rabat-Salé-Kénitra,47.79646991210617,3.5698653186904
Paris,France,Flanders,46.03278220217221,5.152968148940252
Berlin,Italie,Bern,55.438332681468836,8.072494434732647
Chicago,France,Île-de-France,44.93018549567356,2.6966361586745333
Montréal,Italie,Kansai,48.83560744261144,177.36371650787726
Kenitra,Allemagne,Victoria,55.20278957520936,9.17535220008234
Barcelone,France,Souss-Massa,40.06247510875926,-138.9497693700107
Genève,Italie,Provence-Alpes-Côte d'Azur,32.54230943216779,-1.628659991077984
Tokyo,Japon,Texas,29.71277847369717,22.978353500310114
Porto,France,Ontario,38.961779839410575,0.30746017432769146
Hambourg,France,New York,46.51097487037668,-2.0266962946220515
Bordeaux,Chine,Casablanca-Settat,35.25220354360613,-4.9567693846694585
Le Caire,France,Marrakech-Safi,35.990933279649326,-68.14134779718707
Naples,Belgique,Beijing,53.28466142350342,-5.954512950716054
Zurich,France,Île-de-France,33.27686476449241,10.123162422965688
Munich,Chine,New South Wales,30.762538647189146,130.35134540960314
Strasbourg,Suisse,Provence-Alpes-Côte d'Azur,46.25086169533094,-72.12060146911791
Toronto,Australie,Flanders,34.66430624997078,-110.30116316643954
Anvers,France,Valencia,44.86059937773714,-3.0435635408231607
Lille,Allemagne,Occitanie,34.42679749441625,5.9738890756948955
Francfort,Égypte,Pays de la Loire,-36.773872938019046,10.846608658109073
Bordeaux,Maroc,Lazio,38.81349581249513,5.154753436802123
Bordeaux,Australie,Kansai,32.06122931271949,-121.91552677252932
Marseille,France,Porto,50.366568856091504,7.717881420363837
Oujda,Italie,Madrid,34.81520495613433,-5.254582595689407
Montpellier,Belgique,Zurich,51.50584797248919,11.2553023893922
Toulouse,Espagne,Massachusetts,33.98114580225097,-80.12514240579763
Hambourg,Allemagne,Catalonia,32.21680205258629,10.468224870060633
Munich,France,Hauts-de-France,51.287672030240714,8.269367060569946
Munich,Italie,Fès-Meknès,31.9426212423881,6.701502614212838
Londres,Australie,Shanghai,-34.88293750724814,-15.93765777168921
Tétouan,Italie,Zurich,52.29945976492509,10.486372139093909
Naples,Belgique,Brussels,-27.10842687722708,6.850534645204371
Vancouver,Espagne,California,45.30917456349997,-1.0892736962360585
Francfort,USA,Provence-Alpes-Côte d'Azur,44.72994083682936,-100.42352876917064
Kenitra,Canada,Kanto,51.31114673906885,16.123346592344085
Ottawa,USA,Massachusetts,34.10809621114298,-5.346426483597223
Tokyo,USA,Tuscany,26.081331156711016,126.76930413525234
Le Caire,Portugal,Catalonia,40.83065925196282,-11.125382398657642
Sydney,Australie,Scotland,33.281825853319695,135.25595146215696
Vancouver,Maroc,Shanghai,34.89687574795051,-90.70212301409765
Paris,Espagne,Brussels,42.91522921852715,2.3127409397333523
Toronto,Maroc,Madrid,40.880953247296745,-80.20150311942643
Tunis,Suisse,Shanghai,32.53071455066658,-5.8825281052246545
Montréal,Canada,Kansai,45.165674680365285,27.259695818646964
Lille,Tunisie,Kansai,32.81766281655804,-7.019663271154402
Nantes,Italie,Hauts-de-France,36.724929772359324,6.602848514348404
Paris,Belgique,Hesse,46.11570827171672,-3.9421982139149088
Ottawa,USA,Andalusia,48.62387945929981,-8.352889155628166
Le Caire,Canada,New South Wales,51.37499980647131,-78.87666797033974
Osaka,Australie,Oriental,35.06610474995872,-9.716842444852231
Anvers,Suisse,Victoria,43.66473897365441,8.633878152411283
Berne,Suisse,Fès-Meknès,48.988354546719016,9.02661300116326
Nice,Japon,New York,44.83727674327698,2.188813855757809
Londres,USA,Kansai,48.21099049006159,-127.51450886612288
Melbourne,France,Bern,-37.42094511215249,-75.86508540564489
Tokyo,Chine,Massachusetts,42.08402894893425,-73.03689747264616
Anvers,Royaume-Uni,Ontario,36.64263949322344,-80.48243828903033
Francfort,Italie,Oriental,34.28308495138196,2.453683113915801
Tétouan,Italie,Hamburg,47.381946581303914,8.604527987905017
Shanghai,Maroc,Tanger-Tétouan-Al Hoceïma,34.783302222174434,-13.719059205774236
Melbourne,Canada,Geneva,47.26754996685603,4.558478684909701
Lisbonne,Belgique,Hauts-de-France,37.18880007629857,-3.0541080381122083
Lisbonne,Royaume-Uni,England,47.65047171119328,-5.6074651337833625
Bruxelles,Japon,Oriental,43.386916288578874,-0.16659723453897546
Kyoto,Égypte,Massachusetts,35.41822734598844,141.1018609223538
Londres,Italie,California,53.614068168210856,5.998227510970733
Milan,Japon,Andalusia,31.60964099214689,-81.86448746035758
Hambourg,Tunisie,Bavaria,51.88599846351353,2.6768925600761984
Bordeaux,USA,Lombardy,44.61409692504684,7.754841545367348
Florence,Japon,Flanders,41.82021099180465,129.04251627151496
Bruxelles,France,Provence-Alpes-Côte d'Azur,47.59861351993557,0.5038021189231361
Fès,Maroc,Valencia,32.42588633976498,-12.48573486232726
Valence,Maroc,Zurich,40.62889226882439,0.1477939106037809
Madrid,France,New York,34.949786708815985,5.296707491999037
Melbourne,Italie,Brussels,53.24432048381798,-0.4597388783779621
Sydney,Maroc,Québec,31.77432541116372,-5.000587402943431
Beijing,USA,Porto,40.551727391525816,111.08775275429602
Madrid,Égypte,Texas,28.796999561858794,146.54127577266243
Seattle,Maroc,Hauts-de-France,47.97204045969519,5.401970239431984
Vancouver,Portugal,Souss-Massa,30.510894568054425,-98.3772471821281
Porto,Suisse,California,45.3349635766624,16.53202954237002
Shanghai,Suisse,Ontario,42.08882311770645,120.55409341016012
Toulouse,Maroc,Campania,45.96254284735517,8.537301202600565
Fès,Japon,Bavaria,50.85463976113719,4.434804597674033
Tanger,France,Geneva,49.07155415736115,11.290076032152278
Florence,Espagne,Cairo,41.83174628026602,4.8145234633966805
Houston,Tunisie,Ontario,32.23229966667967,-65.0335517821795
Barcelone,France,Hamburg,44.296161944671496,9.432650924957901
Paris,France,Lombardy,48.09298168601995,4.649354891709864
Milan,Égypte,Marrakech-Safi,30.2596836422582,2.8863275627128075
Bruxelles,USA,Zurich,47.94405237514939,2.253297830091317
Lisbonne,Maroc,Madrid,37.6771466957065,-14.091326627859562
Manchester,Tunisie,Shanghai,49.17347912213522,7.67538037952267
Seattle,Italie,Grand Est,43.379216195733115,153.18738504131576
Miami,Royaume-Uni,England,58.991509846555026,4.862266745159913
San Francisco,Japon,Valencia,42.46747487577033,-5.488743553081271
Zurich,USA,Victoria,41.97916251814158,1.0250733963556788
Beijing,France,Île-de-France,33.72580881324314,3.499933332901877
Munich,Suisse,Bavaria,51.47092246149814,18.363400618768573
Hambourg,Royaume-Uni,England,47.7928175725811,6.659850959982819
Tanger,Maroc,Pays de la Loire,51.760496132389584,-3.274979244416947
Zurich,Portugal,Shanghai,43.5586461496012,134.32853986716907
Milan,Espagne,Campania,44.02628643412995,2.9524376873647142
Toronto,Italie,Lazio,33.5856904246666,9.800005812414371
Zurich,France,Valencia,49.17417541566362,-104.20811029528703
Seattle,Royaume-Uni,England,56.32924460622326,-8.675785267837067
Agadir,France,Porto,29.67982666533927,-4.392725230852696
Bordeaux,Australie,New South Wales,35.321020367518926,4.841205296290514
Tétouan,USA,Rabat-Salé-Kénitra,31.413602334969042,-6.7278330149394385
Francfort,USA,Florida,44.39846624930826,-115.10423520932225
Shanghai,Chine,Berlin,35.07779358641138,-10.040283036458412
San Francisco,Italie,Lazio,42.512795251129646,18.68997900798536
Toronto,USA,Beijing,38.631699488547824,5.426664755388392
Melbourne,Égypte,Alberta,47.75849770471355,139.83198887710194
Séville,France,Bern,45.560450292415496,-0.35269085118637733
Montréal,Canada,Geneva,41.213874455824374,-5.959908662534797
Madrid,USA,Washington,43.89792643429458,-115.98825792208831
Marseille,Royaume-Uni,Scotland,54.60667841126279,-4.932730032799894
Tunis,France,Washington,34.028730139163855,-125.06955581122543
Sydney,Australie,New South Wales,-26.719413445295608,157.03701529280664
Oujda,Italie,Lombardy,50.563015983984236,10.760265321221956
Bordeaux,Égypte,Andalusia,42.19938588530153,138.9432023462364
Ottawa,France,Porto,35.73891293044544,2.9488507063672538
Zurich,USA,Ontario,32.67226902745352,6.537768066492492
Lille,Suisse,Kansai,38.67262101901987,0.3770203032998245
Toronto,Japon,Kansai,33.69964749976926,119.20241571313052
Manchester,Maroc,Flanders,43.19673245296486,110.63548462111979
Agadir,Maroc,Occitanie,44.5761897822507,-88.07983742532521
Tunis,Allemagne,Hauts-de-France,39.267913928069554,16.78059354204521
Anvers,USA,Alberta,30.09955919023039,-71.21256343328517
Séville,Belgique,Tunis,45.83658732511342,-121.12865053181001
Zurich,France,Tunis,47.99027101346044,18.076143654908808
Sydney,USA,Lombardy,39.04973958116901,146.17503289650273
Houston,France,Zurich,34.162296783320016,1.0839162140602825
Osaka,France,Geneva,53.84782974428355,7.7981807621097285
Kenitra,Royaume-Uni,Porto,34.89307140503299,120.39192101556434
Montréal,Canada,Alberta,37.284503850588685,-104.77415686896474
Kenitra,USA,Madrid,32.90463304446841,-81.26151597064207
Florence,Canada,Beijing,37.3200803582295,126.7044891129268
Strasbourg,Maroc,Rabat-Salé-Kénitra,50.75171684081846,-9.218531855587923
Hambourg,Maroc,Tanger-Tétouan-Al Hoceïma,44.06662037157164,5.233836318909713
Bordeaux,Japon,Victoria,35.431665755714455,9.35211258900811
Ottawa,Suisse,Catalonia,32.75854555224075,-5.823779532584626
Lyon,Chine,Bavaria,50.0372824395539,-0.8564090553973793
Chicago,Italie,Scotland,47.95822249062624,162.37856217503787
Lille,Italie,Valencia,33.65717111909801,2.917728293341465
Le Caire,Suisse,Rabat-Salé-Kénitra,44.192931243289514,28.365275281108808
Genève,Allemagne,Illinois,32.484151017041164,-13.80444423752626
Madrid,Maroc,Souss-Massa,46.118708491377134,5.304367317917352
Rome,France,Lombardy,42.017939892756665,-99.66060854028864
Birmingham,Royaume-Uni,England,39.82740451752989,6.453198391759663
Calgary,Royaume-Uni,England,55.572691912492125,5.968703278197665
Francfort,France,Pays de la Loire,39.45855811962979,132.05046021589115
Marseille,Allemagne,Valencia,36.7216035989119,7.421268592213195
Édimbourg,Royaume-Uni,California,54.26398431688449,-62.69858325986695
Nantes,Maroc,Valencia,42.38279713538048,6.245997875823514
Naples,Italie,Campania,32.17557639092337,-2.8687024974761
Chicago,Japon,Rabat-Salé-Kénitra,-47.168969662408536,-92.73903073174495
Porto,France,Occitanie,45.84658084729987,2.6838954208421013
Munich,Belgique,Valencia,32.45342064107642,-123.7391649107994
Agadir,Australie,Geneva,42.62133200097821,-115.6105974764355
Rabat,Maroc,Beijing,34.377847490015085,104.6155760850516
Marrakech,Maroc,Alberta,41.375665061511704,-8.194046168163787
Munich,Allemagne,Provence-Alpes-Côte d'Azur,46.939478758275264,-60.80327425402003
Casablanca,Maroc,Tanger-Tétouan-Al Hoceïma,40.85398360695224,-9.235869906172823
Londres,Maroc,Beijing,47.61857812700596,107.91266152432068
Montpellier,France,Madrid,37.99943649342009,8.977019707225951
Tokyo,France,Brussels,52.22086765494912,-115.76033179166775
Vancouver,Canada,Souss-Massa,45.0684351837542,-94.22650790503468
Valence,Australie,California,31.246866215973938,124.30233998449364
Marrakech,France,Cairo,44.83502835563266,7.2432659337528165
Tanger,Portugal,Lazio,37.76782583123489,8.905085572195322
Montpellier,France,Occitanie,51.02849467380979,7.997724418588499
Bordeaux,Royaume-Uni,Provence-Alpes-Côte d'Azur,35.767714955293506,-109.5057352926365
Bruxelles,Espagne,Valencia,23.810255999149163,-120.38090714101551
Valence,Japon,Marrakech-Safi,49.286969190001166,7.614015662906187
Édimbourg,Suisse,Occitanie,43.81796961114345,148.00653769929303
Sydney,Australie,New South Wales,-33.130663783849506,167.92912425612298
San Francisco,Chine,Catalonia,51.43264560460693,-4.876525768775409
Nice,France,Tuscany,47.765623137949234,-130.07686876007222
Vancouver,USA,Casablanca-Settat,46.826652642941035,6.554936983599983
Bruxelles,Belgique,Tunis,54.65294486753635,0.2563379876126899
Zurich,Chine,Victoria,46.24946393735554,136.04914472219383
Boston,USA,Souss-Massa,39.11610590063775,-73.93260033270106
San Francisco,Chine,England,30.413709439630896,-6.861683356743307
Édimbourg,Espagne,Bavaria,54.47862759605155,5.102070361909327
Los Angeles,France,Porto,39.1708875524552,8.623327722200361
Bruxelles,Suisse,New South Wales,44.03168691741535,15.958733666292396
Porto,Italie,Souss-Massa,33.75105913140296,-0.554907288968983
Boston,Italie,Auvergne-Rhône-Alpes,-37.8750302804854,4.920632298578585
Anvers,France,Tunis,49.76986452656186,2.01508063427276
Casablanca,Suisse,Souss-Massa,34.65646187452898,113.42603261773425
Tunis,Suisse,Lombardy,41.97681597430266,12.101016670716229
Édimbourg,France,Catalonia,44.458720904719655,6.625384074141133
Bruxelles,Italie,Shanghai,48.52507919394933,5.352919384065931
Birmingham,Égypte,Berlin,33.73095843760521,126.84061027768159
Melbourne,USA,Florida,38.733233426205906,-73.75791290353088
Zurich,France,Brussels,50.29723969734305,18.865758946049876
Toulouse,Maroc,Tanger-Tétouan-Al Hoceïma,33.406727704696365,-20.192002347859262
Bruxelles,France,Tuscany,50.44195940126898,-65.79024124919383
Francfort,Belgique,Porto,44.911858073830295,10.005823957554087
Shanghai,Maroc,British Columbia,34.20551439126305,-11.48119848316453
Florence,Australie,Bern,32.49068298739628,39.56990707346014
Sydney,USA,New South Wales,-33.178599198988415,5.187973905439675
Bruxelles,France,Scotland,53.57546325165494,-110.69487276063575
Houston,Italie,Cairo,39.15338770518869,12.897903852584847
Shanghai,Maroc,Occitanie,47.16618945854792,136.67447477813374
Miami,Allemagne,Florida,49.658886636663034,1.893744724458906
Zurich,Chine,Tuscany,36.406589984889195,114.9494091164497
Rome,USA,Kanto,44.081352747514394,145.79297333692938
New York,USA,Tunis,45.61886862694169,-69.93288909507427
Sydney,Italie,Washington,33.980471814305474,-8.732292706335874
Kyoto,Tunisie,Marrakech-Safi,45.294416379618234,-88.15488559661264
Berlin,Belgique,Hesse,45.15842196129898,9.39574838182455
Lille,Espagne,Rabat-Salé-Kénitra,29.63999360149368,-3.0668087861590525
Séville,USA,Cairo,30.878039276148964,-75.12572347248845
Le Caire,Belgique,Brussels,53.40892982010417,-88.39557351550975
Vancouver,Canada,Fès-Meknès,35.328036446014494,1.8525714944938128
Marseille,France,California,34.97523140084057,-6.305678501739253
Milan,Allemagne,Zurich,30.71760417795113,1.2314312975766426
Madrid,USA,California,39.6328854472838,-9.731141634126688
Sydney,Australie,New South Wales,-45.646296042799925,172.78347881772862
Rome,Australie,New South Wales,-34.8915944253227,158.04312570788255
Milan,Canada,Kansai,30.850931645623977,113.39669056727125
Zurich,Tunisie,Île-de-France,36.19558787603366,-0.16186382233456986
Nice,USA,Hamburg,34.3628386892214,9.456248081285166
Chicago,France,Rabat-Salé-Kénitra,50.197432339761825,-1.803104633462639
Le Caire,Maroc,Massachusetts,29.25692766011923,-16.476840748999848
Chicago,France,Madrid,45.58420942515034,-0.3994849253489492
Madrid,Allemagne,Hauts-de-France,45.14309875560641,7.142867928438147
Séville,Canada,Geneva,35.90294161594324,-111.43085117994214
Naples,Maroc,Tanger-Tétouan-Al Hoceïma,32.4513494823995,93.4318702409112
New York,Canada,Grand Est,53.91950549260444,-111.39640011392243
Fès,Maroc,Tanger-Tétouan-Al Hoceïma,34.06583182008314,-15.703984443398122
Toulouse,Canada,Ontario,32.34789142285866,4.556209646810787
Berlin,USA,Madrid,45.230399614914624,7.965862509229241
Houston,Belgique,Valencia,40.63040688488976,12.483035815005106
Osaka,Portugal,Alberta,40.37502989621093,19.443679502001604
Seattle,Italie,Souss-Massa,46.02527432578202,-2.8458836693728133
Genève,France,Lazio,47.11005478251599,-93.46552585422225
Sydney,Chine,New York,39.630320138148754,120.54314789560988
Le Caire,France,Marrakech-Safi,35.990933279649326,-68.14134779718707
Le Caire,Maroc,Flanders,37.356955725534675,-84.76687967304485
Le Caire,Tunisie,Zurich,49.21611825709304,0.326731575911947
Le Caire,Japon,Cairo,51.60853429166258,124.24930968312339
Le Caire,Maroc,Flanders,37.356955725534675,-84.76687967304485
Le Caire,Italie,Provence-Alpes-Côte d'Azur,30.51796760486321,-115.22835177810394
Le Caire,Canada,Ontario,42.07255456720888,125.97244465116648
Le Caire,Japon,Cairo,51.60853429166258,124.24930968312339
Le Caire,Portugal,Massachusetts,44.01266096069023,-65.81173192822922
Le Caire,USA,Lombardy,-40.18442873234905,162.42663644397567
Le Caire,France,Occitanie,50.091954035970424,-80.75010351678262
Le Caire,Tunisie,Zurich,49.21611825709304,0.326731575911947
Le Caire,Portugal,Massachusetts,44.01266096069023,-65.81173192822922
Le Caire,Maroc,Flanders,37.356955725534675,-84.76687967304485
Le Caire,Suisse,Rabat-Salé-Kénitra,44.192931243289514,28.365275281108808
Le Caire,Suisse,Scotland,41.53491885083142,175.22370622959411
Le Caire,Tunisie,Victoria,37.04608400591523,-75.31726418018087
Le Caire,France,Auvergne-Rhône-Alpes,33.696375323470704,13.339428508140461
