produit,categorie,marque,prix_unitaire,promotion,volume_ventes,segment_client,canal_vente
Café Arabica,Beauté,Philips,238.522064993499,Aucune,137,Standard,240
Adidas Survêtement,Mode,Décathlon,327.49178914993536,Black Friday -40%,-8,Standard,2205
Parfum Chanel N°5,Électronique,Philips,95.55339744214339,Aucune,375,Luxe,186
iPhone 15 Pro,Mode,Apple,599.5961913272774,Aucune,746,Standard,273
Samsung Galaxy S24,Sport,Danone,130.319399683999,Aucune,351,Luxe,468
Huile d'Olive Bio,Mode,Sony,18.668761386161897,Aucune,2259,Premium,1003
Parfum Chanel N°5,Beauté,Dyson,-21.52579234516054,2ème à -50%,1108,Premium,1249
Zara Veste Hiver,Mode,L'Oréal,921.5736151620296,Aucune,1002,Premium,934
Parfum Chanel N°5,Électronique,Samsung,-11.575948557775604,Promo Flash -25%,223,Première Commande,368
Café Arabica,Maison,Lavazza,91.82266754089139,Soldes -50%,82,Première Commande,201
Zara Veste Hiver,Électronique,L'Oréal,501.44100128985554,Aucune,383,Luxe,328
iPhone 15 Pro,Mode,Chanel,158.37259284187513,Aucune,315,Premium,430
MacBook Air M3,Mode,Danone,726.3405854713586,Aucune,109,Première Commande,1275
Lampe Philips Hue,Mode,Lindt,-21.11398257136689,Aucune,478,Budget,680
Vélo Décathlon,Maison,Zara,1091.7917678611118,Promo Flash -25%,-29,Standard,581
Vélo Décathlon,Maison,Terra Bio,-123.34943318477528,Aucune,291,Première Commande,196
iPhone 15 Pro,Maison,Nike,-61.08035884605073,Aucune,1155,Premium,1024
Yaourt Nature,Alimentation,Philips,967.3892406296937,Aucune,268,Premium,1056
Vélo Décathlon,Mode,Danone,503.1109858764079,Aucune,514,Premium,830
Huile d'Olive Bio,Alimentation,Lavazza,-51.3281173220098,Aucune,-1,Première Commande,131
Adidas Survêtement,Alimentation,IKEA,79.27596973120228,Soldes -50%,209,Premium,442
Café Arabica,Beauté,Sony,882.353128186043,Black Friday -40%,416,Premium,980
Lampe Philips Hue,Mode,Sony,394.82085432616213,Soldes -20%,256,Standard,378
Vélo Décathlon,Électronique,Décathlon,-300.27031606995916,Aucune,129,Budget,226
Adidas Survêtement,Mode,Décathlon,93.98234543864245,Aucune,293,Standard,331
Vélo Décathlon,Alimentation,Zara,-119.73446958582878,Aucune,252,Standard,1009
Yaourt Nature,Beauté,Nike,278.3631349878443,Aucune,498,Standard,205
MacBook Air M3,Alimentation,H&M,-41.35771709789077,Aucune,275,Budget,0
Adidas Survêtement,Sport,Philips,2.8155906026846083,Soldes -20%,503,Budget,276
Adidas Survêtement,Mode,Sony,-29.01244792209569,Aucune,111,Première Commande,375
Lampe Philips Hue,Alimentation,Décathlon,28.787797632619984,Soldes -30%,380,Premium,2381
Huile d'Olive Bio,Beauté,Sony,28.762933381536623,Aucune,1050,Premium,390
Vélo Décathlon,Sport,Apple,698.1609963683566,Aucune,906,Budget,45
Parfum Chanel N°5,Alimentation,Apple,-20.954253024401964,Aucune,360,Budget,275
Chocolat Lindt,Mode,Apple,791.7498058626545,Soldes -20%,254,Budget,556
Chocolat Lindt,Sport,Danone,-12.261116040753222,Soldes -50%,158,Premium,164
Crème L'Oréal,Mode,Dyson,-66.52567108013031,3 pour 2,474,Standard,753
Nike Air Max,Électronique,Lindt,-36.74835574470836,Soldes -30%,325,Budget,725
Chocolat Lindt,Électronique,Lavazza,724.4411319350759,Aucune,421,Premium,122
Huile d'Olive Bio,Beauté,Apple,556.4747520325274,Aucune,206,Standard,182
Canapé IKEA Ektorp,Mode,Décathlon,-29.526559473182147,Aucune,281,Budget,342
Vélo Décathlon,Mode,Décathlon,-53.55765524195941,Aucune,460,Budget,320
Café Arabica,Électronique,Zara,129.4972846785883,Soldes -30%,477,Budget,813
Nike Air Max,Maison,Zara,-58.84926309409755,3 pour 2,56,Premium,205
H&M T-Shirt,Sport,Sony,3.5694190867449365,Aucune,319,Luxe,337
Samsung Galaxy S24,Alimentation,Décathlon,330.77454526008984,Black Friday -40%,418,Standard,522
Vélo Décathlon,Mode,Samsung,52.69712872748186,Soldes -20%,235,Standard,332
Yaourt Nature,Électronique,Samsung,239.3233940809327,Aucune,952,Luxe,511
Parfum Chanel N°5,Mode,Nike,-14.548780320002358,Aucune,394,Première Commande,1921
iPhone 15 Pro,Mode,Terra Bio,13.311236788053492,Aucune,421,Luxe,475
Adidas Survêtement,Alimentation,Apple,645.1826983231032,Aucune,1626,Budget,440
Samsung Galaxy S24,Sport,Zara,474.1440931986307,Promo Flash -25%,11,Luxe,450
Lampe Philips Hue,Mode,Philips,-22.98781856255563,Soldes -30%,533,Standard,948
Nike Air Max,Maison,Adidas,-384.6941835677673,Aucune,286,Luxe,382
Vélo Décathlon,Sport,Lindt,145.3777072192095,Aucune,638,Premium,190
Adidas Survêtement,Maison,H&M,12.601064254952789,Aucune,79,Luxe,455
iPhone 15 Pro,Beauté,Zara,-115.51247608111987,Aucune,9,Standard,792
Lampe Philips Hue,Alimentation,Terra Bio,8.756177521589912,Soldes -50%,63,Luxe,47
Ballon Nike,Mode,Chanel,-71.33620966671573,Aucune,744,Standard,1139
Yaourt Nature,Beauté,Décathlon,-32.100836893064184,Promo Flash -25%,186,Standard,481
Huile d'Olive Bio,Sport,IKEA,448.5078452655789,Aucune,149,Première Commande,353
Canapé IKEA Ektorp,Maison,IKEA,18.83118900137856,Aucune,710,Standard,310
AirPods Pro,Électronique,L'Oréal,392.75351282571603,Aucune,708,Premium,372
Samsung Galaxy S24,Électronique,Terra Bio,17.80619816232731,Aucune,-6,Première Commande,867
H&M T-Shirt,Électronique,Sony,97.17341560932266,Aucune,144,Luxe,1082
Chocolat Lindt,Mode,Chanel,278.9080417743036,Soldes -50%,246,Standard,277
MacBook Air M3,Électronique,Danone,52.90699194812653,Aucune,952,Standard,699
Huile d'Olive Bio,Mode,Apple,402.5510744975616,Aucune,117,Budget,422
Crème L'Oréal,Beauté,Adidas,1024.2320558776682,Soldes -30%,534,Standard,441
Nike Air Max,Mode,Zara,72.87354957044347,Cyber Monday -35%,450,Standard,162
Canapé IKEA Ektorp,Beauté,Apple,108.16409189919523,Aucune,143,Première Commande,137
Lampe Philips Hue,Électronique,Apple,648.6840911827384,3 pour 2,944,Première Commande,1888
Vélo Décathlon,Maison,H&M,95.0525908446657,Aucune,332,Première Commande,-10
MacBook Air M3,Électronique,L'Oréal,-8.748079162307619,Promo Flash -25%,128,Standard,196
Samsung Galaxy S24,Mode,Terra Bio,846.3004341621802,Aucune,352,Premium,1082
Aspirateur Dyson V15,Mode,IKEA,191.28068197358377,Aucune,193,Luxe,444
Chocolat Lindt,Mode,Terra Bio,252.6650121959546,Aucune,-53,Budget,172
MacBook Air M3,Maison,Danone,-89.18900331152557,Aucune,290,Luxe,320
Lampe Philips Hue,Mode,Dyson,29.306429456406853,Soldes -20%,317,Budget,130
AirPods Pro,Mode,Nike,100.27548945126514,Aucune,17,Luxe,184
Ballon Nike,Mode,Lavazza,796.8292538173777,Aucune,-16,Budget,138
PlayStation 5,Maison,Philips,-32.171648079164726,Soldes -50%,428,Luxe,753
Zara Veste Hiver,Électronique,Danone,202.0713360889276,Cyber Monday -35%,152,Budget,854
AirPods Pro,Alimentation,Apple,-92.97193344397277,Soldes -20%,-1157,Luxe,244
Canapé IKEA Ektorp,Sport,Terra Bio,1243.4276155106809,Soldes -20%,361,Première Commande,327
Ballon Nike,Mode,Samsung,124.879672326851,Aucune,364,Premium,254
Parfum Chanel N°5,Sport,L'Oréal,1142.6386406608253,Aucune,308,Luxe,130
Adidas Survêtement,Sport,Chanel,-117.96528492329386,Aucune,96,Standard,446
Nike Air Max,Électronique,Nike,801.5966515035504,Aucune,308,Luxe,527
Canapé IKEA Ektorp,Alimentation,L'Oréal,-15.954318855842473,Cyber Monday -35%,813,Luxe,238
Adidas Survêtement,Mode,Apple,65.50501711987835,Aucune,539,Standard,1301
Ballon Nike,Alimentation,Sony,-58.378208309755735,Cyber Monday -35%,850,Premium,357
Lampe Philips Hue,Mode,Décathlon,-73.11505665288048,Aucune,458,Luxe,382
Aspirateur Dyson V15,Électronique,Chanel,-96.79054479681358,Aucune,230,Budget,479
MacBook Air M3,Électronique,Lindt,-316.8660191357366,Cyber Monday -35%,1634,Budget,517
Lampe Philips Hue,Beauté,Philips,1020.9131295553218,Aucune,628,Première Commande,428
MacBook Air M3,Mode,Sony,199.49925728016538,Aucune,705,Premium,154
Samsung Galaxy S24,Électronique,Adidas,172.25397433853118,Soldes -50%,598,Premium,836
Samsung Galaxy S24,Sport,Adidas,51.46276722767236,Aucune,167,Premium,240
Samsung Galaxy S24,Maison,Danone,-116.33655611097282,Aucune,441,Standard,451
Adidas Survêtement,Maison,Apple,197.95147693576155,Soldes -20%,169,Budget,279
Vélo Décathlon,Alimentation,Lavazza,405.1062993454584,Aucune,699,Budget,827
H&M T-Shirt,Maison,Samsung,1192.1463595782197,Aucune,416,Premium,280
Ballon Nike,Alimentation,Adidas,-158.5955572758782,Aucune,303,Budget,1876
H&M T-Shirt,Électronique,IKEA,-66.9217162997101,Aucune,490,Première Commande,213
PlayStation 5,Mode,Lindt,-80.7650858351083,Aucune,1837,Standard,2002
Huile d'Olive Bio,Mode,Apple,285.1467489966909,Aucune,982,Standard,2655
iPhone 15 Pro,Mode,Apple,293.0123019856602,Aucune,342,Premium,1016
Yaourt Nature,Sport,Philips,158.8330370853341,Aucune,325,Premium,566
Zara Veste Hiver,Beauté,Dyson,134.91887604039482,Aucune,236,Standard,368
H&M T-Shirt,Maison,Apple,598.6580032621607,Aucune,466,Premium,1781
PlayStation 5,Alimentation,Philips,140.34403821993692,Aucune,464,Premium,260
Huile d'Olive Bio,Alimentation,IKEA,728.1741143010285,Black Friday -40%,3681,Standard,1018
H&M T-Shirt,Électronique,Samsung,68.36228027381318,Aucune,1076,Première Commande,343
MacBook Air M3,Alimentation,Décathlon,352.3745579978902,Aucune,351,Budget,13
Yaourt Nature,Sport,Nike,-36.05344808022171,Soldes -30%,153,Luxe,2089
Nike Air Max,Mode,Apple,41.81474140195457,Aucune,380,Premium,1732
Lampe Philips Hue,Alimentation,Nike,709.9051758104545,Aucune,-8,Budget,166
Parfum Chanel N°5,Mode,Terra Bio,43.25059034322292,Aucune,116,Standard,704
Aspirateur Dyson V15,Alimentation,Terra Bio,639.1561158062734,Soldes -20%,305,Budget,330
Canapé IKEA Ektorp,Électronique,Philips,106.78729734299611,Aucune,493,Standard,142
H&M T-Shirt,Électronique,IKEA,1101.4515149525992,Black Friday -40%,404,Budget,1004
Zara Veste Hiver,Électronique,Danone,217.20081565974277,Aucune,502,Première Commande,515
Adidas Survêtement,Sport,H&M,216.10043634182762,Aucune,382,Budget,320
Huile d'Olive Bio,Électronique,Lindt,-84.32379226048332,Aucune,430,Première Commande,639
Chocolat Lindt,Électronique,Chanel,288.8559359195915,Aucune,933,Premium,177
Samsung Galaxy S24,Électronique,Lindt,-93.1089793953524,Aucune,214,Budget,201
MacBook Air M3,Beauté,Danone,536.2415918279561,Promo Flash -25%,471,Premium,612
AirPods Pro,Mode,Lavazza,1213.4143070860744,3 pour 2,333,Premium,350
Zara Veste Hiver,Mode,Apple,121.47346928881979,Black Friday -40%,327,Première Commande,2125
Parfum Chanel N°5,Beauté,Adidas,486.2766710420394,Aucune,99,Budget,930
Yaourt Nature,Mode,Nike,-16.101635680995372,Aucune,791,Luxe,332
Yaourt Nature,Maison,Terra Bio,-12.955867034165784,Soldes -20%,333,Standard,378
MacBook Air M3,Sport,Nike,161.86529173065352,Black Friday -40%,295,Luxe,332
Vélo Décathlon,Électronique,Philips,9.748940006090514,Aucune,343,Premium,985
Café Arabica,Maison,Apple,1030.690135422441,Aucune,99,Premium,668
Vélo Décathlon,Électronique,H&M,38.713678884915204,Aucune,201,Standard,278
Yaourt Nature,Sport,Sony,46.70349652750207,Cyber Monday -35%,458,Premium,445
Canapé IKEA Ektorp,Électronique,Décathlon,198.75359604025584,Cyber Monday -35%,521,Luxe,392
Café Arabica,Maison,Sony,710.7247307257686,Soldes -20%,79,Budget,171
H&M T-Shirt,Sport,Samsung,623.9654722019038,2ème à -50%,339,Standard,2966
MacBook Air M3,Beauté,Nike,44.54754166279273,Promo Flash -25%,692,Standard,1838
Ballon Nike,Mode,Danone,1616.3784543735392,Aucune,154,Standard,26
Parfum Chanel N°5,Mode,Apple,465.9117937553473,Soldes -30%,503,Standard,367
Canapé IKEA Ektorp,Sport,Apple,132.28594226762908,Soldes -20%,226,Standard,422
MacBook Air M3,Sport,Chanel,259.24393377654974,Aucune,929,Luxe,301
Zara Veste Hiver,Électronique,Chanel,-27.640397966656934,Aucune,641,Budget,350
H&M T-Shirt,Sport,Chanel,-63.47666873361652,Aucune,77,Standard,433
Vélo Décathlon,Mode,Terra Bio,512.3146370335885,Aucune,135,Premium,171
Nike Air Max,Sport,Philips,417.49492205440043,Soldes -30%,2,Budget,10
Canapé IKEA Ektorp,Mode,Lindt,976.8031835227964,Aucune,336,Premium,236
Samsung Galaxy S24,Mode,Adidas,175.07625470789674,Cyber Monday -35%,616,Budget,393
H&M T-Shirt,Maison,Samsung,746.3827987273835,Aucune,272,Luxe,367
PlayStation 5,Mode,Danone,-44.5530904414875,Aucune,664,Standard,335
Huile d'Olive Bio,Électronique,Nike,128.03635038027085,Black Friday -40%,1308,Standard,300
Vélo Décathlon,Alimentation,Adidas,-53.52831611348881,Aucune,561,Premium,1064
Canapé IKEA Ektorp,Électronique,Chanel,-69.15631022036574,Cyber Monday -35%,228,Budget,733
Samsung Galaxy S24,Sport,Lindt,-76.40773003562678,Aucune,156,Budget,2301
Zara Veste Hiver,Électronique,Zara,76.8287606709923,Aucune,532,Budget,469
Parfum Chanel N°5,Beauté,Dyson,579.8848639634141,Aucune,203,Premium,930
Zara Veste Hiver,Maison,Adidas,48.21189622224017,Soldes -30%,292,Budget,788
MacBook Air M3,Mode,Dyson,-6.556635550254079,Cyber Monday -35%,348,Budget,294
H&M T-Shirt,Maison,Apple,325.52198513362225,Aucune,653,Premium,224
Ballon Nike,Maison,Samsung,65.38859425432929,Aucune,684,Première Commande,1033
Crème L'Oréal,Maison,L'Oréal,-180.01181855206886,Aucune,3514,Standard,302
Adidas Survêtement,Maison,Adidas,-49.33608920474296,Aucune,56,Standard,54
H&M T-Shirt,Maison,Nike,-94.79322805130965,Aucune,-70,Première Commande,154
PlayStation 5,Beauté,Philips,400.693500460452,Aucune,340,Standard,441
Adidas Survêtement,Sport,Apple,395.23522878377975,Aucune,117,Budget,1285
Zara Veste Hiver,Mode,Décathlon,69.36217119809879,Aucune,735,Standard,486
Lampe Philips Hue,Sport,Zara,373.1942698898906,Black Friday -40%,105,Budget,384
Canapé IKEA Ektorp,Mode,Chanel,226.92608811299078,Aucune,706,Standard,464
Aspirateur Dyson V15,Mode,Dyson,579.6061710360359,Aucune,355,Standard,690
Vélo Décathlon,Sport,Terra Bio,26.72319261925685,Aucune,314,Standard,430
Adidas Survêtement,Sport,Adidas,-36.417843137205324,Aucune,435,Budget,929
Chocolat Lindt,Mode,Nike,38.210287749494285,Aucune,821,Premium,548
Café Arabica,Mode,Nike,-80.5128749775355,Soldes -30%,1878,Premium,408
Canapé IKEA Ektorp,Maison,Terra Bio,-23.858335595505793,Aucune,264,Premium,123
Parfum Chanel N°5,Mode,Lavazza,48.993409209524636,Aucune,401,Budget,544
MacBook Air M3,Électronique,Samsung,731.8275375652545,Soldes -20%,335,Premium,541
Nike Air Max,Alimentation,Décathlon,-29.906284389865505,Aucune,217,Standard,472
Adidas Survêtement,Mode,IKEA,-6.32145481320201,Aucune,432,Budget,-35
Samsung Galaxy S24,Électronique,Décathlon,-243.79858264964815,Aucune,130,Budget,540
AirPods Pro,Sport,Sony,14.937365686983235,Aucune,399,Standard,1149
iPhone 15 Pro,Électronique,Nike,-100.8377047920188,Aucune,4372,Premium,162
Crème L'Oréal,Mode,H&M,-38.07730134324987,Aucune,298,Budget,4017
AirPods Pro,Électronique,Adidas,844.2603388093353,Black Friday -40%,779,Budget,1264
Canapé IKEA Ektorp,Mode,Samsung,1211.2738664434016,Aucune,510,Standard,530
iPhone 15 Pro,Maison,Nike,-39.6484542487551,Aucune,465,Premium,858
Aspirateur Dyson V15,Alimentation,Nike,11.135107288519634,Promo Flash -25%,403,Premium,3827
Parfum Chanel N°5,Maison,Adidas,-91.67986890686038,Aucune,6,Premium,285
Crème L'Oréal,Beauté,Apple,860.4754079148742,Aucune,364,Standard,723
Vélo Décathlon,Mode,Nike,111.50548107036118,Aucune,403,Standard,1661
Ballon Nike,Alimentation,Décathlon,486.31939984828034,Aucune,140,Budget,41
Huile d'Olive Bio,Électronique,IKEA,395.29377132745356,Aucune,763,Budget,817
Zara Veste Hiver,Électronique,Décathlon,209.83948092882403,Aucune,175,Luxe,1048
Parfum Chanel N°5,Mode,Chanel,132.50340578000691,Soldes -20%,229,Standard,701
Huile d'Olive Bio,Alimentation,Apple,495.59055438321604,Aucune,270,Budget,274
Parfum Chanel N°5,Sport,Dyson,46.15603378729509,Aucune,302,Standard,683
Lampe Philips Hue,Électronique,Décathlon,-21.258218613114764,Aucune,208,Première Commande,2037
H&M T-Shirt,Électronique,Samsung,50.92148864507025,2ème à -50%,386,Premium,460
Huile d'Olive Bio,Mode,Apple,-4.062127324940349,Soldes -30%,615,Premium,58
Huile d'Olive Bio,Électronique,Apple,904.5076771977824,Aucune,1126,Premium,933
PlayStation 5,Mode,Lindt,147.3833064318838,Soldes -20%,452,Standard,444
Nike Air Max,Maison,Apple,1079.547708276317,Aucune,747,Premium,362
iPhone 15 Pro,Alimentation,Zara,-117.51604311881243,Soldes -30%,1011,Premium,481
Huile d'Olive Bio,Alimentation,Chanel,1008.2722349744998,Black Friday -40%,350,Première Commande,733
Yaourt Nature,Beauté,Samsung,365.5648509652532,Aucune,447,Premium,283
Parfum Chanel N°5,Beauté,Terra Bio,153.29999862262042,Aucune,28,Luxe,246
Nike Air Max,Électronique,Sony,109.39681335664994,Aucune,438,Luxe,1014
Parfum Chanel N°5,Mode,Dyson,-5.745424054936336,Aucune,254,Budget,192
Adidas Survêtement,Beauté,Apple,47.05869543810472,Aucune,319,Standard,384
AirPods Pro,Maison,Lavazza,-30.898191079514334,Cyber Monday -35%,271,Premium,771
Aspirateur Dyson V15,Mode,Adidas,1318.1213346988711,Soldes -20%,1423,Standard,346
Adidas Survêtement,Sport,L'Oréal,-18.715167666239225,Aucune,843,Standard,471
Samsung Galaxy S24,Maison,Samsung,538.4070814692699,Soldes -30%,-343,Standard,442
Samsung Galaxy S24,Beauté,Chanel,267.9279745718614,Aucune,78,Luxe,440
Vélo Décathlon,Électronique,Zara,208.40872943726154,Aucune,125,Premium,1416
Adidas Survêtement,Beauté,Philips,98.73060165554321,Aucune,69,Budget,355
Nike Air Max,Alimentation,Lindt,-77.59375274887991,Aucune,1043,Luxe,456
Lampe Philips Hue,Mode,Chanel,-50.167488795260056,Soldes -20%,455,Standard,411
Zara Veste Hiver,Beauté,Chanel,218.8881246184061,Aucune,196,Premium,1387
Chocolat Lindt,Beauté,Apple,399.36505524623794,Promo Flash -25%,210,Premium,173
Aspirateur Dyson V15,Alimentation,Sony,1.6012763958454954,Aucune,260,Standard,2260
Zara Veste Hiver,Sport,Philips,201.4987272743507,Aucune,272,Luxe,246
Café Arabica,Électronique,Samsung,-41.762084545994014,Cyber Monday -35%,1635,Luxe,820
MacBook Air M3,Électronique,Chanel,1283.3645133460386,Black Friday -40%,462,Premium,-31
Aspirateur Dyson V15,Alimentation,Lavazza,1008.6988966115092,Aucune,341,Standard,219
Nike Air Max,Sport,Décathlon,224.92639852954892,Aucune,700,Budget,867
H&M T-Shirt,Mode,Terra Bio,-44.04258850560673,Aucune,376,Budget,308
Adidas Survêtement,Mode,Lavazza,-57.88878630657767,Aucune,2164,Standard,582
Ballon Nike,Sport,Adidas,40.37800106180921,Soldes -20%,391,Budget,660
Zara Veste Hiver,Électronique,Lindt,67.62578215441027,Soldes -30%,1608,Standard,443
AirPods Pro,Électronique,Zara,1336.4124288667551,Soldes -20%,365,Premium,157
Samsung Galaxy S24,Alimentation,Terra Bio,-63.584660056828056,Aucune,131,Budget,1035
Samsung Galaxy S24,Mode,Philips,127.43791540604924,Soldes -20%,2665,Standard,197
Lampe Philips Hue,Électronique,Décathlon,-107.95615210566311,Soldes -30%,1755,Première Commande,300
Huile d'Olive Bio,Électronique,Apple,222.8208881063184,Aucune,656,Premium,316
Parfum Chanel N°5,Électronique,Samsung,-114.69414817761319,Aucune,355,Budget,354
Café Arabica,Mode,Sony,814.7322426484657,Aucune,149,Luxe,540
Nike Air Max,Mode,Philips,22.960360661727975,Aucune,295,Luxe,1024
Vélo Décathlon,Beauté,Nike,46.85256826033247,Promo Flash -25%,427,Premium,130
Yaourt Nature,Beauté,Sony,312.0369610989591,Aucune,120,Standard,347
PlayStation 5,Mode,Philips,163.137676659431,Aucune,513,Premium,378
Aspirateur Dyson V15,Électronique,Philips,687.2239833848812,Soldes -20%,376,Standard,2050
Vélo Décathlon,Beauté,Nike,-28.65772619366635,Aucune,429,Standard,355
Zara Veste Hiver,Mode,Chanel,-17.51732016171016,Promo Flash -25%,402,Premium,615
Aspirateur Dyson V15,Alimentation,L'Oréal,159.78060055593124,Aucune,78,Standard,303
Nike Air Max,Alimentation,Lavazza,294.0453986026979,Soldes -20%,368,Premium,807
MacBook Air M3,Sport,Décathlon,198.02407729846047,Aucune,297,Premium,539
MacBook Air M3,Sport,Nike,481.3337994991425,Aucune,46,Premium,310
Aspirateur Dyson V15,Beauté,Décathlon,37.444098531866466,Black Friday -40%,919,Standard,335
MacBook Air M3,Alimentation,Terra Bio,171.98836188033192,Aucune,207,Standard,941
Parfum Chanel N°5,Beauté,Sony,57.536192323238765,Aucune,267,Premium,2373
Lampe Philips Hue,Alimentation,Adidas,-31.184758599688564,Soldes -20%,261,Standard,27
Nike Air Max,Alimentation,Lindt,71.8398735282266,2ème à -50%,229,Budget,762
Parfum Chanel N°5,Électronique,Philips,17.807317913385777,Aucune,90,Budget,289
Crème L'Oréal,Mode,Terra Bio,192.64516660548372,Aucune,394,Première Commande,388
MacBook Air M3,Mode,Terra Bio,385.0550266628649,Soldes -20%,154,Standard,266
Aspirateur Dyson V15,Électronique,Lavazza,60.8628796187985,Black Friday -40%,60,Budget,408
Yaourt Nature,Maison,Lavazza,-74.10110139996982,Aucune,347,Première Commande,2498
Ballon Nike,Électronique,IKEA,202.35786602154676,Soldes -20%,920,Budget,245
Adidas Survêtement,Sport,Zara,183.34132582015198,Soldes -30%,872,Budget,384
Crème L'Oréal,Mode,Apple,55.266657522482035,Aucune,43,Premium,410
MacBook Air M3,Mode,Nike,133.07697623404553,Soldes -20%,996,Premium,413
Samsung Galaxy S24,Électronique,Décathlon,-109.45037873187476,Soldes -20%,995,Première Commande,440
AirPods Pro,Beauté,Nike,-92.57803581238457,Cyber Monday -35%,881,Première Commande,679
Samsung Galaxy S24,Alimentation,H&M,-41.079231432273446,Aucune,119,Budget,891
Lampe Philips Hue,Beauté,Apple,144.70169504051935,Aucune,485,Luxe,977
PlayStation 5,Mode,Apple,66.20779163780833,Aucune,2453,Premium,734
MacBook Air M3,Mode,Terra Bio,41.19438831063739,Soldes -20%,353,Standard,319
Parfum Chanel N°5,Mode,Nike,710.255886115177,2ème à -50%,87,Premium,263
Samsung Galaxy S24,Maison,Samsung,418.71744627835153,Aucune,123,Premium,762
Adidas Survêtement,Électronique,IKEA,42.41206462552557,Aucune,480,Luxe,382
Lampe Philips Hue,Mode,Nike,-105.62506700780187,Soldes -20%,2157,Luxe,874
Ballon Nike,Mode,Lindt,539.0406479013498,Aucune,440,Premium,804
Vélo Décathlon,Mode,IKEA,-64.90079399135193,2ème à -50%,805,Standard,507
Samsung Galaxy S24,Sport,Zara,477.65546256210007,Aucune,252,Luxe,803
Canapé IKEA Ektorp,Mode,Nike,555.9398623295053,Aucune,374,Standard,1813
Parfum Chanel N°5,Alimentation,Dyson,-57.77248626543842,Aucune,204,Luxe,457
Adidas Survêtement,Sport,Lavazza,-131.4310687839573,Aucune,48,Luxe,1012
Huile d'Olive Bio,Sport,Sony,45.305361219779634,Aucune,2340,Premium,241
H&M T-Shirt,Maison,Décathlon,-144.4491802090186,Aucune,365,Premium,305
AirPods Pro,Alimentation,Terra Bio,193.27242772519355,Soldes -30%,841,Premium,851
Nike Air Max,Beauté,Apple,842.9780057188833,Aucune,57,Standard,1052
Adidas Survêtement,Maison,H&M,23.61611594421339,Aucune,878,Luxe,772
Adidas Survêtement,Électronique,Terra Bio,-95.54629502851998,Black Friday -40%,178,Premium,541
Vélo Décathlon,Alimentation,Décathlon,-59.42107896631512,Cyber Monday -35%,509,Luxe,974
Zara Veste Hiver,Mode,Lavazza,547.7561588771789,Black Friday -40%,354,Premium,632
Ballon Nike,Électronique,Adidas,663.2344592919421,Cyber Monday -35%,398,Premium,345
Adidas Survêtement,Mode,IKEA,1005.7506016542709,Aucune,474,Premium,636
iPhone 15 Pro,Alimentation,IKEA,1117.5281550346272,Black Friday -40%,338,Premium,141
Chocolat Lindt,Mode,Lavazza,42.695938714042285,Aucune,399,Luxe,925
MacBook Air M3,Mode,Adidas,219.59018136310533,Aucune,390,Standard,503
Lampe Philips Hue,Maison,Dyson,406.8532238961323,Aucune,98,Budget,596
iPhone 15 Pro,Sport,Apple,454.88565168067703,Aucune,438,Luxe,440
iPhone 15 Pro,Maison,Apple,-37.33882875348863,Aucune,168,Luxe,224
Yaourt Nature,Mode,Décathlon,1123.5642290048677,Aucune,187,Standard,466
Lampe Philips Hue,Électronique,Apple,44.2467719201754,Aucune,276,Premium,364
Parfum Chanel N°5,Sport,Apple,100.79780517349744,Aucune,91,Luxe,886
Aspirateur Dyson V15,Électronique,Nike,224.49838310341391,Aucune,-18,Luxe,767
Lampe Philips Hue,Maison,Lavazza,-36.77778119980387,Aucune,631,Première Commande,437
AirPods Pro,Alimentation,Danone,-49.11180472238311,Soldes -30%,117,Budget,1328
Ballon Nike,Alimentation,L'Oréal,145.46359478264054,Aucune,170,Premium,139
iPhone 15 Pro,Sport,Lindt,380.1837670288704,Soldes -30%,249,Standard,12
AirPods Pro,Électronique,Décathlon,3.4461886944600195,Soldes -20%,58,Budget,373
Crème L'Oréal,Beauté,Zara,-88.39259894199822,Black Friday -40%,240,Budget,320
MacBook Air M3,Sport,Samsung,155.70283946449067,Aucune,909,Budget,534
Canapé IKEA Ektorp,Maison,Chanel,1275.3466931678267,Aucune,1328,Premium,1332
Adidas Survêtement,Sport,Philips,-11.663323564251243,Aucune,77,Standard,80
Lampe Philips Hue,Alimentation,Zara,41.85898689933083,Soldes -30%,-56,Premium,461
Café Arabica,Beauté,Apple,-35.77118827655404,Promo Flash -25%,203,Standard,399
Lampe Philips Hue,Beauté,Chanel,-40.48784935548065,Aucune,904,Premium,1803
iPhone 15 Pro,Électronique,Adidas,-18.9859493337498,Soldes -30%,266,Budget,241
PlayStation 5,Mode,Philips,92.58374885430152,Aucune,861,Premium,835
Samsung Galaxy S24,Électronique,Apple,-108.21958828806021,Promo Flash -25%,726,Premium,521
Huile d'Olive Bio,Électronique,Décathlon,947.906428919298,Aucune,409,Premium,182
Yaourt Nature,Sport,Samsung,725.7975955385518,Aucune,732,Budget,234
Zara Veste Hiver,Électronique,Sony,659.179664689578,Soldes -20%,475,Standard,830
Crème L'Oréal,Sport,Adidas,56.86693172713173,Aucune,72,Premium,776
iPhone 15 Pro,Alimentation,Lindt,-118.84975069793063,Aucune,92,Budget,363
Ballon Nike,Mode,Philips,415.8118874539671,Aucune,284,Standard,378
AirPods Pro,Alimentation,IKEA,121.53791315205939,Aucune,125,Standard,286
Parfum Chanel N°5,Mode,Lavazza,157.04691405396477,3 pour 2,83,Budget,502
MacBook Air M3,Beauté,Danone,-18.94601796553691,Cyber Monday -35%,258,Premium,412
Vélo Décathlon,Alimentation,Apple,24.53259366833624,Soldes -20%,327,Standard,72
Chocolat Lindt,Mode,Apple,651.9212479350415,Aucune,214,Standard,2353
Parfum Chanel N°5,Mode,Dyson,890.639146354868,Aucune,1458,Budget,780
Lampe Philips Hue,Mode,Nike,974.1516163866759,Aucune,1104,Standard,241
AirPods Pro,Électronique,L'Oréal,-19.054521017733393,Aucune,606,Premium,401
Zara Veste Hiver,Mode,Lindt,835.6917185290004,Aucune,152,Luxe,121
Aspirateur Dyson V15,Électronique,Nike,328.51293025966436,Aucune,856,Budget,1001
Nike Air Max,Alimentation,Samsung,764.7650986468345,2ème à -50%,364,Premium,1070
Café Arabica,Électronique,Lavazza,-17.23136820590375,Cyber Monday -35%,848,Premium,183
Crème L'Oréal,Électronique,Décathlon,46.146899191629664,Aucune,352,Premium,2215
Vélo Décathlon,Mode,Samsung,-24.511235750758374,Aucune,548,Premium,497
Chocolat Lindt,Mode,Chanel,21.187843607677745,Aucune,2681,Standard,421
Canapé IKEA Ektorp,Mode,Lindt,343.095012868494,Aucune,235,Standard,338
Adidas Survêtement,Électronique,Nike,44.23383889862123,Soldes -50%,492,Luxe,260
Huile d'Olive Bio,Alimentation,Nike,443.1878057383508,Aucune,710,Budget,347
PlayStation 5,Beauté,Nike,537.9931297248208,Aucune,-53,Standard,222
Canapé IKEA Ektorp,Sport,L'Oréal,13.783097683108167,Aucune,235,Budget,442
Canapé IKEA Ektorp,Maison,Dyson,23.34622567557983,Aucune,226,Standard,887
Lampe Philips Hue,Électronique,Adidas,11.690162714859241,Aucune,82,Budget,3119
Zara Veste Hiver,Alimentation,Lindt,28.96656575154328,Soldes -20%,588,Budget,594
Parfum Chanel N°5,Beauté,Apple,-110.24717927868079,Cyber Monday -35%,307,Premium,857
Lampe Philips Hue,Alimentation,Nike,583.7041542321267,Aucune,303,Standard,188
Parfum Chanel N°5,Mode,Sony,46.71982995726329,Aucune,301,Standard,436
H&M T-Shirt,Mode,Samsung,-101.4456718684325,Aucune,969,Standard,797
Canapé IKEA Ektorp,Mode,Terra Bio,160.9975164464613,Aucune,50,Budget,360
Yaourt Nature,Sport,Chanel,-18.028515407828607,Aucune,451,Budget,336
Vélo Décathlon,Mode,Nike,758.1025365889566,Aucune,1332,Budget,1638
Nike Air Max,Beauté,Lindt,114.74157575580739,2ème à -50%,55,Standard,32
Huile d'Olive Bio,Électronique,H&M,1445.7284234890863,Aucune,462,Première Commande,283
Vélo Décathlon,Beauté,Décathlon,-90.2056602381461,Soldes -50%,407,Premium,514
PlayStation 5,Mode,Sony,-17.177614652634944,2ème à -50%,458,Standard,366
Adidas Survêtement,Sport,Dyson,84.49682417309302,Aucune,108,Luxe,780
Canapé IKEA Ektorp,Sport,Apple,30.441253134469285,Aucune,521,Standard,533
Parfum Chanel N°5,Sport,Samsung,583.6503746103461,Aucune,92,Budget,870
Nike Air Max,Électronique,Apple,57.357968015158825,Aucune,503,Première Commande,390
Nike Air Max,Mode,Terra Bio,-82.40079176950374,Soldes -20%,330,Standard,232
H&M T-Shirt,Alimentation,Lindt,-94.41684863164622,Soldes -30%,418,Budget,467
Huile d'Olive Bio,Alimentation,Zara,515.3904032855971,Promo Flash -25%,360,Premium,1631
Aspirateur Dyson V15,Sport,Décathlon,289.0237361625005,Aucune,313,Budget,400
PlayStation 5,Maison,Dyson,1229.9323609401195,Aucune,357,Luxe,808
Lampe Philips Hue,Mode,Apple,-87.77500289907101,Soldes -30%,894,Premium,2233
Aspirateur Dyson V15,Maison,Nike,-102.1624665872782,Aucune,1077,Première Commande,682
Yaourt Nature,Alimentation,Apple,808.8012323067394,Soldes -30%,2302,Standard,354
Lampe Philips Hue,Mode,IKEA,987.2272611851124,Promo Flash -25%,323,Première Commande,649
Parfum Chanel N°5,Beauté,Chanel,1024.1485617974347,Aucune,193,Premium,206
Aspirateur Dyson V15,Électronique,Apple,1161.161299754987,Aucune,374,Budget,331
Chocolat Lindt,Mode,Sony,126.251899995104,Soldes -50%,376,Premium,452
Yaourt Nature,Électronique,Apple,928.6830379173007,Aucune,545,Standard,451
Lampe Philips Hue,Maison,IKEA,-74.63838029922577,3 pour 2,291,Premium,284
Parfum Chanel N°5,Alimentation,Samsung,888.666367921046,Aucune,442,Première Commande,776
Ballon Nike,Mode,Samsung,-37.596657624971485,Promo Flash -25%,285,Budget,310
PlayStation 5,Maison,Dyson,796.3886739768077,Aucune,1103,Premium,611
Aspirateur Dyson V15,Électronique,Apple,169.83209634999827,Soldes -30%,100,Budget,620
Parfum Chanel N°5,Maison,Décathlon,-145.11805075223748,Soldes -20%,241,Standard,188
Huile d'Olive Bio,Alimentation,H&M,354.8977917787843,Promo Flash -25%,383,Budget,322
Adidas Survêtement,Électronique,IKEA,2.3349829597917946,Promo Flash -25%,713,Premium,570
Huile d'Olive Bio,Mode,Nike,1.5409529027053708,Cyber Monday -35%,345,Premium,500
Vélo Décathlon,Alimentation,Lavazza,-26.665136063195476,Promo Flash -25%,583,Luxe,275
Zara Veste Hiver,Beauté,Nike,28.26039350846473,Aucune,420,Luxe,624
Adidas Survêtement,Électronique,Apple,400.42969304593475,Aucune,566,Standard,463
Adidas Survêtement,Beauté,Nike,791.7384887457024,Aucune,456,Budget,977
Vélo Décathlon,Alimentation,Nike,565.6297507852411,Aucune,423,Premium,951
Canapé IKEA Ektorp,Maison,Décathlon,30.667873415947813,Aucune,258,Standard,208
Ballon Nike,Mode,Sony,156.84256931059812,Aucune,279,Premium,445
Chocolat Lindt,Sport,IKEA,31.235412499417492,Aucune,238,Budget,1073
Vélo Décathlon,Mode,Lindt,219.0078373717544,Aucune,436,Standard,681
Vélo Décathlon,Électronique,Philips,-42.85257650725586,Aucune,316,Premium,804
Ballon Nike,Mode,Apple,503.1130515719344,Aucune,109,Premium,351
Vélo Décathlon,Maison,Zara,37.136541846024656,Soldes -30%,961,Premium,686
Café Arabica,Beauté,IKEA,7.324781651701244,Aucune,470,Premium,450
Chocolat Lindt,Mode,Zara,586.654373805213,Soldes -50%,449,Budget,152
AirPods Pro,Alimentation,Samsung,322.5686228642478,Aucune,359,Première Commande,211
Adidas Survêtement,Maison,IKEA,-127.10545535410796,Aucune,1126,Luxe,887
Adidas Survêtement,Mode,Nike,583.1822040481383,Soldes -50%,663,Premium,419
Parfum Chanel N°5,Beauté,Chanel,40.252007745690214,2ème à -50%,159,Standard,167
Aspirateur Dyson V15,Alimentation,L'Oréal,293.1773019557133,Aucune,416,Standard,537
Canapé IKEA Ektorp,Beauté,Apple,786.3544540141827,Aucune,1117,Premium,352
Aspirateur Dyson V15,Maison,Adidas,214.42523782760392,Aucune,6,Standard,254
Samsung Galaxy S24,Électronique,Nike,-152.18406006264087,Aucune,345,Première Commande,354
Ballon Nike,Maison,Zara,-49.203380821312024,Aucune,-38,Premium,125
H&M T-Shirt,Sport,Sony,603.8711823330223,Aucune,405,Budget,885
AirPods Pro,Électronique,Terra Bio,439.1875693217744,Aucune,297,Premium,428
Chocolat Lindt,Mode,Sony,-75.65316672565649,Soldes -30%,197,Premium,261
Samsung Galaxy S24,Électronique,Lavazza,-141.79380737812807,Aucune,939,Premium,332
Chocolat Lindt,Sport,Nike,-101.52119863712443,Aucune,455,Premium,739
Parfum Chanel N°5,Mode,Sony,17.324022901871633,Aucune,290,Premium,394
Ballon Nike,Beauté,Dyson,-77.3259699232704,Aucune,237,Standard,243
H&M T-Shirt,Maison,Nike,-13.228778154549225,2ème à -50%,126,Premium,269
H&M T-Shirt,Alimentation,Philips,-28.38353850205162,Aucune,896,Standard,416
Crème L'Oréal,Sport,Lindt,-22.85228191355195,Aucune,-26,Luxe,473
MacBook Air M3,Sport,Lavazza,94.10603528652139,Aucune,211,Premium,393
H&M T-Shirt,Sport,Zara,-6.160918958953857,Aucune,108,Budget,318
Canapé IKEA Ektorp,Maison,Apple,465.02685614680706,Aucune,338,Luxe,349
Café Arabica,Maison,Samsung,389.01917760706266,3 pour 2,801,Budget,614
Parfum Chanel N°5,Mode,Dyson,1177.3494069251751,Aucune,435,Budget,838
Parfum Chanel N°5,Mode,Adidas,122.87155408221909,Aucune,245,Premium,617
AirPods Pro,Mode,Zara,1406.673356778413,Black Friday -40%,76,Premium,215
Canapé IKEA Ektorp,Maison,Adidas,-17.637677511535458,Promo Flash -25%,246,Standard,345
Samsung Galaxy S24,Alimentation,Décathlon,-63.940790415581574,Soldes -30%,525,Standard,462
MacBook Air M3,Mode,Danone,132.52312039846112,Aucune,353,Premium,724
Aspirateur Dyson V15,Alimentation,Lavazza,114.51398310960394,Aucune,77,Budget,394
Nike Air Max,Mode,Lindt,1304.3211904604582,Aucune,234,Première Commande,603
Vélo Décathlon,Électronique,Nike,1139.5512133252407,Aucune,276,Luxe,410
PlayStation 5,Beauté,Philips,74.39602858884048,Aucune,202,Standard,457
Crème L'Oréal,Mode,H&M,-110.4087425739084,Soldes -30%,319,Budget,1094
Zara Veste Hiver,Mode,Lindt,1.0952699715852177,Soldes -20%,1063,Premium,191
MacBook Air M3,Électronique,Sony,602.5025550574287,Soldes -30%,988,Luxe,913
Yaourt Nature,Alimentation,Danone,-77.79201746700677,Aucune,221,Premium,306
Zara Veste Hiver,Alimentation,Samsung,-29.55751082307846,Aucune,272,Premium,197
Canapé IKEA Ektorp,Électronique,Danone,-99.43793261212255,Aucune,412,Premium,1145
Zara Veste Hiver,Électronique,Adidas,1428.8445958142638,Aucune,630,Premium,788
Aspirateur Dyson V15,Mode,Apple,17.144034611954652,Aucune,-23,Budget,106
Zara Veste Hiver,Mode,Nike,-76.45746128902462,Aucune,518,Premium,457
Nike Air Max,Sport,Terra Bio,173.79694347588068,Aucune,541,Standard,299
H&M T-Shirt,Alimentation,Zara,509.46485197076964,Soldes -20%,1319,Luxe,2341
Aspirateur Dyson V15,Mode,Apple,-1.2328492991481923,Aucune,1293,Budget,944
Yaourt Nature,Mode,Apple,-67.23460683210118,Soldes -20%,54,Standard,327
Nike Air Max,Mode,Danone,557.101637276686,Promo Flash -25%,172,Premium,295
MacBook Air M3,Électronique,Chanel,-23.894607826353166,Aucune,753,Premium,290
Adidas Survêtement,Sport,Lindt,96.61744707572515,Soldes -20%,335,Budget,197
Aspirateur Dyson V15,Sport,L'Oréal,710.8156393382237,Promo Flash -25%,905,Luxe,4776
Nike Air Max,Électronique,Terra Bio,172.68406993790077,3 pour 2,368,Luxe,503
MacBook Air M3,Sport,Apple,-47.921692300183864,Aucune,38,Standard,688
Samsung Galaxy S24,Maison,Apple,59.10915632956767,Aucune,390,Luxe,879
PlayStation 5,Maison,Danone,278.1341140145466,Aucune,783,Premium,228
Huile d'Olive Bio,Beauté,Philips,130.626339659044,Aucune,-109,Budget,148
Parfum Chanel N°5,Électronique,H&M,-104.05518152628812,Aucune,559,Première Commande,1134
Samsung Galaxy S24,Beauté,Adidas,-53.05890106288372,Aucune,119,Standard,586
Ballon Nike,Alimentation,Zara,75.38133516334415,Aucune,282,Budget,231
Ballon Nike,Mode,Chanel,-23.584637623027206,Aucune,507,Standard,486
H&M T-Shirt,Alimentation,Philips,318.29936257640014,Aucune,245,Luxe,929
Vélo Décathlon,Alimentation,Samsung,-83.22138496287894,Aucune,264,Luxe,728
Chocolat Lindt,Mode,Dyson,559.0535832911697,Aucune,117,Standard,706
Canapé IKEA Ektorp,Alimentation,Lindt,-48.87749199483052,3 pour 2,204,Standard,176
AirPods Pro,Maison,IKEA,14.865972833831165,Aucune,466,Premium,739
Canapé IKEA Ektorp,Sport,Samsung,387.0884241239832,Aucune,734,Luxe,6
Zara Veste Hiver,Électronique,Samsung,542.236413021851,Aucune,584,Premium,418
Yaourt Nature,Alimentation,Chanel,25.06313824773332,Aucune,274,Premium,324
Huile d'Olive Bio,Alimentation,Chanel,-27.139129162354124,Aucune,-83,Luxe,224
AirPods Pro,Beauté,Terra Bio,251.92722487043778,Cyber Monday -35%,487,Premium,434
Nike Air Max,Mode,Lindt,593.3166828138161,Soldes -30%,413,Standard,1954
Café Arabica,Alimentation,Nike,37.54930629701066,Aucune,43,Standard,1663
Adidas Survêtement,Alimentation,IKEA,-469.42925005354147,Soldes -20%,279,Premium,1061
Nike Air Max,Mode,IKEA,413.7925525743083,Aucune,481,Luxe,341
Parfum Chanel N°5,Électronique,Nike,139.09116550513397,2ème à -50%,1026,Budget,1127
Aspirateur Dyson V15,Mode,Décathlon,385.24303128209965,Aucune,754,Premium,1053
Canapé IKEA Ektorp,Électronique,Lindt,287.16518160436135,Aucune,1119,Standard,495
Chocolat Lindt,Mode,IKEA,176.617457230156,Aucune,328,Première Commande,232
Nike Air Max,Mode,Adidas,77.10634338178674,3 pour 2,405,Premium,835
Vélo Décathlon,Sport,Adidas,5.496348335738013,Aucune,569,Budget,1191
Yaourt Nature,Mode,Décathlon,3.9459938438166304,Aucune,60,Standard,299
MacBook Air M3,Mode,Apple,55.3488113466079,Aucune,186,Luxe,3350
Huile d'Olive Bio,Électronique,Philips,-81.04298218624837,Aucune,2077,Budget,876
Canapé IKEA Ektorp,Beauté,IKEA,-6.8180795394048275,Aucune,-59,Standard,389
Café Arabica,Alimentation,Danone,532.2165051112036,Aucune,512,Luxe,739
Canapé IKEA Ektorp,Électronique,Adidas,941.9449545212705,Black Friday -40%,347,Standard,128
Aspirateur Dyson V15,Mode,Lavazza,40.40607754402981,Cyber Monday -35%,496,Budget,498
PlayStation 5,Beauté,Apple,-102.0022128780551,Aucune,62,Premium,582
Lampe Philips Hue,Mode,Lindt,257.9697532458065,Aucune,58,Standard,48
Parfum Chanel N°5,Électronique,Terra Bio,-48.99513295131533,Aucune,312,Budget,434
Nike Air Max,Mode,Décathlon,-31.419786141177028,Soldes -30%,1093,Standard,370
Adidas Survêtement,Mode,Philips,1090.9606790254913,Aucune,419,Premium,748
Crème L'Oréal,Mode,Adidas,70.87853835660295,Aucune,361,Luxe,242
Crème L'Oréal,Sport,Danone,1168.6542120809481,Soldes -30%,174,Budget,143
Crème L'Oréal,Mode,Lindt,65.450214464525,Cyber Monday -35%,2478,Première Commande,319
Huile d'Olive Bio,Alimentation,Apple,577.6183343901578,Aucune,47,Budget,349
Zara Veste Hiver,Électronique,L'Oréal,91.00847396384279,Aucune,529,Budget,436
iPhone 15 Pro,Beauté,IKEA,-111.46982176615398,Aucune,491,Premium,1096
Ballon Nike,Électronique,L'Oréal,11.288677497189688,Aucune,874,Budget,251
Zara Veste Hiver,Électronique,Adidas,342.849537942946,Aucune,513,Premium,681
PlayStation 5,Sport,Apple,-33.50056545769684,Aucune,261,Budget,268
Lampe Philips Hue,Alimentation,Philips,-185.18318955949445,Black Friday -40%,444,Première Commande,149
Lampe Philips Hue,Électronique,Sony,-12.319930969887473,Aucune,502,Budget,2012
Vélo Décathlon,Beauté,H&M,502.9263933932526,Aucune,740,Standard,678
Aspirateur Dyson V15,Alimentation,Samsung,70.04431006188675,Aucune,356,Luxe,438
Vélo Décathlon,Mode,Terra Bio,155.76560432340284,2ème à -50%,422,Luxe,509
Nike Air Max,Électronique,Nike,-83.67134398215819,Aucune,987,Premium,1254
Vélo Décathlon,Maison,L'Oréal,-32.82256184556174,Soldes -30%,787,Standard,1000
Vélo Décathlon,Mode,Danone,299.379465834464,Aucune,202,Budget,247
MacBook Air M3,Électronique,Décathlon,579.4193796809066,Aucune,282,Standard,229
MacBook Air M3,Alimentation,IKEA,-67.99067963203986,Aucune,698,Budget,899
Vélo Décathlon,Maison,Chanel,-231.52364821362204,Aucune,393,Premium,629
AirPods Pro,Mode,H&M,633.6060345575988,Aucune,365,Première Commande,113
Samsung Galaxy S24,Alimentation,Décathlon,161.3145674738314,Promo Flash -25%,440,Premium,353
PlayStation 5,Alimentation,Lindt,672.0264114488205,Soldes -30%,750,Standard,1386
Zara Veste Hiver,Mode,Adidas,356.45472234363575,Aucune,503,Luxe,805
Parfum Chanel N°5,Électronique,Philips,129.87355829070685,Aucune,1139,Premium,190
iPhone 15 Pro,Mode,Apple,-30.2642690783817,Aucune,319,Premium,383
Café Arabica,Électronique,Décathlon,645.3181256224545,Soldes -30%,467,Budget,380
AirPods Pro,Électronique,Dyson,465.7606310786732,Soldes -50%,1019,Standard,385
Yaourt Nature,Mode,Apple,15.680624525315306,Promo Flash -25%,113,Premium,676
Café Arabica,Électronique,Apple,55.68699737439141,Aucune,710,Premium,278
Yaourt Nature,Sport,Apple,220.89813431211678,Aucune,142,Standard,206
Vélo Décathlon,Maison,Adidas,-156.28002130252804,Aucune,371,Budget,425
Café Arabica,Sport,Adidas,-3.5420015826651507,Aucune,233,Standard,1566
AirPods Pro,Alimentation,IKEA,-83.85401950000278,Aucune,-86,Première Commande,116
Adidas Survêtement,Sport,Décathlon,189.05719015093067,Aucune,348,Standard,169
Yaourt Nature,Électronique,Adidas,70.30814762209614,Aucune,907,Première Commande,3009
Chocolat Lindt,Beauté,Sony,511.8194707870738,Soldes -20%,1040,Première Commande,206
Lampe Philips Hue,Électronique,Philips,428.4949787884957,Cyber Monday -35%,504,Luxe,135
Chocolat Lindt,Maison,Apple,-103.95896374099948,Aucune,107,Budget,222
Huile d'Olive Bio,Beauté,Décathlon,320.1579157642783,Aucune,301,Première Commande,2144
Lampe Philips Hue,Maison,Chanel,-20.435018538084194,Aucune,461,Standard,911
MacBook Air M3,Électronique,Lindt,882.8637637964287,Aucune,298,Premium,950
Parfum Chanel N°5,Maison,Apple,374.04832456648694,Aucune,311,Premium,72
Samsung Galaxy S24,Électronique,Dyson,1004.9769516318756,Soldes -20%,712,Budget,952
H&M T-Shirt,Mode,Nike,-83.89250927295046,Aucune,255,Standard,41
AirPods Pro,Maison,Décathlon,671.668257305425,Aucune,885,Première Commande,515
Canapé IKEA Ektorp,Maison,Adidas,1471.4059742979725,Aucune,300,Standard,329
Canapé IKEA Ektorp,Mode,Lindt,39.64107830870479,Aucune,890,Standard,252
Canapé IKEA Ektorp,Alimentation,Terra Bio,432.5233239910749,Aucune,220,Premium,925
Adidas Survêtement,Sport,Chanel,168.5148583248726,Aucune,54,Premium,445
Café Arabica,Électronique,Samsung,-16.80594534061793,Aucune,394,Premium,962
Vélo Décathlon,Électronique,Apple,-138.9869707959818,Aucune,-35,Budget,489
PlayStation 5,Électronique,Nike,-125.55887781146765,Aucune,2325,Première Commande,419
AirPods Pro,Mode,Danone,404.6131536124526,Aucune,2266,Standard,188
Samsung Galaxy S24,Sport,Chanel,-177.87943896300743,Aucune,375,Budget,433
Vélo Décathlon,Mode,Sony,35.52350468029328,Promo Flash -25%,442,Premium,1583
Chocolat Lindt,Mode,Nike,813.1473497530537,Aucune,289,Premium,57
Zara Veste Hiver,Beauté,Décathlon,368.7563811205711,Aucune,25,Budget,219
Nike Air Max,Mode,Adidas,1417.7955947074483,Soldes -20%,77,Première Commande,70
Vélo Décathlon,Électronique,Sony,-205.14763151948245,Aucune,961,Premium,1055
Parfum Chanel N°5,Mode,Adidas,1350.4206196041423,Soldes -50%,305,Luxe,1441
Canapé IKEA Ektorp,Alimentation,Terra Bio,414.02490239545557,Soldes -30%,101,Budget,886
Parfum Chanel N°5,Sport,Apple,-28.11030823886037,Promo Flash -25%,304,Premium,1225
Adidas Survêtement,Maison,L'Oréal,89.9763948755762,Aucune,854,Première Commande,683
MacBook Air M3,Électronique,Apple,714.3743577498574,Soldes -30%,2505,Premium,179
MacBook Air M3,Sport,Sony,462.6094320620781,Aucune,213,Luxe,508
Yaourt Nature,Mode,Philips,348.61668579423065,Black Friday -40%,326,Standard,198
Parfum Chanel N°5,Alimentation,Philips,-105.70217851312574,Aucune,347,Premium,2345
Parfum Chanel N°5,Mode,Apple,31.279507855903095,Aucune,922,Standard,460
Lampe Philips Hue,Sport,IKEA,-46.96134757175686,Aucune,102,Luxe,860
Aspirateur Dyson V15,Mode,Adidas,290.43463202807504,Aucune,408,Standard,995
Vélo Décathlon,Sport,H&M,370.87698266812896,Aucune,788,Luxe,730
Samsung Galaxy S24,Électronique,Apple,491.3795103717197,Soldes -30%,264,Standard,439
Yaourt Nature,Sport,Dyson,966.8828984144483,Aucune,296,Luxe,408
Parfum Chanel N°5,Électronique,Philips,-71.02293248360532,Aucune,528,Budget,849
Café Arabica,Mode,Zara,-114.45637854513672,Soldes -50%,1040,Budget,223
Ballon Nike,Beauté,Zara,-19.246149766442485,Soldes -30%,-44,Standard,272
H&M T-Shirt,Alimentation,Apple,33.45256778607677,Aucune,754,Luxe,415
Crème L'Oréal,Beauté,Nike,-51.63841843512722,Aucune,38,Budget,163
H&M T-Shirt,Mode,Samsung,62.80694903755638,Soldes -20%,138,Standard,404
Nike Air Max,Alimentation,Zara,1.6985131566797165,Soldes -30%,320,Premium,126
Samsung Galaxy S24,Beauté,Danone,31.88712962529626,Soldes -30%,151,Standard,38
Chocolat Lindt,Maison,Zara,80.60346816394855,Soldes -50%,392,Premium,219
Chocolat Lindt,Beauté,Philips,4.882567845851156,Aucune,129,Budget,400
iPhone 15 Pro,Mode,Lindt,-59.85635674140792,3 pour 2,799,Luxe,1072
Vélo Décathlon,Électronique,Lindt,-40.76320907154478,Cyber Monday -35%,681,Luxe,292
iPhone 15 Pro,Beauté,Décathlon,476.9235764827359,Aucune,64,Standard,509
Café Arabica,Alimentation,Décathlon,-54.628940613339154,Aucune,958,Premium,800
Vélo Décathlon,Sport,Danone,175.3142215193111,Aucune,-30,Budget,47
Vélo Décathlon,Alimentation,Apple,391.34387251008536,Aucune,257,Standard,499
Ballon Nike,Mode,Apple,553.8257557735192,Soldes -20%,484,Budget,860
MacBook Air M3,Sport,Apple,104.0431427069309,Aucune,504,Luxe,815
Samsung Galaxy S24,Sport,Philips,240.59090282064358,Aucune,371,Luxe,463
Aspirateur Dyson V15,Mode,Sony,-43.60107644083703,Aucune,349,Premium,359
Samsung Galaxy S24,Électronique,Lindt,-46.931590256158785,Soldes -50%,561,Luxe,503
Adidas Survêtement,Sport,Dyson,395.39849010916936,Aucune,440,Budget,399
AirPods Pro,Maison,Nike,-113.3591407977303,Aucune,1600,Budget,1756
Huile d'Olive Bio,Beauté,Adidas,-96.5968801370891,Aucune,440,Premium,1089
Lampe Philips Hue,Maison,Zara,1478.6655633105677,Aucune,670,Budget,807
Zara Veste Hiver,Électronique,Lindt,1017.7475895366546,Aucune,885,Budget,161
Huile d'Olive Bio,Maison,Décathlon,181.28680885150507,2ème à -50%,998,Premium,354
Vélo Décathlon,Sport,Apple,-98.8938939889845,Aucune,969,Budget,1043
iPhone 15 Pro,Mode,Philips,65.94540766334823,Aucune,244,Standard,1102
Café Arabica,Beauté,L'Oréal,66.58145790371728,Aucune,29,Standard,703
Lampe Philips Hue,Maison,Dyson,-44.62310927303069,Aucune,209,Standard,1236
MacBook Air M3,Mode,Sony,350.5332907435512,Aucune,354,Premium,1328
Lampe Philips Hue,Beauté,Danone,-114.74855652388422,Promo Flash -25%,512,Budget,140
Café Arabica,Mode,Apple,282.2217700298704,2ème à -50%,406,Budget,303
Adidas Survêtement,Maison,Adidas,-57.045005737475705,Aucune,209,Premium,163
Vélo Décathlon,Maison,Adidas,-64.3280316956353,Aucune,2598,Premium,627
H&M T-Shirt,Mode,Lindt,149.99345440287232,Aucune,301,Standard,395
Ballon Nike,Maison,Philips,335.9595934391318,Aucune,287,Budget,220
AirPods Pro,Électronique,IKEA,696.0784461550709,Aucune,321,Première Commande,216
iPhone 15 Pro,Alimentation,Terra Bio,-101.90377382922935,Aucune,142,Premium,500
Vélo Décathlon,Mode,Samsung,-61.40588311276764,Soldes -20%,25,Premium,225
Parfum Chanel N°5,Électronique,H&M,235.8159959476511,3 pour 2,919,Premium,1914
Samsung Galaxy S24,Alimentation,Adidas,310.7303331112654,Promo Flash -25%,609,Standard,281
Parfum Chanel N°5,Électronique,Dyson,277.80868668274957,Soldes -30%,420,Budget,384
PlayStation 5,Électronique,Philips,111.8219496815498,Aucune,189,Premium,418
Huile d'Olive Bio,Alimentation,Nike,164.81872731361193,Aucune,813,Standard,865
iPhone 15 Pro,Beauté,Apple,94.6834251529514,Aucune,153,Premium,337
Vélo Décathlon,Électronique,Décathlon,-6.270524269660598,Aucune,110,Premium,308
Aspirateur Dyson V15,Électronique,Samsung,-0.7719160074295246,Aucune,752,Premium,1051
AirPods Pro,Beauté,Apple,230.01768331473414,Aucune,44,Standard,163
Canapé IKEA Ektorp,Beauté,Nike,510.08605279562005,Soldes -30%,338,Standard,82
Nike Air Max,Beauté,Apple,280.07412049654465,Cyber Monday -35%,420,Premium,869
Parfum Chanel N°5,Mode,Nike,19.616513574222267,Soldes -20%,1701,Budget,724
iPhone 15 Pro,Beauté,Philips,82.6965505991067,Aucune,-28,Premium,176
Yaourt Nature,Électronique,Philips,24.21187027824854,Promo Flash -25%,497,Premium,1553
Yaourt Nature,Maison,Nike,488.4012277397514,Aucune,232,Standard,321
Chocolat Lindt,Électronique,Zara,288.54554728636504,Aucune,489,Budget,1046
Parfum Chanel N°5,Mode,Décathlon,-104.8619195198342,Aucune,267,Première Commande,256
Vélo Décathlon,Mode,Nike,161.10390802120594,Cyber Monday -35%,556,Luxe,900
MacBook Air M3,Mode,Danone,965.3107025391351,Aucune,362,Standard,70
MacBook Air M3,Sport,Danone,-53.25853897745429,Aucune,585,Luxe,297
AirPods Pro,Alimentation,Décathlon,406.7449740866318,Aucune,2248,Standard,4604
Yaourt Nature,Alimentation,Philips,1391.9146864318227,Aucune,-36,Premium,1033
iPhone 15 Pro,Électronique,Apple,-20.530655548219002,Black Friday -40%,799,Première Commande,328
Samsung Galaxy S24,Électronique,Samsung,-130.93814919939615,Aucune,412,Budget,606
iPhone 15 Pro,Alimentation,Terra Bio,209.0289240966103,Soldes -30%,368,Budget,235
Zara Veste Hiver,Alimentation,L'Oréal,643.8707364102168,Soldes -20%,112,Premium,616
Parfum Chanel N°5,Sport,Décathlon,-76.12729154694857,Aucune,80,Standard,16
Nike Air Max,Électronique,Philips,977.5399770191639,Soldes -30%,379,Premium,464
Vélo Décathlon,Sport,Lindt,-329.1940724664615,Soldes -20%,994,Luxe,360
PlayStation 5,Électronique,Philips,-71.97149093799179,Aucune,182,Premium,439
Canapé IKEA Ektorp,Sport,Zara,-63.068853274143294,Soldes -30%,194,Luxe,-10
Canapé IKEA Ektorp,Mode,Lavazza,803.4393825589814,Aucune,90,Luxe,140
Vélo Décathlon,Alimentation,Apple,-119.35569109264446,3 pour 2,753,Premium,13
Parfum Chanel N°5,Mode,Apple,104.65586755260729,Aucune,471,Budget,519
Adidas Survêtement,Sport,IKEA,966.4924339083088,Aucune,434,Premium,407
PlayStation 5,Mode,Nike,123.67903184768443,Aucune,460,Standard,707
Lampe Philips Hue,Alimentation,Zara,-27.041972187221845,Aucune,109,Budget,312
H&M T-Shirt,Mode,Lindt,173.25425435517298,Cyber Monday -35%,479,Première Commande,2001
Canapé IKEA Ektorp,Sport,L'Oréal,168.04473197930866,Aucune,307,Standard,470
Ballon Nike,Mode,Décathlon,515.6361382882714,Cyber Monday -35%,183,Premium,824
iPhone 15 Pro,Électronique,Lavazza,-15.897114663342798,Aucune,495,Luxe,297
Parfum Chanel N°5,Mode,Samsung,846.7854288826027,Promo Flash -25%,170,Premium,187
Huile d'Olive Bio,Alimentation,Philips,-32.894038829588936,Aucune,851,Luxe,2295
Chocolat Lindt,Sport,Lavazza,26.28622837268324,Aucune,228,Standard,389
iPhone 15 Pro,Sport,Philips,841.4625048529653,Aucune,-64,Budget,306
Nike Air Max,Mode,Sony,156.40072760025603,Aucune,186,Première Commande,282
Samsung Galaxy S24,Mode,L'Oréal,45.62868228788335,Promo Flash -25%,207,Budget,477
Nike Air Max,Électronique,Apple,884.1378910804694,Aucune,1409,Premium,667
Ballon Nike,Sport,Sony,169.8117981202362,Aucune,158,Standard,1505
iPhone 15 Pro,Beauté,Nike,-58.93736851890459,Aucune,368,Luxe,326
Lampe Philips Hue,Alimentation,Sony,0.17886119912964205,Soldes -30%,121,Standard,383
Lampe Philips Hue,Électronique,Adidas,59.35264851158348,3 pour 2,448,Standard,37
Aspirateur Dyson V15,Alimentation,Adidas,4.370090615711327,Soldes -20%,643,Premium,510
Vélo Décathlon,Maison,Danone,-40.75213811759076,Aucune,507,Standard,627
iPhone 15 Pro,Mode,Nike,37.9942800983143,Soldes -20%,2036,Premium,260
Chocolat Lindt,Sport,Adidas,-102.14895254336847,Soldes -30%,523,Budget,2488
Yaourt Nature,Électronique,Philips,15.435311531113314,Soldes -30%,540,Standard,325
Chocolat Lindt,Maison,Apple,72.08775669927613,3 pour 2,221,Standard,710
Chocolat Lindt,Beauté,Samsung,733.6871853383636,Cyber Monday -35%,397,Premium,708
Nike Air Max,Alimentation,Décathlon,103.15893306047514,Aucune,273,Budget,338
Nike Air Max,Électronique,Sony,-10.074629257783265,Aucune,300,Budget,846
Vélo Décathlon,Mode,Apple,-103.21340385342836,Aucune,-45,Standard,1918
iPhone 15 Pro,Électronique,H&M,153.8678700996518,Black Friday -40%,182,Standard,392
Canapé IKEA Ektorp,Électronique,Chanel,460.49730962075193,Aucune,361,Budget,852
Zara Veste Hiver,Électronique,Zara,-79.46993829142967,Soldes -30%,484,Standard,302
MacBook Air M3,Sport,Zara,-108.78767318897505,Aucune,862,Budget,305
Ballon Nike,Mode,L'Oréal,45.60185606512045,Black Friday -40%,606,Budget,864
Canapé IKEA Ektorp,Électronique,Philips,953.9133502969403,Promo Flash -25%,417,Standard,190
Chocolat Lindt,Alimentation,L'Oréal,4.64938459225116,Soldes -30%,75,Standard,180
Adidas Survêtement,Maison,H&M,-30.963742073727147,Aucune,448,Premium,115
Ballon Nike,Électronique,Apple,515.6597133101187,Soldes -30%,141,Budget,43
Nike Air Max,Électronique,Terra Bio,62.69651462112637,Aucune,961,Budget,834
Adidas Survêtement,Sport,Apple,195.14153095237668,Soldes -20%,430,Premium,180
H&M T-Shirt,Alimentation,Apple,61.13783215265955,Aucune,97,Standard,178
Crème L'Oréal,Alimentation,Adidas,-38.007493462955054,Cyber Monday -35%,429,Premium,260
Canapé IKEA Ektorp,Maison,Samsung,1.0612097305437729,Aucune,19,Standard,184
Adidas Survêtement,Sport,Lavazza,-74.00982303676274,Soldes -50%,443,Budget,314
Parfum Chanel N°5,Électronique,Philips,32.0838921417818,Aucune,417,Premium,859
Lampe Philips Hue,Alimentation,Décathlon,22.940729977165034,Soldes -20%,1734,Standard,335
Ballon Nike,Beauté,Apple,826.7234901296679,Soldes -20%,79,Budget,350
PlayStation 5,Alimentation,Lavazza,578.9773124452338,Soldes -20%,291,Premium,950
Lampe Philips Hue,Alimentation,Nike,25.283686637230957,Aucune,219,Budget,452
MacBook Air M3,Sport,Adidas,109.03489204824731,Aucune,177,Premium,629
Crème L'Oréal,Beauté,Terra Bio,66.64846813394195,Aucune,406,Luxe,385
Nike Air Max,Mode,Danone,1354.816235646987,Promo Flash -25%,900,Standard,376
Aspirateur Dyson V15,Beauté,Lindt,123.34501894500616,Cyber Monday -35%,332,Budget,143
AirPods Pro,Mode,L'Oréal,-111.66112498133919,Aucune,1959,Standard,506
Aspirateur Dyson V15,Maison,Sony,-58.89605603267856,Aucune,761,Budget,290
H&M T-Shirt,Électronique,Philips,-35.008051943020575,Cyber Monday -35%,619,Premium,1987
Parfum Chanel N°5,Mode,Samsung,159.41092695140426,Soldes -30%,297,Budget,57
Parfum Chanel N°5,Alimentation,L'Oréal,317.30821503639265,Aucune,936,Budget,-10
AirPods Pro,Mode,Chanel,376.6725490603005,Promo Flash -25%,438,Premium,1343
AirPods Pro,Électronique,Zara,-74.78060794226927,Soldes -30%,1013,Budget,393
PlayStation 5,Mode,Nike,-22.317475602117042,Aucune,188,Standard,61
H&M T-Shirt,Mode,H&M,-64.07809885741489,Aucune,-9,Première Commande,1405
Samsung Galaxy S24,Beauté,Zara,25.777415692699034,Aucune,91,Budget,961
Vélo Décathlon,Électronique,Samsung,236.29784961040997,Cyber Monday -35%,470,Budget,2289
MacBook Air M3,Sport,Apple,660.5881074742786,Aucune,-54,Premium,780
Samsung Galaxy S24,Maison,Décathlon,433.76755428806047,Aucune,115,Standard,403
Crème L'Oréal,Sport,Philips,-61.216653437579396,Soldes -20%,197,Budget,1157
Ballon Nike,Mode,Nike,150.0550461960199,Aucune,158,Budget,993
Vélo Décathlon,Électronique,Philips,-55.24146370094036,Aucune,1020,Premium,429
Yaourt Nature,Mode,Dyson,-10.001226411984746,Aucune,287,Standard,246
Ballon Nike,Sport,Apple,562.0395921523774,Black Friday -40%,389,Premium,2327
Chocolat Lindt,Alimentation,Nike,1098.5787720272465,Aucune,333,Standard,425
Nike Air Max,Électronique,IKEA,959.2361711779553,3 pour 2,219,Premium,397
Huile d'Olive Bio,Électronique,Lindt,-87.8492307993742,Aucune,234,Premium,2214
Lampe Philips Hue,Maison,Dyson,516.1117976292288,Aucune,341,Premium,380
Parfum Chanel N°5,Sport,Philips,-63.1767295573149,Aucune,432,Premium,430
Crème L'Oréal,Alimentation,Lindt,249.0775149827292,Aucune,174,Premium,648
iPhone 15 Pro,Électronique,Apple,-37.54694094061887,Aucune,233,Luxe,644
Huile d'Olive Bio,Alimentation,Dyson,292.9624702844704,Aucune,148,Budget,426
AirPods Pro,Électronique,L'Oréal,640.220708129712,Aucune,845,Premium,886
Nike Air Max,Alimentation,Zara,506.31683284646147,Aucune,395,Budget,456
Café Arabica,Alimentation,IKEA,14.473100941000887,Aucune,383,Premium,944
Lampe Philips Hue,Alimentation,Apple,509.11475208556726,Soldes -30%,54,Premium,226
Nike Air Max,Électronique,Nike,666.5080066373182,Aucune,520,Première Commande,508
Samsung Galaxy S24,Alimentation,Apple,-46.71102956118217,Aucune,19,Standard,659
Lampe Philips Hue,Alimentation,Samsung,108.8263846202695,Promo Flash -25%,60,Budget,505
MacBook Air M3,Électronique,Dyson,1401.7939791411795,Soldes -50%,121,Premium,175
Crème L'Oréal,Électronique,Chanel,450.0039002208746,Soldes -30%,517,Premium,1955
MacBook Air M3,Sport,Chanel,765.9279452600525,Aucune,560,Budget,857
Nike Air Max,Beauté,Lindt,157.83800662892838,Black Friday -40%,872,Premium,334
Vélo Décathlon,Mode,Chanel,365.7685543709607,Aucune,505,Standard,117
Aspirateur Dyson V15,Mode,Adidas,-31.758413167660308,Soldes -20%,303,Standard,278
Aspirateur Dyson V15,Alimentation,Terra Bio,-61.90234826756654,Aucune,229,Premium,1155
AirPods Pro,Maison,L'Oréal,38.1247462283972,Aucune,365,Premium,239
Canapé IKEA Ektorp,Sport,Samsung,68.67026513586381,2ème à -50%,12,Budget,366
Huile d'Olive Bio,Électronique,Lavazza,-60.29783028894218,Aucune,2719,Premium,1016
Nike Air Max,Mode,Décathlon,-51.3812223467978,Aucune,1033,Standard,534
Vélo Décathlon,Alimentation,Zara,-58.544921909606074,Aucune,492,Budget,687
Parfum Chanel N°5,Mode,Zara,-69.80368590356572,Promo Flash -25%,227,Premium,786
Aspirateur Dyson V15,Alimentation,L'Oréal,-104.79449234798898,Aucune,103,Standard,1092
PlayStation 5,Sport,H&M,50.71013184984114,Aucune,629,Premium,905
H&M T-Shirt,Maison,Dyson,496.4531604757374,Aucune,553,Budget,160
Nike Air Max,Alimentation,Décathlon,99.07823071019189,Soldes -20%,789,Premium,845
Aspirateur Dyson V15,Mode,Décathlon,-20.129509546176294,Aucune,274,Luxe,1031
Adidas Survêtement,Électronique,Philips,483.12090920383355,Black Friday -40%,378,Standard,561
iPhone 15 Pro,Mode,Lavazza,-54.50401271146437,Aucune,327,Luxe,899
Chocolat Lindt,Mode,Danone,-55.482900737518136,Soldes -30%,465,Standard,83
Lampe Philips Hue,Maison,Apple,-60.96268179210138,Aucune,95,Standard,76
iPhone 15 Pro,Beauté,Décathlon,1154.052866092453,2ème à -50%,427,Budget,411
MacBook Air M3,Alimentation,Apple,-105.5912598800218,Aucune,268,Standard,450
Samsung Galaxy S24,Beauté,IKEA,-116.90421212176435,Cyber Monday -35%,557,Première Commande,349
Lampe Philips Hue,Mode,Chanel,158.3807648284484,Aucune,463,Standard,1126
Huile d'Olive Bio,Beauté,Chanel,-298.9446757515299,Aucune,232,Budget,229
Crème L'Oréal,Sport,Lindt,988.5473702915071,Aucune,-14,Premium,358
Lampe Philips Hue,Mode,L'Oréal,117.75185965671388,Aucune,1055,Première Commande,546
Lampe Philips Hue,Alimentation,Terra Bio,-0.453464045217153,Aucune,69,Standard,490
AirPods Pro,Électronique,Lindt,-54.78311960428928,3 pour 2,413,Budget,350
Canapé IKEA Ektorp,Mode,Dyson,664.5019680316531,Aucune,-38,Standard,697
Café Arabica,Alimentation,Dyson,-140.70233995278448,Cyber Monday -35%,520,Premium,766
Canapé IKEA Ektorp,Sport,Sony,25.053938205989574,Aucune,43,Luxe,412
Vélo Décathlon,Sport,Apple,1291.2623089522615,Aucune,2003,Premium,1992
AirPods Pro,Beauté,Lindt,243.48023938832904,Cyber Monday -35%,252,Budget,180
Aspirateur Dyson V15,Maison,Apple,165.56211155171312,Aucune,928,Premium,539
iPhone 15 Pro,Maison,Philips,9.133833091688928,Aucune,1169,Premium,1015
Vélo Décathlon,Mode,Apple,12.672568751291003,Soldes -30%,181,Budget,900
Chocolat Lindt,Maison,Lindt,-49.289296266161955,Aucune,259,Budget,461
iPhone 15 Pro,Mode,Lindt,586.637669127876,Soldes -30%,401,Standard,732
Huile d'Olive Bio,Mode,Décathlon,98.51837168834314,Aucune,41,Standard,339
iPhone 15 Pro,Mode,L'Oréal,101.99074943514785,Aucune,854,Budget,779
H&M T-Shirt,Alimentation,Chanel,163.72032135122282,Aucune,519,Première Commande,51
Chocolat Lindt,Mode,Adidas,-9.277047361344302,3 pour 2,419,Premium,170
MacBook Air M3,Sport,Nike,-367.4830786731647,Aucune,410,Standard,448
iPhone 15 Pro,Électronique,Apple,420.7887383026466,Aucune,1339,Premium,407
Vélo Décathlon,Maison,IKEA,-9.859947845085458,3 pour 2,245,Premium,232
Samsung Galaxy S24,Électronique,Nike,-3.91943197260953,Soldes -30%,194,Budget,2207
Adidas Survêtement,Sport,Lavazza,228.5076742483983,Aucune,96,Standard,900
Parfum Chanel N°5,Sport,Samsung,46.261977858111614,Aucune,454,Standard,375
Vélo Décathlon,Électronique,Dyson,-75.59030626048097,Aucune,410,Premium,430
H&M T-Shirt,Sport,Zara,238.17441769626768,Aucune,13,Standard,502
Parfum Chanel N°5,Alimentation,Dyson,239.55279092978154,3 pour 2,297,Premium,2578
Crème L'Oréal,Mode,Philips,42.88330064721623,Aucune,245,Standard,193
MacBook Air M3,Maison,Danone,627.1195497347403,Aucune,788,Premium,389
Café Arabica,Mode,Sony,189.37054947361366,Aucune,470,Première Commande,401
Adidas Survêtement,Sport,Terra Bio,808.4691609051508,Aucune,420,Standard,819
Adidas Survêtement,Électronique,Lavazza,18.300454078551397,Aucune,407,Standard,70
Adidas Survêtement,Alimentation,H&M,1210.1003628604776,Black Friday -40%,179,Standard,835
Samsung Galaxy S24,Maison,Apple,92.28774665127989,Aucune,493,Luxe,490
Vélo Décathlon,Électronique,Apple,1157.3109375683252,Aucune,279,Luxe,448
Lampe Philips Hue,Maison,Chanel,-119.64191817156106,Aucune,84,Standard,290
Canapé IKEA Ektorp,Électronique,H&M,187.2774382101528,Cyber Monday -35%,629,Luxe,305
Nike Air Max,Sport,IKEA,971.3709323519984,Aucune,419,Luxe,155
Nike Air Max,Électronique,Nike,-3.579115690229699,Aucune,451,Premium,351
Canapé IKEA Ektorp,Électronique,H&M,961.6772667062426,Cyber Monday -35%,526,Premium,1319
Vélo Décathlon,Maison,Samsung,1444.943332960699,Aucune,830,Premium,802
H&M T-Shirt,Alimentation,Chanel,-154.07441338433597,Aucune,174,Premium,374
Samsung Galaxy S24,Électronique,Terra Bio,-11.052450618570276,Aucune,1077,Luxe,512
Samsung Galaxy S24,Sport,Dyson,53.84901141399158,Aucune,866,Standard,258
Café Arabica,Maison,Lindt,41.09291493859223,Soldes -20%,2793,Standard,-1
Chocolat Lindt,Électronique,Lavazza,165.27580714442465,Soldes -20%,991,Standard,522
Parfum Chanel N°5,Mode,Apple,109.049545105096,Aucune,406,Standard,410
Adidas Survêtement,Alimentation,Philips,746.0350776807107,Soldes -20%,382,Standard,218
Huile d'Olive Bio,Électronique,Lindt,-32.81090899650104,Aucune,245,Luxe,1006
Canapé IKEA Ektorp,Électronique,Sony,386.29185456071554,Aucune,273,Luxe,462
MacBook Air M3,Sport,Zara,522.5816495217776,Soldes -30%,-71,Budget,985
Chocolat Lindt,Alimentation,H&M,-63.74865544034974,Aucune,147,Standard,126
Ballon Nike,Maison,Lindt,-168.62376662955177,Aucune,454,Budget,195
iPhone 15 Pro,Sport,Samsung,264.09363048732644,Aucune,171,Budget,3178
Vélo Décathlon,Sport,Samsung,488.21001045000764,Soldes -20%,302,Standard,316
Vélo Décathlon,Électronique,Décathlon,61.653796223098084,Promo Flash -25%,306,Premium,1078
Zara Veste Hiver,Mode,Lindt,117.11214768161392,Aucune,37,Budget,146
PlayStation 5,Maison,Terra Bio,50.86219170503502,Black Friday -40%,169,Standard,200
Chocolat Lindt,Alimentation,Nike,3.2467877178880755,Aucune,946,Premium,715
Huile d'Olive Bio,Sport,Terra Bio,281.8793661965772,Aucune,-16,Premium,575
Café Arabica,Mode,Apple,1122.6788078398781,Aucune,181,Standard,705
Crème L'Oréal,Mode,Samsung,137.83909315323763,Aucune,132,Luxe,37
Crème L'Oréal,Maison,Adidas,-41.053784657462586,Aucune,184,Standard,349
Zara Veste Hiver,Électronique,Dyson,797.515493684962,Soldes -30%,110,Premium,561
Vélo Décathlon,Mode,Adidas,153.19105109412814,Aucune,1032,Budget,-30
iPhone 15 Pro,Mode,Apple,765.3124486243761,Black Friday -40%,39,Premium,329
Aspirateur Dyson V15,Sport,Apple,-122.00595175205655,Soldes -30%,532,Budget,94
Vélo Décathlon,Mode,Apple,-30.810223378241474,Aucune,99,Luxe,677
Canapé IKEA Ektorp,Électronique,Samsung,484.0858379560666,Aucune,655,Luxe,478
Nike Air Max,Mode,Nike,-8.367715960008624,Aucune,771,Standard,344
MacBook Air M3,Mode,Sony,1012.2353500698799,Black Friday -40%,551,Standard,1577
Ballon Nike,Mode,Apple,503.03437132982685,Soldes -20%,420,Standard,272
MacBook Air M3,Alimentation,L'Oréal,272.5427678569654,Aucune,284,Première Commande,268
Lampe Philips Hue,Mode,Nike,160.85640428066472,Aucune,452,Premium,346
Lampe Philips Hue,Maison,Lindt,550.9138330008093,Soldes -50%,311,Budget,287
MacBook Air M3,Électronique,Danone,-85.30229511418278,Soldes -30%,660,Premium,1067
iPhone 15 Pro,Sport,Philips,265.34443155879,Aucune,992,Standard,443
Zara Veste Hiver,Maison,Apple,-49.37933855766474,Aucune,270,Premium,793
Lampe Philips Hue,Sport,Apple,80.47542670592594,Aucune,-82,Standard,235
Lampe Philips Hue,Électronique,Chanel,1725.6789751894948,Soldes -50%,310,Luxe,801
Lampe Philips Hue,Alimentation,Nike,98.24928419929472,Aucune,346,Luxe,882
Yaourt Nature,Mode,L'Oréal,-53.89135756477029,Aucune,321,Standard,455
Chocolat Lindt,Maison,IKEA,-54.95396323833825,Soldes -30%,1010,Luxe,1856
Adidas Survêtement,Beauté,Décathlon,62.125812997505065,Soldes -20%,109,Standard,445
AirPods Pro,Sport,Dyson,-72.61611539008987,Soldes -50%,323,Budget,345
Zara Veste Hiver,Maison,Adidas,-27.161535188447942,Soldes -20%,530,Premium,509
Café Arabica,Beauté,L'Oréal,-53.33164710940105,Cyber Monday -35%,372,Standard,458
MacBook Air M3,Mode,Apple,-22.452852679716827,Aucune,325,Premium,496
H&M T-Shirt,Mode,Samsung,32.434659004961865,Soldes -20%,612,Standard,361
MacBook Air M3,Mode,Dyson,-35.75911037201672,Soldes -50%,684,Premium,546
Adidas Survêtement,Mode,Apple,50.8756111786384,Aucune,281,Luxe,230
Zara Veste Hiver,Mode,Zara,1078.4513777383756,Aucune,314,Première Commande,462
iPhone 15 Pro,Électronique,Zara,-24.94573217621823,2ème à -50%,247,Premium,481
Adidas Survêtement,Sport,Nike,1054.6710830957907,Aucune,174,Standard,239
Yaourt Nature,Beauté,H&M,-32.59772573745279,2ème à -50%,1045,Premium,909
Nike Air Max,Mode,Samsung,-71.5035285374085,Aucune,218,Luxe,430
PlayStation 5,Maison,H&M,726.390873593848,Aucune,53,Budget,978
Lampe Philips Hue,Électronique,Chanel,186.95164807621916,Aucune,22,Premium,284
Chocolat Lindt,Maison,Zara,14.802071146316507,Aucune,209,Premium,378
Lampe Philips Hue,Mode,Dyson,13.837745386485082,Aucune,368,Budget,342
Samsung Galaxy S24,Alimentation,IKEA,-69.73467402260582,Soldes -50%,420,Premium,184
Adidas Survêtement,Alimentation,Lindt,897.9758074270333,2ème à -50%,544,Budget,419
Huile d'Olive Bio,Électronique,Dyson,-50.2569812791688,Soldes -20%,74,Standard,452
H&M T-Shirt,Maison,IKEA,-48.0515725553376,Aucune,834,Premium,990
PlayStation 5,Alimentation,Philips,604.0152225905867,Aucune,502,Premium,2083
Aspirateur Dyson V15,Mode,Terra Bio,-81.71476138835573,Soldes -20%,300,Luxe,881
Ballon Nike,Sport,Samsung,-114.11587241476838,Aucune,132,Première Commande,201
Vélo Décathlon,Électronique,Zara,257.34314990831115,Aucune,603,Premium,3809
Crème L'Oréal,Sport,IKEA,170.49158784821512,Aucune,126,Standard,-65
AirPods Pro,Maison,Dyson,1230.244533261161,2ème à -50%,284,Budget,95
AirPods Pro,Électronique,Dyson,263.1554545086185,Aucune,174,Premium,1846
Yaourt Nature,Sport,Décathlon,457.99078743956136,Aucune,-37,Budget,129
Aspirateur Dyson V15,Maison,Dyson,606.1287534705986,3 pour 2,979,Luxe,388
Huile d'Olive Bio,Alimentation,Lavazza,300.696908053775,Aucune,103,Standard,362
Lampe Philips Hue,Électronique,Zara,539.4107161752054,Soldes -50%,232,Luxe,1751
Parfum Chanel N°5,Alimentation,Zara,-13.807693583393473,Promo Flash -25%,631,Standard,515
Samsung Galaxy S24,Sport,H&M,69.88493949784736,Aucune,21,Première Commande,0
Vélo Décathlon,Beauté,Nike,372.77085027907503,Aucune,221,Budget,879
Vélo Décathlon,Mode,Danone,253.91257134078975,Soldes -20%,1008,Standard,445
Huile d'Olive Bio,Beauté,Lindt,-88.80643912434505,Aucune,1699,Standard,426
Chocolat Lindt,Alimentation,IKEA,617.0315657844769,Aucune,483,Budget,287
Adidas Survêtement,Mode,Lavazza,837.5093486087486,Aucune,742,Standard,325
AirPods Pro,Mode,IKEA,400.3127614320834,Promo Flash -25%,515,Luxe,918
Ballon Nike,Alimentation,Sony,409.4745095129806,Aucune,755,Standard,290
Huile d'Olive Bio,Alimentation,Terra Bio,-52.71616369713422,Promo Flash -25%,921,Première Commande,621
Canapé IKEA Ektorp,Beauté,Nike,79.36619861232532,Aucune,926,Première Commande,475
Aspirateur Dyson V15,Électronique,Sony,10.563626100596082,Aucune,348,Budget,989
MacBook Air M3,Beauté,Décathlon,-98.45334485510048,Aucune,278,Budget,287
MacBook Air M3,Mode,H&M,33.211368444922755,Aucune,1250,Première Commande,871
Lampe Philips Hue,Beauté,Sony,-80.52941537892009,Promo Flash -25%,224,Premium,534
Ballon Nike,Sport,Samsung,331.4046301448775,Aucune,32,Budget,4
Café Arabica,Mode,Nike,-2.913213216789565,Aucune,331,Standard,381
Parfum Chanel N°5,Électronique,Décathlon,94.68288300137601,Promo Flash -25%,790,Luxe,1818
Adidas Survêtement,Alimentation,Adidas,-95.21651045879821,Soldes -20%,279,Standard,397
PlayStation 5,Beauté,H&M,236.45962644761224,Black Friday -40%,1016,Premium,444
Huile d'Olive Bio,Électronique,Lavazza,1089.6197769917799,Aucune,553,Budget,427
Chocolat Lindt,Mode,Lavazza,1118.3727120163503,Soldes -20%,270,Premium,901
Crème L'Oréal,Alimentation,Décathlon,65.60877527941383,Aucune,488,Luxe,2218
PlayStation 5,Sport,Sony,22.420843591995702,Aucune,225,Luxe,249
Vélo Décathlon,Sport,Philips,290.47569643203497,Aucune,1098,Budget,727
Nike Air Max,Alimentation,Sony,8.679136437498528,3 pour 2,276,Première Commande,633
H&M T-Shirt,Mode,Lavazza,-94.55939541749751,Aucune,785,Budget,734
PlayStation 5,Électronique,Lindt,-90.04164284477562,3 pour 2,93,Budget,30
AirPods Pro,Alimentation,Décathlon,-0.3823282138465913,Promo Flash -25%,496,Budget,604
Adidas Survêtement,Mode,Chanel,353.6665832204229,Soldes -20%,146,Budget,289
Adidas Survêtement,Sport,Apple,-84.08792685546501,Aucune,-82,Budget,1092
Café Arabica,Alimentation,Nike,-398.2504833223215,Aucune,99,Standard,505
iPhone 15 Pro,Électronique,Nike,-92.71607495632509,Cyber Monday -35%,1143,Premium,3428
Adidas Survêtement,Sport,Sony,218.77932383045072,Aucune,281,Luxe,180
iPhone 15 Pro,Sport,IKEA,-63.93460564806452,Aucune,977,Standard,928
Yaourt Nature,Beauté,L'Oréal,1106.498184804734,Aucune,638,Standard,359
MacBook Air M3,Mode,Décathlon,720.8486443855322,Soldes -30%,392,Luxe,467
Vélo Décathlon,Alimentation,Danone,-111.28023354266864,3 pour 2,240,Budget,702
Café Arabica,Mode,Dyson,723.03186173126,Aucune,153,Premium,-3
Nike Air Max,Maison,Adidas,85.3881149292585,Aucune,338,Premium,711
Ballon Nike,Sport,L'Oréal,-48.790200934429635,Aucune,1822,Standard,330
Chocolat Lindt,Mode,Nike,152.89341403897342,Black Friday -40%,83,Budget,348
Vélo Décathlon,Électronique,Décathlon,279.54642881032663,Aucune,820,Premium,1060
Parfum Chanel N°5,Beauté,Nike,-93.72639967431499,Soldes -20%,147,Standard,442
Adidas Survêtement,Mode,Chanel,236.4662230635344,Aucune,295,Budget,150
H&M T-Shirt,Beauté,Nike,195.45220522125135,Soldes -20%,371,Premium,307
Café Arabica,Électronique,Nike,984.0275461807266,Aucune,914,Standard,407
PlayStation 5,Alimentation,Nike,221.56053979585636,Aucune,131,Luxe,385
Yaourt Nature,Sport,Décathlon,-72.1417811382746,Aucune,-46,Budget,210
Ballon Nike,Mode,Apple,827.8706945742288,Soldes -20%,89,Standard,529
Crème L'Oréal,Mode,L'Oréal,363.4848143959074,Aucune,362,Standard,-36
Huile d'Olive Bio,Électronique,Sony,118.88120596296238,Cyber Monday -35%,146,Standard,1072
Chocolat Lindt,Maison,Dyson,2.8724332043156124,Aucune,998,Première Commande,104
Yaourt Nature,Mode,Chanel,86.00441903122876,Aucune,732,Premium,895
MacBook Air M3,Électronique,Apple,409.2338258260983,Black Friday -40%,668,Premium,1811
Adidas Survêtement,Électronique,Adidas,-55.36860359262106,Aucune,332,Luxe,885
Aspirateur Dyson V15,Maison,Chanel,1003.0396706373947,Aucune,81,Budget,833
Chocolat Lindt,Électronique,Philips,1209.059983833349,Aucune,381,Budget,-34
PlayStation 5,Mode,Samsung,39.52220861771637,Aucune,1855,Standard,910
Lampe Philips Hue,Maison,Dyson,340.68503508959685,Aucune,1708,Luxe,256
Chocolat Lindt,Alimentation,Terra Bio,-82.30853748819504,Aucune,3043,Standard,530
Ballon Nike,Mode,Décathlon,156.69520730078136,Promo Flash -25%,391,Luxe,1338
H&M T-Shirt,Électronique,Terra Bio,13.096087626270219,Aucune,906,Première Commande,2429
Samsung Galaxy S24,Électronique,IKEA,159.69342587912104,Aucune,508,Luxe,217
Nike Air Max,Électronique,IKEA,988.5589243599986,Aucune,494,Première Commande,1130
Café Arabica,Alimentation,Zara,14.787228254521793,Aucune,-62,Budget,163
Parfum Chanel N°5,Sport,Sony,184.91188422295372,Aucune,738,Standard,849
MacBook Air M3,Alimentation,Chanel,0.4870608143517927,Aucune,224,Premium,993
PlayStation 5,Mode,Lindt,427.69373662228315,Aucune,36,Budget,2066
Adidas Survêtement,Mode,Décathlon,275.53995251715605,Soldes -30%,151,Premium,276
Aspirateur Dyson V15,Mode,Apple,220.24069038565196,Aucune,791,Premium,4823
AirPods Pro,Mode,Nike,686.0666437692037,Soldes -20%,509,Standard,317
Parfum Chanel N°5,Maison,Apple,-60.16590325514417,Soldes -20%,164,Standard,318
Aspirateur Dyson V15,Maison,Danone,388.9561174356956,Aucune,-33,Standard,224
Chocolat Lindt,Mode,Dyson,48.62459842662249,Aucune,597,Standard,165
Lampe Philips Hue,Mode,Décathlon,777.1044880436586,Aucune,210,Premium,840
Ballon Nike,Alimentation,Décathlon,386.63108988057394,Promo Flash -25%,251,Premium,352
Chocolat Lindt,Beauté,H&M,1114.117638724829,Aucune,285,Luxe,816
Parfum Chanel N°5,Électronique,Apple,1182.4515648798588,Cyber Monday -35%,2720,Luxe,223
Huile d'Olive Bio,Maison,Nike,514.913528707303,Soldes -20%,633,Premium,388
Yaourt Nature,Électronique,Décathlon,800.7559344177212,Aucune,248,Premium,441
Nike Air Max,Mode,Terra Bio,1400.5512390666615,Aucune,15,Standard,998
iPhone 15 Pro,Maison,Zara,-91.63310231843678,Aucune,345,Standard,485
Adidas Survêtement,Sport,Lindt,37.11551261930083,Aucune,1015,Standard,915
Vélo Décathlon,Beauté,H&M,786.5071699327846,Aucune,536,Premium,2
Parfum Chanel N°5,Électronique,Terra Bio,437.6577981147136,3 pour 2,476,Luxe,374
Vélo Décathlon,Mode,Sony,547.8639223976852,Aucune,114,Budget,484
Yaourt Nature,Mode,Apple,38.13424812550261,Aucune,184,Standard,464
Lampe Philips Hue,Mode,Lavazza,118.40750879966282,Aucune,442,Budget,960
AirPods Pro,Alimentation,Chanel,84.33564054775746,Aucune,795,Standard,258
Vélo Décathlon,Électronique,Zara,-3.690320451368237,Aucune,181,Budget,252
Café Arabica,Mode,Samsung,340.5949189262157,Aucune,1050,Budget,345
Crème L'Oréal,Mode,Lavazza,151.5491875515979,Aucune,243,Premium,693
Crème L'Oréal,Mode,Philips,867.6381023574434,Aucune,143,Standard,17
AirPods Pro,Sport,Nike,51.01046653001589,Aucune,2492,Luxe,352
Samsung Galaxy S24,Mode,Terra Bio,101.89809611179663,Aucune,258,Standard,506
Aspirateur Dyson V15,Mode,Adidas,-9.08840644961186,Aucune,431,Budget,374
Adidas Survêtement,Sport,Adidas,1248.3552315670315,Soldes -20%,815,Premium,-2
Samsung Galaxy S24,Électronique,Adidas,-79.34328261642288,Aucune,1151,Budget,412
Zara Veste Hiver,Sport,Apple,59.719963765521015,Soldes -20%,526,Budget,187
Café Arabica,Électronique,Nike,1162.446775962359,Aucune,1321,Premium,452
H&M T-Shirt,Électronique,L'Oréal,-100.3281938549514,Aucune,239,Budget,208
Zara Veste Hiver,Mode,Lindt,479.64269780709645,Soldes -30%,501,Standard,619
Vélo Décathlon,Électronique,L'Oréal,-11.845613225458813,Soldes -20%,472,Première Commande,835
Adidas Survêtement,Mode,Chanel,345.7209969297313,Aucune,36,Premium,109
Vélo Décathlon,Alimentation,Nike,72.7577614040784,Aucune,347,Budget,565
Vélo Décathlon,Alimentation,Dyson,282.74805462613904,Aucune,421,Budget,241
Lampe Philips Hue,Sport,Lavazza,216.07166671039934,Aucune,419,Budget,389
Chocolat Lindt,Mode,Terra Bio,248.40124908804205,3 pour 2,444,Standard,236
Aspirateur Dyson V15,Électronique,Samsung,595.7738564666008,Aucune,923,Standard,870
Zara Veste Hiver,Électronique,Nike,-63.94968004063901,Aucune,-209,Budget,993
Canapé IKEA Ektorp,Mode,Apple,86.68606404903393,Aucune,238,Luxe,110
PlayStation 5,Alimentation,Apple,372.0751141779918,Aucune,87,Standard,4028
H&M T-Shirt,Mode,Samsung,498.52644117628034,Soldes -20%,312,Budget,41
Parfum Chanel N°5,Électronique,Samsung,306.14467957826207,Soldes -20%,892,Premium,182
Vélo Décathlon,Mode,Décathlon,756.9206134825056,Soldes -20%,953,Premium,623
iPhone 15 Pro,Maison,Dyson,442.20786093147024,Aucune,311,Luxe,446
Chocolat Lindt,Électronique,Chanel,418.6309424786628,Aucune,313,Luxe,629
Yaourt Nature,Mode,Sony,125.87553580576707,Aucune,335,Premium,423
Parfum Chanel N°5,Mode,Décathlon,22.89790981629516,Black Friday -40%,801,Premium,428
Vélo Décathlon,Électronique,Nike,-2.0722774206469623,Aucune,220,Budget,144
Huile d'Olive Bio,Mode,Nike,401.82007936071466,Aucune,-18,Budget,231
iPhone 15 Pro,Électronique,Samsung,131.96087881047814,Aucune,381,Premium,796
Samsung Galaxy S24,Maison,Décathlon,1286.2850477671234,Aucune,745,Luxe,358
Lampe Philips Hue,Sport,Apple,366.7559941796977,Soldes -20%,297,Standard,86
Huile d'Olive Bio,Alimentation,Chanel,50.18950951035205,Aucune,-7,Premium,879
Adidas Survêtement,Électronique,Adidas,-45.93440104081523,Aucune,306,Standard,796
PlayStation 5,Beauté,Adidas,-30.99580596014033,Aucune,470,Standard,90
Yaourt Nature,Beauté,Décathlon,-44.180806129899054,Black Friday -40%,415,Standard,684
H&M T-Shirt,Électronique,Nike,15.623913398611972,Cyber Monday -35%,438,Budget,168
Zara Veste Hiver,Beauté,Terra Bio,417.7168178367822,Aucune,2463,Standard,1001
Huile d'Olive Bio,Électronique,Dyson,-7.20226695293546,Aucune,253,Premium,981
iPhone 15 Pro,Alimentation,Décathlon,817.569165763511,3 pour 2,297,Luxe,1062
Adidas Survêtement,Alimentation,Apple,-59.179884038074306,Aucune,28,Standard,314
H&M T-Shirt,Sport,Samsung,858.8849907533605,Aucune,360,Premium,287
PlayStation 5,Beauté,Dyson,260.04639812516143,Promo Flash -25%,394,Premium,2652
H&M T-Shirt,Alimentation,Samsung,-22.94393092401822,Aucune,268,Premium,647
