nom,prenom,genre,Date_de_naissance,Lieu_de_naissance,nationalite,ville,pays,age
Mahmoud,Marie,F,2020-06-22,Option C,Américaine,Madrid,USA,32
Laurent,Jessica,F,2023-11-06,Option A,Américaine,Rome,Égypte,53
El Amrani,Luc,M,2022-06-29,Option B,Canadienne,Tanger,Allemagne,61
Miller,John,M,2022-09-14,Option A,Américaine,Montreal,Égypte,43
Wilson,John,M,2021-06-26,Option C,Marocaine,Tokyo,UK,30
Brown,Louis,M,2021-07-29,Option B,Marocaine,Montreal,Inde,33
Rodriguez,Aicha,M,2023-05-26,Option C,Japonaise,Tanger,Brésil,24
Ibrahim,Julien,M,2021-12-01,Option C,Française,Madrid,Inde,48
Jones,Fatima,F,2022-12-16,Option A,Française,New York,USA,46
Othmani,Antoine,F,2023-04-10,Option C,Canadienne,Rabat,Allemagne,63
Richard,Rachid,M,2021-08-05,Option B,Américaine,Bruxelles,Allemagne,29
Moreau,Ikram,F,2021-05-28,Option B,Américaine,Rabat,Australie,37
Jones,Marc,F,2023-01-06,Option A,Française,Genève,UK,37
Miller,Antoine,M,2023-01-16,Option B,Canadienne,Lyon,UK,43
Martin,Élodie,F,2022-10-14,Option A,Américaine,Marseille,Tunisie,60
Martin,Laila,M,2022-05-04,Option C,Canadienne,Bruxelles,UK,32
Williams,Nicolas,M,2020-02-11,Option C,Japonaise,Fès,Maroc,49
Jones,Susan,M,2021-01-25,Option A,Française,Lyon,Égypte,36
Dubois,Robert,M,2021-10-19,Option B,Française,Bruxelles,Australie,38
Miller,Mary,F,2022-03-09,Option A,Allemande,Rabat,Japon,55
Essadiq,Thomas,F,2021-08-29,Option C,Marocaine,Genève,UK,49
Benali,Sarah,M,2020-12-02,Option C,Marocaine,Berlin,Mexique,23
Essadiq,Samir,F,2022-04-07,Option A,Marocaine,Tétouan,Inde,47
Wilson,Omar,M,2023-05-13,Option C,Marocaine,Madrid,Canada,27
Garcia,Zineb,M,2022-07-18,Option C,Japonaise,Rabat,Allemagne,60
Dupont,Rachid,M,2021-08-05,Option B,Canadienne,Marrakech,Égypte,63
Fathy,Léa,M,2023-02-03,Option A,Française,Tanger,Égypte,24
Martin,Marc,M,2023-11-16,Option B,Française,Toulouse,Égypte,27
Miller,Thomas,M,2023-01-26,Option B,Française,Rabat,UK,49
Durand,Camille,F,2022-07-23,Option B,Française,Kenitra,Allemagne,59
Davis,Fatima,F,2022-06-09,Option C,Française,Rabat,Portugal,62
Fathy,Marwa,F,2020-12-17,Option C,Canadienne,Tanger,Tunisie,28
Hassan,Robert,F,2023-04-21,Option C,Canadienne,Montreal,Espagne,36
Smith,Mehdi,M,2022-07-13,Option C,Marocaine,New York,UK,48
Jones,Camille,F,2020-10-22,Option A,Française,Tanger,Mexique,60
El Amrani,Ali,F,2020-11-15,Option A,Française,Berlin,Italie,31
Smith,Joseph,F,2022-10-30,Option C,Américaine,Marrakech,Égypte,62
Mohamed,Ali,M,2020-09-19,Option A,Marocaine,Marrakech,Mexique,52
Benali,Karen,M,2021-09-15,Option C,Américaine,Rabat,Japon,31
El Amrani,Nour,M,2022-02-07,Option B,Espagnole,Rabat,Espagne,63
Martin,Jean,F,2021-01-16,Option B,Canadienne,Rome,Brésil,53
El Idrissi,Sarah,F,2021-04-21,Option A,Marocaine,Bordeaux,Espagne,25
Moreau,Michael,M,2020-09-15,Option C,Française,Rabat,Brésil,31
Dubois,Marc,F,2021-11-30,Option B,Française,Lisbonne,Australie,23
Miller,Marwa,F,2023-12-05,Option B,Canadienne,Marseille,UK,39
Richard,Elizabeth,F,2020-05-28,Option C,Française,Genève,USA,31
Smith,Antoine,M,2022-03-25,Option B,Américaine,Rabat,Australie,51
Benali,Julie,M,2021-04-20,Option C,Marocaine,Tanger,UK,30
Dubois,Mathieu,F,2023-09-27,Option C,Canadienne,Marseille,UK,50
Jones,Karen,F,2020-12-21,Option C,Canadienne,Rabat,USA,40
Robert,Jessica,F,2020-02-04,Option C,Marocaine,Marrakech,Chine,51
Dupont,Mary,F,2020-12-16,Option B,Allemande,Marseille,Allemagne,23
Smith,Mary,F,2022-05-25,Option C,Japonaise,Casablanca,Égypte,35
Bernard,Pierre,M,2022-09-06,Option B,Américaine,Bruxelles,Australie,29
Mohamed,Léa,M,2023-05-08,Option B,Canadienne,Rabat,Allemagne,31
Richard,Joseph,F,2022-01-17,Option B,Canadienne,Rome,Portugal,22
Martin,Ahmed,F,2023-02-16,Option B,Française,Lyon,Espagne,22
Martin,Zineb,M,2020-04-16,Option A,Française,Casablanca,Suisse,23
Martin,Christopher,M,2023-12-30,Option B,Japonaise,Fès,Égypte,45
Dubois,Amina,F,2020-08-04,Option B,Allemande,Lyon,UK,23
Mahmoud,Camille,M,2020-05-30,Option B,Canadienne,Marrakech,USA,38
Petit,Zineb,F,2020-01-31,Option C,Marocaine,Kenitra,Australie,34
Garcia,Patricia,F,2021-05-12,Option B,Allemande,Kenitra,Égypte,36
El Haddad,John,M,2022-01-14,Option C,Américaine,Kenitra,Inde,35
El Idrissi,Zineb,M,2023-04-19,Option C,Espagnole,Madrid,Allemagne,33
Jones,David,M,2022-03-11,Option C,Canadienne,Rabat,Australie,42
Wilson,Julie,F,2022-12-29,Option B,Française,Londres,Allemagne,41
Khaled,Mathieu,M,2020-11-16,Option A,Canadienne,Bordeaux,Japon,31
Miller,Sanae,F,2020-03-23,Option C,Française,Rabat,UK,62
Martin,Pierre,M,2021-07-18,Option C,Canadienne,Bordeaux,Chine,58
Miller,Ikram,F,2021-10-08,Option B,Canadienne,Meknès,USA,45
Laurent,Karen,F,2023-12-30,Option C,Canadienne,Meknès,UK,23
Adel,Amina,F,2023-08-04,Option B,Canadienne,Berlin,Japon,59
Jones,Mathieu,F,2020-02-05,Option B,Américaine,New York,UK,27
Miller,Joseph,F,2020-01-28,Option C,Marocaine,Meknès,France,20
Robert,Mehdi,F,2020-10-14,Option C,Américaine,Madrid,Chine,58
Robert,Jennifer,F,2023-10-30,Option C,Japonaise,Tétouan,Mexique,58
Robert,Mathieu,M,2020-08-18,Option C,Marocaine,New York,Australie,40
Johnson,Hugo,M,2020-11-28,Option B,Française,Oujda,Italie,59
Moreau,Jennifer,F,2021-09-04,Option B,Canadienne,Rabat,UK,44
Robert,Joseph,F,2022-02-25,Option B,Canadienne,Paris,Portugal,37
Bernard,Zineb,M,2020-06-04,Option C,Marocaine,Londres,Argentine,34
Johnson,Rachid,M,2021-01-17,Option C,Canadienne,Madrid,Belgique,30
Laurent,Hugo,M,2021-06-03,Option B,Canadienne,Casablanca,Australie,33
Martin,Karim,M,2021-04-30,Option B,Marocaine,Londres,Australie,38
Bernard,Susan,F,2022-04-06,Option B,Canadienne,Oujda,Australie,30
Smith,Mary,M,2020-10-17,Option C,Américaine,Kenitra,Australie,51
Brown,Sophie,M,2021-03-31,Option C,Canadienne,Madrid,Brésil,47
Ibrahim,Karim,M,2022-02-12,Option A,Américaine,Rabat,Brésil,32
Ibrahim,Jean,F,2020-06-01,Option B,Française,Berlin,Espagne,47
Smith,Mehdi,M,2023-09-03,Option A,Canadienne,Fès,Argentine,32
Lahlou,Barbara,F,2021-03-27,Option B,Canadienne,Kenitra,UK,46
Miller,James,F,2020-02-23,Option B,Française,Montreal,Belgique,60
Mohamed,Michael,M,2022-03-16,Option B,Espagnole,Bruxelles,Belgique,40
Robert,Joseph,M,2021-12-07,Option A,Française,Kenitra,Allemagne,59
Khaled,Marie,F,2020-01-14,Option A,Canadienne,Marseille,Brésil,60
Davis,Omar,F,2023-12-18,Option B,Espagnole,Toulouse,Australie,41
Dubois,Antoine,M,2021-10-18,Option B,Japonaise,New York,Australie,52
Williams,Pierre,F,2022-06-10,Option A,Française,Lisbonne,Brésil,23
Petit,James,F,2021-05-10,Option C,Allemande,Paris,Australie,38
Mohamed,Sophie,F,2022-05-20,Option B,Canadienne,Rome,Argentine,40
Adel,James,M,2022-01-28,Option B,Française,Rabat,Égypte,32
Smith,Rachid,F,2023-08-17,Option A,Marocaine,Lyon,Suisse,53
Ibrahim,Ikram,F,2022-07-23,Option B,Espagnole,Rabat,Japon,27
Miller,Susan,F,2020-02-06,Option C,Marocaine,Fès,Chine,45
Martin,Ali,F,2020-06-12,Option B,Française,Bruxelles,Espagne,20
Jones,Mathieu,F,2020-07-15,Option B,Allemande,Madrid,Brésil,33
Rodriguez,Youssef,F,2022-01-30,Option B,Française,Lyon,France,60
Smith,Ahmed,M,2021-06-27,Option C,Américaine,Toulouse,Japon,51
Jones,Nicolas,F,2021-08-26,Option C,Canadienne,Berlin,Italie,36
Johnson,Elizabeth,F,2021-03-09,Option A,Marocaine,Marrakech,Canada,46
Miller,Susan,F,2020-08-13,Option B,Espagnole,Rabat,Japon,31
Martin,Christopher,M,2021-03-19,Option C,Française,Madrid,Chine,27
Othmani,Antoine,F,2023-03-08,Option B,Marocaine,Kenitra,Italie,37
Moreau,Ahmed,M,2021-09-26,Option A,Canadienne,Rabat,Chine,20
Garcia,David,M,2022-09-20,Option C,Française,Rabat,Australie,57
Essadiq,Fatima,F,2021-05-22,Option B,Canadienne,Rome,Australie,65
Jones,Mohamed,F,2020-06-11,Option C,Japonaise,Rome,Suisse,55
Miller,Louis,F,2022-12-09,Option A,Marocaine,Oujda,Italie,36
El Idrissi,Ikram,F,2021-04-02,Option A,Canadienne,Kenitra,France,23
Rodriguez,Zineb,F,2022-05-08,Option B,Française,Paris,USA,45
Garcia,James,M,2023-11-27,Option C,Française,Montreal,Australie,41
Miller,Patricia,F,2020-10-19,Option A,Japonaise,Kenitra,USA,31
Jones,Hugo,F,2022-04-02,Option C,Française,Paris,UK,33
Bernard,Hassan,F,2022-07-04,Option C,Canadienne,Meknès,Espagne,39
Brown,Karim,F,2021-06-06,Option C,Marocaine,Meknès,Brésil,48
Jones,Ikram,F,2023-08-21,Option B,Française,Marseille,Brésil,39
Jones,William,M,2021-03-15,Option C,Canadienne,Marseille,UK,48
El Amrani,Daniel,M,2021-04-11,Option C,Américaine,Genève,Maroc,39
Rodriguez,Barbara,F,2022-12-02,Option C,Canadienne,Oujda,Australie,34
Miller,Linda,F,2023-10-04,Option A,Espagnole,Berlin,Espagne,46
Jones,Chloé,M,2022-12-08,Option C,Marocaine,Lisbonne,Espagne,40
Johnson,Chloé,F,2021-01-09,Option B,Canadienne,Agadir,UK,23
Garcia,Ahmed,F,2020-03-09,Option C,Américaine,Marrakech,Allemagne,61
Laurent,Aicha,M,2020-03-21,Option B,Marocaine,Marrakech,Belgique,46
Smith,Karim,F,2020-05-21,Option C,Française,Tanger,Espagne,25
Durand,Fatima,F,2020-09-30,Option C,Canadienne,Paris,Canada,53
Garcia,Zineb,M,2020-06-29,Option B,Japonaise,Bordeaux,Australie,45
Williams,Ahmed,M,2022-01-31,Option C,Marocaine,Montreal,Maroc,61
Dupont,Sophie,F,2020-08-14,Option B,Américaine,Montreal,Suisse,25
Dupont,Sarah,F,2020-03-26,Option C,Japonaise,New York,Italie,38
Khaled,Karim,F,2023-07-17,Option A,Française,Bordeaux,Suisse,35
Mahmoud,Ahmed,M,2023-04-02,Option B,Américaine,Meknès,USA,60
Williams,Salma,F,2023-09-04,Option C,Marocaine,Madrid,Australie,61
Martin,Jennifer,F,2023-05-17,Option B,Canadienne,Tétouan,Suisse,60
Durand,Susan,M,2020-08-31,Option C,Américaine,Bordeaux,Italie,21
Richard,Jessica,F,2021-09-28,Option B,Canadienne,Rome,Espagne,29
Laurent,Karim,M,2021-12-21,Option B,Américaine,Fès,Australie,61
Durand,Nour,M,2023-06-22,Option C,Marocaine,Berlin,Brésil,34
Durand,Antoine,M,2020-03-10,Option C,Japonaise,Bordeaux,Mexique,62
Dubois,James,M,2020-12-31,Option B,Française,Lisbonne,Allemagne,48
Jones,Léa,F,2021-08-17,Option A,Canadienne,Kenitra,USA,24
Hassan,Aicha,M,2022-07-29,Option C,Américaine,Fès,UK,24
Brown,Zineb,F,2023-12-18,Option B,Canadienne,Berlin,UK,49
Ibrahim,Marwa,F,2022-02-20,Option B,Française,Paris,Allemagne,25
Robert,Julien,F,2023-04-09,Option A,Marocaine,Bordeaux,Allemagne,25
Martin,Joseph,M,2022-03-02,Option C,Française,Tanger,Brésil,63
Dupont,Jennifer,F,2021-03-22,Option C,Marocaine,Rabat,UK,50
Rodriguez,James,F,2022-06-05,Option B,Marocaine,Tokyo,Australie,40
Wilson,Nicolas,F,2021-06-05,Option B,Américaine,Lyon,Canada,31
Dubois,Ahmed,F,2023-12-27,Option B,Espagnole,Berlin,Belgique,51
Martin,James,F,2021-04-14,Option C,Marocaine,Toulouse,Belgique,36
Rodriguez,Joseph,F,2023-12-09,Option B,Canadienne,Marrakech,Inde,45
Petit,Luc,M,2023-04-02,Option B,Française,Montreal,Allemagne,43
Williams,Jennifer,F,2021-02-15,Option A,Française,Paris,UK,61
Garcia,John,M,2020-12-28,Option C,Américaine,Rabat,Australie,34
Bernard,Pierre,F,2020-08-10,Option B,Espagnole,Rabat,Égypte,22
Benali,Ahmed,F,2020-06-22,Option C,Française,Madrid,UK,60
Mouline,Julien,F,2021-10-15,Option A,Française,Kenitra,Brésil,50
Richard,Nicolas,M,2022-12-13,Option C,Canadienne,New York,Chine,39
Dubois,Marwa,M,2023-07-11,Option C,Américaine,Rome,Argentine,59
Moreau,Claire,F,2020-01-17,Option B,Canadienne,Marseille,Égypte,34
El Amrani,Michael,F,2023-07-07,Option A,Américaine,Montreal,Australie,61
Martin,Hugo,M,2021-06-17,Option A,Française,Rabat,USA,34
Smith,Zineb,M,2021-06-22,Option B,Marocaine,Madrid,France,39
Fathy,Christopher,M,2023-03-21,Option C,Japonaise,Meknès,USA,50
Lahlou,Jennifer,F,2023-08-17,Option B,Française,Rabat,Portugal,44
Smith,Michael,M,2023-03-23,Option C,Japonaise,Agadir,Espagne,47
Fathy,Jean,M,2023-03-08,Option C,Espagnole,Oujda,Tunisie,32
Miller,Luc,F,2023-06-05,Option A,Française,Oujda,USA,59
Khaled,Joseph,M,2022-02-18,Option A,Espagnole,Rabat,Canada,21
Jones,Joseph,F,2023-04-20,Option C,Japonaise,Casablanca,Chine,23
Johnson,Patricia,F,2021-09-17,Option A,Française,Lisbonne,UK,24
Laurent,Claire,F,2022-11-22,Option C,Canadienne,Marseille,Argentine,47
Hassan,Joseph,M,2021-05-08,Option C,Espagnole,Tétouan,Chine,22
Robert,Jessica,F,2020-06-03,Option C,Espagnole,Oujda,Espagne,44
Smith,Youssef,F,2020-04-08,Option B,Américaine,New York,Espagne,32
Dubois,Patricia,F,2022-05-24,Option A,Française,Kenitra,UK,23
Robert,Élodie,F,2023-12-09,Option C,Américaine,Madrid,Tunisie,63
Smith,Susan,F,2021-12-25,Option A,Japonaise,Bruxelles,Australie,37
Dubois,Ahmed,M,2020-12-18,Option B,Française,Montreal,Allemagne,47
Adel,Emma,F,2021-12-08,Option A,Japonaise,Agadir,Tunisie,37
Petit,Mathieu,M,2022-01-29,Option C,Japonaise,Agadir,Mexique,54
Durand,Karim,M,2021-01-23,Option C,Française,Tanger,Égypte,33
Brown,Aicha,M,2021-08-11,Option C,Japonaise,Montreal,Japon,42
Mohamed,David,F,2023-05-07,Option B,Française,Rabat,Espagne,30
Bernard,Mohamed,M,2023-05-09,Option C,Américaine,Bordeaux,Belgique,46
Chentouf,William,M,2021-01-16,Option C,Canadienne,Madrid,France,40
Dubois,Nicolas,M,2020-05-27,Option C,Marocaine,Paris,Tunisie,37
Dubois,Robert,F,2021-02-03,Option C,Marocaine,Marseille,Brésil,61
El Haddad,David,F,2020-11-12,Option C,Américaine,Paris,Australie,46
Dubois,Salma,F,2020-01-26,Option B,Japonaise,Fès,Espagne,47
Miller,Hugo,M,2022-04-22,Option A,Américaine,Rome,Suisse,22
Petit,Luc,M,2022-03-17,Option B,Américaine,Lisbonne,USA,22
Davis,Elizabeth,M,2021-03-12,Option C,Espagnole,Rabat,UK,24
Martin,Sanae,F,2021-12-27,Option A,Française,Marseille,USA,45
Essadiq,Michael,M,2022-09-19,Option C,Marocaine,Lyon,Égypte,59
Brown,Karim,F,2020-02-01,Option C,Française,Kenitra,Japon,57
Hassan,Léa,F,2023-08-14,Option C,Marocaine,Lisbonne,France,28
Davis,Jessica,F,2020-09-13,Option B,Française,Londres,Canada,51
Dubois,Julien,M,2023-10-14,Option C,Française,Oujda,Suisse,23
Smith,Pierre,F,2021-05-11,Option C,Canadienne,Berlin,Tunisie,43
Jones,Emma,F,2023-12-24,Option B,Allemande,Marseille,UK,60
Othmani,Robert,F,2021-06-11,Option C,Marocaine,Tanger,Chine,35
Robert,Susan,M,2020-08-24,Option A,Japonaise,Bruxelles,Argentine,58
Smith,Luc,M,2022-10-08,Option C,Marocaine,Bruxelles,France,31
Mouline,Louis,F,2023-05-04,Option B,Française,Rome,Japon,58
Dupont,Jessica,M,2021-10-18,Option C,Marocaine,New York,Égypte,31
Smith,Ahmed,F,2022-05-30,Option C,Japonaise,Rabat,UK,28
Richard,Claire,M,2022-05-08,Option A,Marocaine,Lisbonne,Brésil,50
El Amrani,Susan,M,2020-12-31,Option C,Marocaine,New York,Allemagne,37
Richard,William,F,2020-08-11,Option C,Française,Rome,Australie,64
Mohamed,Antoine,M,2020-02-08,Option B,Canadienne,Bruxelles,Chine,61
Richard,Hassan,M,2021-12-08,Option C,Marocaine,Rome,Australie,27
Richard,Claire,M,2023-12-24,Option C,Française,Casablanca,Japon,39
Martin,Sarah,M,2021-07-13,Option B,Française,Marseille,UK,48
Martin,Marwa,M,2023-12-19,Option B,Allemande,Bruxelles,Espagne,49
Mouline,Barbara,F,2021-10-05,Option C,Espagnole,Kenitra,Chine,35
Jones,Salma,F,2022-03-06,Option C,Marocaine,Kenitra,Espagne,45
Laurent,Jennifer,F,2022-01-12,Option C,Marocaine,Meknès,UK,60
Moreau,John,F,2021-09-27,Option B,Marocaine,Marseille,Japon,31
Johnson,Karim,F,2023-03-14,Option A,Canadienne,Rabat,Australie,35
Miller,Sarah,F,2021-02-12,Option C,Allemande,Kenitra,Brésil,32
Williams,Mohamed,M,2022-05-03,Option C,Française,Kenitra,UK,30
Martin,Ikram,F,2020-07-01,Option C,Japonaise,Kenitra,Belgique,21
Khaled,Rachid,F,2023-09-15,Option C,Marocaine,Marseille,Brésil,35
Miller,Ikram,F,2022-03-05,Option C,Marocaine,Meknès,Italie,21
Benali,Nicolas,F,2023-07-20,Option C,Marocaine,Casablanca,Mexique,61
Garcia,Jessica,M,2020-08-29,Option A,Française,Montreal,Australie,36
Richard,Nicolas,M,2020-07-18,Option B,Américaine,Tokyo,Chine,58
Rodriguez,James,F,2021-09-19,Option C,Française,Lisbonne,Suisse,41
Petit,Mathieu,F,2020-03-21,Option C,Japonaise,Lyon,Espagne,35
Mohamed,Elizabeth,M,2021-02-22,Option A,Américaine,Marseille,Chine,33
Mohamed,Karim,F,2022-10-26,Option B,Allemande,Londres,Italie,40
Martin,Christopher,M,2021-04-13,Option B,Française,Rabat,Égypte,40
Jones,Thomas,F,2021-01-17,Option C,Marocaine,Madrid,Allemagne,27
Martin,Jean,M,2021-01-26,Option B,Française,Kenitra,Allemagne,23
Dubois,Aicha,F,2022-04-23,Option C,Allemande,Meknès,Chine,63
Petit,Linda,M,2020-09-22,Option C,Américaine,Meknès,Égypte,24
Martin,Michael,M,2023-06-20,Option B,Américaine,Oujda,USA,31
Garcia,Sophie,M,2021-06-17,Option C,Japonaise,Lyon,Suisse,25
Brown,Mehdi,M,2020-07-10,Option C,Marocaine,Bordeaux,Mexique,45
Adel,Hugo,M,2022-10-30,Option B,Française,Rabat,Espagne,25
Davis,Susan,M,2021-10-23,Option C,Canadienne,New York,UK,55
Dupont,Robert,F,2020-04-08,Option B,Canadienne,Kenitra,Japon,28
Jones,Zineb,M,2020-07-12,Option B,Canadienne,New York,UK,60
El Amrani,Mehdi,M,2020-12-08,Option C,Marocaine,Kenitra,Japon,38
Jones,Joseph,F,2022-06-21,Option B,Canadienne,Madrid,Chine,29
Richard,Joseph,M,2022-05-02,Option C,Française,Lisbonne,Australie,23
Smith,Pierre,F,2022-02-16,Option A,Française,Tétouan,Brésil,47
Adel,Michael,M,2020-12-30,Option B,Française,Kenitra,Égypte,60
Williams,Sophie,F,2023-08-30,Option A,Canadienne,Rabat,France,62
Johnson,Karim,M,2023-10-01,Option C,Française,Madrid,Inde,39
Robert,David,F,2020-08-28,Option B,Canadienne,Madrid,UK,48
Smith,Camille,F,2022-12-30,Option C,Canadienne,Toulouse,Inde,57
Garcia,Hugo,M,2020-12-16,Option B,Allemande,Lyon,Italie,32
Martin,Karen,M,2020-02-08,Option B,Américaine,Meknès,Portugal,42
Adel,Susan,M,2022-12-17,Option A,Américaine,Lyon,Australie,26
Essadiq,Sarah,F,2023-09-17,Option C,Américaine,Bruxelles,France,42
Garcia,Michael,M,2023-06-01,Option A,Américaine,Marseille,USA,23
Davis,Louis,M,2020-03-10,Option B,Américaine,Londres,Australie,59
Jones,Michael,F,2023-01-17,Option A,Canadienne,Kenitra,Argentine,63
Mahmoud,Hugo,M,2020-05-19,Option C,Espagnole,Madrid,Chine,55
Garcia,Nicolas,F,2022-11-25,Option C,Canadienne,Kenitra,UK,21
Martin,William,F,2020-02-09,Option A,Japonaise,Montreal,Australie,62
Laurent,Claire,F,2023-05-31,Option B,Française,Agadir,UK,47
Miller,Hugo,F,2022-04-14,Option B,Allemande,Bruxelles,UK,49
Brown,Karim,M,2021-09-09,Option B,Canadienne,Rome,Espagne,53
Richard,Karim,M,2020-09-15,Option B,Américaine,Bruxelles,Allemagne,51
Richard,Jennifer,F,2020-07-12,Option C,Canadienne,Madrid,Tunisie,44
Davis,Rachid,F,2021-08-13,Option C,Marocaine,Meknès,UK,25
Richard,Marc,M,2023-07-20,Option C,Espagnole,Rome,Espagne,22
Mohamed,Marc,M,2021-11-28,Option B,Française,Tokyo,Mexique,23
El Amrani,Robert,M,2020-10-22,Option A,Française,Rabat,Japon,41
Petit,Antoine,F,2022-12-10,Option C,Marocaine,Meknès,UK,39
Smith,Jean,M,2020-04-19,Option C,Marocaine,Madrid,Maroc,36
Miller,Sophie,F,2023-11-13,Option C,Marocaine,Agadir,Australie,58
Chentouf,William,F,2022-02-02,Option B,Canadienne,Bruxelles,UK,29
Rodriguez,John,F,2021-01-09,Option B,Espagnole,Bruxelles,Australie,41
Miller,John,F,2022-01-15,Option C,Espagnole,Casablanca,Brésil,42
Mohamed,James,M,2021-09-19,Option C,Canadienne,Bordeaux,Canada,51
Laurent,James,F,2020-04-08,Option A,Marocaine,Paris,Chine,30
Robert,Julien,F,2020-06-13,Option B,Canadienne,Kenitra,Tunisie,62
Martin,Amina,M,2020-03-11,Option C,Allemande,Tétouan,Allemagne,21
El Amrani,Julien,M,2020-03-21,Option B,Marocaine,Montreal,Belgique,33
Brown,Michael,F,2023-10-17,Option A,Canadienne,Lisbonne,Belgique,31
Williams,Amina,M,2022-02-15,Option B,Française,Casablanca,Argentine,59
Williams,Samir,M,2023-04-17,Option A,Canadienne,Kenitra,Inde,26
Martin,Jessica,F,2023-09-25,Option C,Espagnole,Montreal,Canada,59
Bernard,Claire,F,2020-11-21,Option B,Française,Oujda,Italie,27
Martin,Marc,M,2022-08-27,Option C,Marocaine,Agadir,Allemagne,43
Robert,Rachid,F,2022-01-10,Option C,Marocaine,Casablanca,Japon,62
Miller,Ahmed,F,2021-03-11,Option C,Canadienne,Kenitra,Tunisie,62
Bernard,Patricia,F,2022-09-16,Option C,Canadienne,Kenitra,Allemagne,38
Johnson,Michael,M,2022-09-26,Option C,Française,Meknès,Allemagne,60
El Idrissi,Karen,F,2020-05-12,Option A,Canadienne,Tanger,Canada,39
Mouline,Elizabeth,F,2020-07-10,Option C,Canadienne,Kenitra,UK,22
Davis,Claire,M,2022-06-07,Option C,Marocaine,Rabat,UK,37
Othmani,Susan,F,2020-12-30,Option B,Marocaine,Marseille,Espagne,47
Rodriguez,Elizabeth,F,2022-08-18,Option A,Canadienne,Paris,UK,36
Richard,Susan,F,2021-06-16,Option A,Canadienne,Oujda,Espagne,64
El Haddad,Salma,F,2022-07-16,Option B,Canadienne,New York,Canada,33
Rodriguez,David,F,2022-07-11,Option B,Canadienne,Agadir,Chine,31
Miller,Rachid,M,2020-06-30,Option B,Française,Rabat,Australie,34
Williams,Karim,M,2022-02-03,Option C,Canadienne,Paris,Australie,43
Garcia,Linda,M,2020-02-27,Option B,Marocaine,Meknès,Australie,45
Petit,Zineb,M,2020-08-20,Option C,Marocaine,Meknès,Brésil,60
Garcia,Jennifer,M,2023-11-29,Option B,Marocaine,Casablanca,Inde,46
Durand,Amina,F,2022-06-18,Option C,Marocaine,Paris,Mexique,23
Robert,Barbara,M,2023-01-18,Option C,Marocaine,Oujda,Suisse,59
Dupont,Ahmed,M,2022-09-07,Option C,Marocaine,Oujda,UK,62
Garcia,Elizabeth,M,2021-08-14,Option C,Marocaine,Madrid,Australie,34
El Haddad,Jennifer,F,2022-09-26,Option C,Espagnole,Toulouse,Australie,42
Bernard,Jennifer,F,2021-05-08,Option A,Marocaine,Agadir,Chine,52
Fathy,Ikram,F,2021-08-10,Option A,Japonaise,Genève,Brésil,55
Ibrahim,Nour,F,2021-11-18,Option B,Américaine,Montreal,France,62
Durand,Daniel,M,2023-03-27,Option C,Allemande,Bordeaux,Italie,47
Garcia,Sarah,M,2021-03-16,Option C,Française,New York,Mexique,41
Wilson,Léa,F,2023-07-01,Option B,Marocaine,Rabat,Espagne,23
Miller,Salma,F,2022-12-30,Option C,Marocaine,Casablanca,Espagne,44
Rodriguez,Jennifer,F,2022-08-16,Option B,Espagnole,Berlin,Japon,34
Ibrahim,Karen,M,2021-11-04,Option A,Française,New York,Brésil,62
Dubois,Joseph,F,2021-11-05,Option C,Allemande,Berlin,Allemagne,40
Adel,Marwa,F,2021-10-17,Option B,Française,Rabat,France,49
Garcia,Jessica,M,2022-10-27,Option C,Américaine,Marrakech,Australie,40
Williams,Antoine,M,2020-08-27,Option C,Française,Casablanca,Japon,59
Garcia,Barbara,F,2020-06-13,Option B,Canadienne,Lisbonne,Brésil,42
Smith,Léa,M,2023-02-09,Option B,Japonaise,Rabat,Portugal,23
Bernard,Julie,F,2022-09-07,Option C,Canadienne,Montreal,Espagne,31
Jones,Marc,F,2022-11-17,Option A,Canadienne,Lyon,France,21
Dubois,Julien,F,2020-02-23,Option A,Française,Kenitra,Argentine,50
Jones,Marie,F,2022-04-02,Option C,Canadienne,Meknès,Australie,46
Miller,Susan,F,2022-08-30,Option C,Allemande,Paris,Japon,59
Garcia,James,M,2023-01-21,Option C,Française,Agadir,Australie,32
Laurent,Thomas,M,2020-05-30,Option B,Française,Meknès,Mexique,61
Fathy,Louis,M,2021-06-15,Option C,Japonaise,Agadir,Brésil,19
Khaled,Susan,M,2020-06-28,Option B,Marocaine,Fès,Australie,61
Adel,Susan,F,2020-10-26,Option C,Marocaine,Genève,Suisse,50
Durand,Claire,F,2022-06-30,Option C,Américaine,Rome,Australie,59
Miller,Claire,F,2023-12-06,Option B,Marocaine,Berlin,UK,61
Mohamed,Pierre,F,2020-07-06,Option A,Française,Paris,Espagne,52
Dupont,Joseph,F,2020-05-24,Option B,Canadienne,Madrid,Espagne,31
Ibrahim,Emma,F,2021-04-24,Option B,Espagnole,Rabat,Australie,34
Martin,Aicha,M,2023-05-11,Option C,Marocaine,Tanger,Égypte,35
Wilson,David,M,2020-02-25,Option A,Canadienne,Madrid,Allemagne,31
Benali,Louis,M,2020-07-05,Option C,Marocaine,Rabat,Brésil,32
Jones,Marie,F,2022-01-18,Option C,Marocaine,Madrid,Japon,60
Mahmoud,Youssef,M,2021-04-19,Option B,Marocaine,Londres,Australie,59
Davis,Mehdi,M,2022-07-06,Option C,Française,Paris,Allemagne,61
Khaled,Karim,M,2022-04-09,Option A,Française,Kenitra,Belgique,23
Dubois,Sarah,F,2020-03-04,Option A,Marocaine,Paris,UK,59
Miller,Sophie,F,2021-01-11,Option C,Allemande,Marseille,Suisse,61
Laurent,David,F,2022-12-04,Option B,Canadienne,Casablanca,USA,23
Garcia,Ahmed,M,2023-08-12,Option C,Française,Bruxelles,Tunisie,48
Smith,Léa,F,2022-05-10,Option B,Française,Bruxelles,Canada,61
Williams,Camille,M,2020-01-21,Option B,Canadienne,Lisbonne,Brésil,42
Smith,James,M,2021-12-01,Option B,Française,Kenitra,Australie,36
Dubois,Mehdi,M,2021-06-19,Option C,Marocaine,Casablanca,UK,51
El Amrani,Karen,F,2022-08-09,Option B,Américaine,Kenitra,Portugal,27
Chentouf,Karim,M,2020-03-06,Option C,Canadienne,Marrakech,Allemagne,53
Garcia,Zineb,F,2023-03-11,Option A,Américaine,Tétouan,Australie,63
Garcia,Mary,F,2023-11-11,Option C,Allemande,Kenitra,Portugal,39
Jones,Marc,F,2020-02-03,Option C,Marocaine,Paris,Brésil,55
Smith,Salma,F,2022-07-28,Option B,Marocaine,Toulouse,Australie,43
Richard,Michael,M,2021-05-09,Option B,Japonaise,Tétouan,UK,29
Petit,Sarah,M,2021-09-07,Option C,Allemande,Agadir,Espagne,22
Mohamed,Ikram,F,2020-08-15,Option C,Marocaine,Londres,UK,60
Davis,Salma,M,2022-05-06,Option B,Française,Oujda,UK,26
Richard,Jessica,F,2020-09-19,Option C,Marocaine,Rome,UK,20
Rodriguez,James,F,2020-10-31,Option C,Américaine,Casablanca,Portugal,24
Lahlou,Julien,M,2023-12-28,Option C,Canadienne,Kenitra,UK,27
Richard,Karim,M,2021-08-04,Option A,Marocaine,Lisbonne,Japon,20
Richard,Sanae,F,2020-10-29,Option C,Américaine,Rabat,Brésil,62
Martin,Laila,F,2021-05-23,Option B,Allemande,Bordeaux,Australie,59
Miller,Julie,F,2023-08-23,Option C,Canadienne,Casablanca,UK,50
Smith,David,M,2022-01-16,Option C,Canadienne,Meknès,UK,25
El Haddad,Louis,M,2021-09-24,Option B,Française,New York,Japon,47
Jones,James,F,2023-09-10,Option C,Japonaise,Agadir,UK,48
Jones,Marc,F,2022-11-27,Option C,Française,Lyon,Tunisie,45
Smith,Karim,M,2023-04-14,Option C,Française,Bruxelles,Inde,31
Adel,Mehdi,M,2022-06-01,Option B,Espagnole,Madrid,UK,29
Martin,Samir,F,2023-10-27,Option B,Marocaine,Londres,Australie,41
Othmani,Marc,M,2022-10-24,Option C,Américaine,Madrid,Maroc,48
Essadiq,Hassan,F,2021-07-05,Option C,Canadienne,Casablanca,Italie,30
El Amrani,Antoine,M,2021-03-30,Option B,Française,Rabat,Maroc,34
Martin,Luc,M,2022-06-23,Option A,Américaine,Oujda,Allemagne,39
Williams,Linda,M,2020-10-01,Option B,Espagnole,Londres,France,54
Durand,Omar,M,2023-12-11,Option B,Canadienne,Oujda,Belgique,33
Benali,Louis,M,2022-06-20,Option C,Marocaine,Marseille,Japon,41
Adel,John,M,2022-12-11,Option C,Française,Genève,Argentine,29
El Idrissi,William,M,2023-07-14,Option B,Française,Madrid,Chine,26
Martin,Élodie,M,2021-10-27,Option C,Française,Londres,Égypte,61
Dubois,Julien,M,2021-02-10,Option C,Canadienne,Toulouse,UK,52
Jones,Emma,F,2021-02-02,Option A,Française,Montreal,Allemagne,25
El Amrani,Salma,M,2020-12-21,Option B,Canadienne,Madrid,Espagne,60
Rodriguez,Susan,M,2021-12-10,Option B,Française,Rabat,Allemagne,38
Williams,Marie,M,2021-01-05,Option C,Américaine,Paris,Australie,58
Smith,Samir,M,2022-04-02,Option C,Canadienne,Madrid,Maroc,60
Smith,Nour,F,2022-08-24,Option B,Marocaine,Lyon,Japon,32
Hassan,Marc,M,2020-01-23,Option C,Canadienne,Meknès,Égypte,62
Martin,John,M,2021-05-11,Option B,Américaine,Casablanca,USA,38
Essadiq,Sophie,F,2023-03-15,Option B,Allemande,Madrid,Suisse,45
Johnson,Susan,F,2023-05-16,Option B,Canadienne,Berlin,Espagne,59
Robert,Michael,M,2023-04-05,Option B,Canadienne,Berlin,Allemagne,61
Hassan,Hugo,M,2022-08-30,Option C,Allemande,Tétouan,Italie,33
Durand,Barbara,F,2021-05-18,Option C,Canadienne,Tanger,Suisse,60
Bernard,James,M,2021-01-28,Option C,Espagnole,Rabat,Australie,61
El Haddad,James,F,2023-06-23,Option C,Canadienne,Lyon,UK,28
Laurent,Omar,M,2023-05-08,Option B,Américaine,Kenitra,Australie,58
Robert,Michael,M,2022-04-17,Option C,Marocaine,Lyon,Allemagne,32
Dupont,Robert,F,2021-10-08,Option B,Espagnole,Meknès,Japon,35
Robert,Karim,M,2020-09-27,Option A,Marocaine,Rabat,Italie,18
Williams,Joseph,M,2021-05-02,Option C,Américaine,Rabat,Inde,61
Smith,Marie,M,2023-08-12,Option C,Allemande,Oujda,Allemagne,41
Miller,Robert,M,2021-07-27,Option B,Américaine,Paris,USA,33
Smith,Karim,F,2023-06-25,Option C,Canadienne,Madrid,UK,25
Garcia,Camille,F,2023-04-30,Option A,Marocaine,Bruxelles,UK,44
Ibrahim,Susan,M,2020-05-10,Option B,Canadienne,Toulouse,Japon,65
Dupont,Hugo,F,2023-02-02,Option C,Américaine,Marrakech,Chine,39
Williams,Patricia,F,2022-10-25,Option B,Française,Lisbonne,Espagne,60
El Idrissi,Elizabeth,F,2022-02-08,Option B,Japonaise,Rome,USA,43
Martin,Marc,F,2021-07-03,Option C,Japonaise,Rabat,UK,28
Moreau,Zineb,M,2021-08-29,Option B,Canadienne,Lyon,Japon,32
Miller,Sarah,F,2022-10-22,Option A,Française,New York,USA,25
Richard,Laila,M,2023-02-05,Option A,Marocaine,Kenitra,Argentine,42
El Idrissi,James,M,2021-04-01,Option B,Marocaine,Fès,Suisse,31
Wilson,Sophie,F,2020-12-23,Option A,Française,Rabat,France,32
Durand,Élodie,F,2020-03-10,Option A,Marocaine,New York,Mexique,29
El Amrani,Ali,M,2022-01-08,Option B,Marocaine,Tanger,Chine,47
Rodriguez,Julie,F,2020-03-01,Option B,Canadienne,New York,Brésil,23
Mohamed,Youssef,F,2020-01-12,Option A,Française,Rome,UK,37
Dubois,Omar,F,2023-03-03,Option B,Espagnole,Oujda,Allemagne,30
Othmani,Joseph,F,2023-04-03,Option C,Américaine,Marrakech,Chine,35
Othmani,Mary,F,2023-02-19,Option B,Française,Rabat,Allemagne,58
Wilson,Emma,F,2021-04-13,Option A,Américaine,Paris,Brésil,28
Garcia,Léa,M,2023-02-19,Option A,Française,Paris,Japon,59
Williams,Fatima,F,2020-12-04,Option C,Canadienne,Kenitra,Espagne,42
Petit,David,F,2023-03-19,Option C,Canadienne,Tanger,UK,28
Dubois,Jennifer,M,2020-01-05,Option C,Française,Meknès,Italie,42
Miller,Rachid,M,2023-12-09,Option C,Marocaine,Marseille,UK,22
Jones,Julien,F,2023-12-24,Option C,Canadienne,Rabat,Égypte,46
Miller,Hassan,F,2021-01-23,Option C,Marocaine,Marrakech,Espagne,47
Williams,Marc,M,2023-02-28,Option C,Marocaine,Genève,Tunisie,31
Richard,Nicolas,F,2020-07-21,Option B,Espagnole,Lisbonne,Égypte,45
Robert,Samir,F,2020-09-11,Option A,Française,Genève,UK,33
Adel,Michael,F,2021-11-10,Option B,Allemande,Marseille,Mexique,60
Williams,James,F,2021-02-21,Option C,Japonaise,Tanger,Italie,42
Dupont,Pierre,M,2021-02-22,Option B,Marocaine,Tanger,Belgique,33
Laurent,Susan,F,2023-04-12,Option A,Marocaine,Lisbonne,Chine,60
Robert,David,F,2020-01-26,Option C,Allemande,Paris,Allemagne,60
Robert,Samir,F,2023-06-20,Option C,Japonaise,Agadir,USA,41
El Amrani,Robert,M,2020-01-04,Option B,Française,Lisbonne,Belgique,44
Khaled,Youssef,M,2021-05-03,Option B,Française,Casablanca,Maroc,58
Rodriguez,Jean,M,2022-05-24,Option C,Française,Madrid,Égypte,45
Garcia,Mehdi,M,2020-12-13,Option C,Marocaine,Meknès,Allemagne,58
Williams,Laila,F,2023-10-21,Option B,Canadienne,Berlin,Australie,62
Fathy,Rachid,M,2020-01-06,Option A,Japonaise,Bruxelles,Allemagne,56
Rodriguez,Marwa,M,2023-12-28,Option B,Canadienne,Bruxelles,Japon,34
Dubois,Emma,F,2020-06-09,Option B,Canadienne,Lyon,France,27
Williams,Karen,M,2021-09-02,Option B,Canadienne,Berlin,Brésil,23
Davis,Marwa,F,2023-04-03,Option B,Japonaise,Bruxelles,Égypte,49
Khaled,Barbara,M,2020-02-21,Option B,Française,Londres,Allemagne,61
Richard,Jean,M,2020-07-27,Option C,Canadienne,Tétouan,UK,25
Garcia,Joseph,M,2022-10-09,Option B,Française,Marrakech,UK,24
Jones,Antoine,M,2022-06-03,Option B,Canadienne,Fès,Australie,65
Miller,Mehdi,F,2023-07-06,Option C,Allemande,Meknès,Portugal,34
Richard,Susan,F,2023-12-30,Option A,Espagnole,Bruxelles,Belgique,22
Garcia,Omar,M,2022-02-11,Option B,Française,Casablanca,Égypte,27
Benali,Barbara,M,2023-05-16,Option B,Française,Tokyo,Allemagne,60
Petit,Michael,M,2021-02-06,Option C,Canadienne,Rabat,USA,24
Jones,Jean,M,2023-09-10,Option C,Française,Madrid,Suisse,29
Martin,Claire,M,2022-03-27,Option C,Allemande,Marseille,Espagne,32
Petit,Christopher,M,2021-03-07,Option C,Japonaise,Tokyo,Chine,19
Moreau,Nour,M,2023-11-04,Option C,Française,Fès,UK,62
Rodriguez,Pierre,F,2023-04-12,Option A,Canadienne,Tanger,Japon,31
Martin,John,M,2023-08-07,Option A,Française,Montreal,Allemagne,43
Hassan,Fatima,M,2021-10-03,Option B,Française,Madrid,Espagne,31
Martin,Ahmed,F,2023-12-22,Option C,Marocaine,Casablanca,Espagne,28
Mouline,Barbara,F,2021-07-10,Option C,Marocaine,Montreal,Suisse,33
Mouline,Mehdi,F,2020-03-01,Option B,Française,Oujda,UK,44
Fathy,Luc,M,2023-03-31,Option C,Américaine,Paris,UK,30
Richard,Robert,F,2023-05-20,Option B,Marocaine,New York,UK,61
El Amrani,Ali,M,2021-04-01,Option C,Américaine,Rabat,UK,28
Smith,Samir,F,2020-11-08,Option A,Américaine,Oujda,Brésil,38
Jones,Jessica,M,2021-03-02,Option B,Canadienne,Kenitra,Maroc,63
Smith,Pierre,F,2020-06-06,Option B,Marocaine,Marseille,UK,59
Dupont,Nour,F,2022-01-13,Option A,Française,Lisbonne,UK,32
Mahmoud,Karim,M,2023-11-06,Option B,Américaine,Marseille,USA,32
Martin,Louis,M,2020-01-11,Option C,Canadienne,Marseille,Argentine,47
Richard,Antoine,M,2023-05-02,Option C,Américaine,Marrakech,Australie,65
Hassan,Léa,M,2022-09-11,Option C,Japonaise,Montreal,Belgique,37
Martin,David,M,2022-01-12,Option C,Américaine,Tanger,Maroc,48
Bernard,Salma,M,2022-11-27,Option B,Japonaise,Kenitra,Inde,60
Mohamed,Louis,F,2021-09-08,Option C,Allemande,Marseille,Allemagne,23
Davis,Michael,F,2020-02-19,Option B,Française,Oujda,Allemagne,46
Laurent,Élodie,M,2023-08-29,Option B,Américaine,Oujda,Égypte,37
Fathy,Zineb,M,2020-11-18,Option B,Canadienne,Fès,Allemagne,32
Hassan,Karen,F,2021-06-16,Option C,Espagnole,New York,Japon,48
Martin,Sophie,F,2020-11-09,Option C,Marocaine,Meknès,UK,63
Durand,Marie,F,2022-05-23,Option B,Française,Bruxelles,Égypte,22
Petit,Élodie,F,2020-10-05,Option C,Américaine,Montreal,Australie,46
Jones,Julien,M,2022-04-26,Option C,Marocaine,Casablanca,UK,29
Chentouf,Sarah,F,2023-08-09,Option B,Américaine,Kenitra,Brésil,30
Miller,Fatima,F,2020-10-06,Option A,Américaine,Montreal,Espagne,65
Dupont,Jennifer,M,2023-02-24,Option B,Américaine,Rabat,UK,61
Mahmoud,Antoine,M,2021-09-18,Option C,Canadienne,Rabat,Maroc,58
Durand,Mehdi,M,2023-02-03,Option C,Marocaine,Madrid,Mexique,23
Martin,Mehdi,M,2020-09-23,Option A,Française,Madrid,Italie,22
Martin,Léa,F,2022-06-22,Option B,Française,Bruxelles,Allemagne,58
Chentouf,Marwa,F,2022-09-01,Option A,Canadienne,Agadir,Portugal,39
Bernard,Susan,F,2022-12-04,Option C,Française,Kenitra,Japon,63
Chentouf,Christopher,F,2021-01-10,Option B,Canadienne,Kenitra,Espagne,46
Mouline,Robert,M,2021-03-28,Option C,Canadienne,Montreal,Portugal,45
Durand,Michael,F,2023-12-05,Option B,Allemande,Oujda,Portugal,55
Martin,Marc,M,2021-09-23,Option C,Japonaise,Bordeaux,Argentine,52
Jones,Mathieu,F,2021-12-26,Option C,Japonaise,Paris,Espagne,60
Richard,David,M,2022-04-17,Option C,Marocaine,Agadir,Espagne,64
Chentouf,James,M,2020-01-13,Option C,Française,Paris,Allemagne,35
Brown,Sophie,F,2021-11-04,Option C,Allemande,Kenitra,Espagne,35
Miller,Thomas,F,2022-11-02,Option A,Américaine,Marseille,Brésil,60
Richard,John,M,2022-05-22,Option A,Américaine,Tétouan,Japon,61
Benali,Robert,M,2023-08-16,Option C,Espagnole,Kenitra,Brésil,22
Bernard,Sophie,F,2021-10-17,Option C,Marocaine,Madrid,Espagne,46
El Haddad,Samir,F,2020-01-10,Option B,Espagnole,Toulouse,Australie,66
Williams,Nicolas,M,2023-06-12,Option A,Française,Londres,Espagne,43
Bernard,Jennifer,F,2020-02-08,Option B,Française,Lisbonne,UK,32
Garcia,Salma,F,2022-06-10,Option B,Allemande,Madrid,Tunisie,60
Martin,David,M,2021-05-21,Option C,Marocaine,Rabat,Espagne,44
Jones,Hugo,M,2021-04-30,Option B,Japonaise,Tétouan,Allemagne,59
El Idrissi,Claire,F,2021-12-08,Option B,Allemande,Toulouse,Brésil,56
Fathy,Youssef,M,2021-12-26,Option C,Canadienne,Tétouan,Tunisie,47
Fathy,Pierre,M,2023-07-07,Option A,Canadienne,Toulouse,Chine,21
Davis,Youssef,M,2023-02-28,Option C,Française,Rome,UK,25
Williams,Jennifer,F,2021-06-12,Option A,Marocaine,New York,Brésil,22
Smith,Emma,F,2021-03-04,Option A,Française,Kenitra,Espagne,33
Othmani,Mathieu,F,2023-03-06,Option C,Canadienne,Rabat,Australie,31
Miller,Ikram,F,2020-07-05,Option C,Allemande,Madrid,Suisse,23
Robert,Zineb,F,2023-07-08,Option B,Espagnole,Bruxelles,Canada,61
Smith,Sophie,F,2020-01-30,Option B,Espagnole,Lisbonne,Brésil,63
Richard,Robert,M,2022-08-26,Option C,Marocaine,Oujda,Égypte,56
Davis,Youssef,F,2021-07-07,Option A,Française,Bruxelles,Chine,31
Petit,Patricia,F,2023-09-27,Option A,Française,Genève,Espagne,59
Essadiq,Marc,M,2021-12-20,Option C,Canadienne,Madrid,Égypte,19
Benali,Thomas,M,2022-10-31,Option B,Française,Agadir,France,64
Mohamed,Marc,F,2021-08-29,Option A,Espagnole,Marrakech,Italie,60
Laurent,Louis,F,2022-08-29,Option C,Allemande,Rome,Allemagne,52
Jones,Chloé,F,2023-10-21,Option C,Espagnole,Casablanca,Espagne,33
Smith,Robert,M,2020-10-19,Option C,Canadienne,Bruxelles,Australie,41
Williams,Jessica,M,2020-07-16,Option C,Espagnole,Casablanca,Japon,44
Smith,Joseph,M,2023-06-11,Option B,Canadienne,Berlin,USA,60
Garcia,Daniel,F,2022-02-10,Option C,Française,Casablanca,UK,55
Mohamed,Mohamed,F,2023-07-09,Option C,Canadienne,Lisbonne,Tunisie,40
Miller,Marc,F,2021-10-31,Option C,Japonaise,Montreal,UK,22
Mohamed,Omar,F,2020-03-19,Option C,Canadienne,Lyon,Portugal,45
Petit,Sanae,F,2023-03-26,Option C,Marocaine,Tokyo,Japon,35
Dubois,David,F,2021-07-10,Option C,Américaine,Casablanca,Japon,33
Mouline,Sarah,F,2022-10-10,Option C,Marocaine,Paris,Brésil,26
Williams,Christopher,F,2021-09-10,Option C,Française,Paris,Égypte,52
Wilson,Antoine,M,2020-04-27,Option C,Américaine,Tétouan,Allemagne,52
Robert,Marie,F,2023-06-13,Option B,Marocaine,Genève,Inde,23
Miller,Claire,F,2021-02-02,Option A,Française,Kenitra,UK,56
Smith,Robert,M,2022-08-29,Option C,Américaine,Casablanca,Australie,26
Garcia,Julien,F,2020-02-14,Option B,Espagnole,Bruxelles,Japon,43
Durand,Christopher,M,2021-12-17,Option B,Marocaine,Fès,Brésil,21
Davis,Omar,F,2023-02-21,Option C,Canadienne,Marseille,Chine,57
Bernard,Zineb,M,2022-03-08,Option B,Française,Rabat,Australie,30
Miller,Jean,F,2022-04-23,Option C,Française,Kenitra,Égypte,58
Mouline,Karen,F,2020-06-11,Option C,Marocaine,Paris,Brésil,58
Martin,Hugo,F,2023-07-09,Option B,Marocaine,Kenitra,France,59
Smith,Louis,M,2023-03-01,Option B,Française,Rabat,Japon,32
Williams,Hassan,F,2022-01-03,Option B,Française,Tétouan,Espagne,53
El Amrani,Jennifer,M,2020-06-22,Option A,Française,Berlin,Australie,62
Durand,John,M,2023-05-03,Option A,Canadienne,Lisbonne,UK,39
El Haddad,Samir,F,2021-01-26,Option C,Marocaine,Kenitra,Australie,31
Jones,Louis,F,2022-01-01,Option A,Allemande,Meknès,UK,53
Miller,Nicolas,F,2023-07-24,Option C,Japonaise,Casablanca,Australie,44
Bernard,Daniel,M,2022-04-24,Option B,Japonaise,Oujda,Italie,56
Jones,Julie,F,2023-05-05,Option C,Canadienne,Meknès,Espagne,41
Dubois,Mohamed,M,2022-07-07,Option C,Marocaine,Rabat,Tunisie,28
Durand,Omar,F,2023-08-19,Option A,Française,Casablanca,Brésil,24
Williams,Elizabeth,F,2023-02-21,Option A,Française,Oujda,USA,61
Martin,Mary,F,2022-06-17,Option A,Japonaise,Madrid,Mexique,29
Smith,Sarah,F,2021-08-17,Option A,Canadienne,Tanger,Australie,26
Mouline,James,F,2021-11-03,Option C,Française,Casablanca,Mexique,34
Miller,Mohamed,M,2020-04-14,Option C,Américaine,Toulouse,Allemagne,35
Laurent,Ikram,M,2022-08-08,Option A,Marocaine,Tanger,Allemagne,29
Dupont,Omar,M,2021-02-27,Option C,Japonaise,Tokyo,Brésil,62
Garcia,Omar,M,2023-04-06,Option B,Américaine,Marseille,Chine,35
Johnson,Hugo,M,2023-06-18,Option B,Japonaise,Bruxelles,Égypte,58
Miller,Antoine,F,2022-10-01,Option B,Française,Marrakech,Allemagne,41
Davis,Karim,F,2022-08-23,Option A,Espagnole,Lyon,Argentine,63
Rodriguez,Daniel,F,2022-09-12,Option A,Américaine,Paris,UK,28
Jones,Antoine,M,2022-05-07,Option B,Française,Tanger,Australie,30
Smith,Amina,F,2022-03-20,Option C,Canadienne,Berlin,Italie,61
Rodriguez,Michael,M,2021-03-22,Option A,Marocaine,Rabat,Italie,24
Mohamed,Rachid,M,2021-11-26,Option B,Française,Marrakech,Australie,25
Martin,Marie,M,2022-06-07,Option B,Américaine,Rome,USA,21
Hassan,Susan,F,2020-05-31,Option C,Marocaine,Tokyo,Japon,63
Mahmoud,Hugo,F,2023-02-02,Option B,Marocaine,Oujda,UK,34
Mahmoud,Omar,F,2022-11-12,Option C,Française,Berlin,Belgique,52
Jones,James,F,2022-01-17,Option C,Américaine,Bruxelles,Australie,24
Robert,Samir,F,2020-03-17,Option B,Marocaine,Paris,Tunisie,34
Jones,Linda,F,2022-09-04,Option C,Canadienne,Casablanca,Espagne,59
Benali,Robert,M,2023-07-06,Option B,Canadienne,Kenitra,Japon,62
Richard,Julie,F,2022-12-20,Option C,Canadienne,Agadir,Égypte,33
Williams,Jean,M,2022-01-06,Option B,Française,New York,Allemagne,23
Durand,Amina,F,2023-10-20,Option B,Française,Madrid,Égypte,50
Durand,Ikram,F,2022-03-07,Option B,Espagnole,Marseille,Japon,62
Mouline,Sarah,M,2020-05-27,Option C,Marocaine,Kenitra,Belgique,28
El Idrissi,Nicolas,M,2022-02-07,Option C,Canadienne,Fès,UK,52
Wilson,John,M,2023-02-23,Option A,Américaine,Lisbonne,Inde,63
Othmani,Linda,F,2021-03-28,Option B,Japonaise,Tanger,UK,64
Mahmoud,Marie,F,2023-04-30,Option C,Allemande,Rabat,Portugal,37
Richard,Robert,F,2021-07-27,Option C,Canadienne,Meknès,Égypte,22
Bernard,Julien,F,2020-11-02,Option C,Marocaine,Oujda,Belgique,35
Miller,Ikram,F,2023-04-13,Option C,Américaine,Rabat,Espagne,22
Jones,Aicha,M,2020-09-27,Option C,Japonaise,Bordeaux,Suisse,35
Essadiq,David,M,2022-09-26,Option B,Française,Oujda,Australie,34
Richard,Robert,M,2023-06-06,Option C,Canadienne,Rome,UK,26
Adel,David,M,2021-07-10,Option A,Française,Rabat,France,42
Richard,Linda,F,2020-08-02,Option C,Canadienne,Rabat,Espagne,35
Miller,Louis,M,2022-10-16,Option C,Espagnole,Marseille,Australie,48
Durand,Samir,M,2023-10-02,Option B,Française,Bruxelles,Canada,50
Mohamed,Claire,F,2021-05-31,Option C,Canadienne,Casablanca,UK,31
Jones,Marc,F,2022-06-03,Option C,Allemande,Lyon,Australie,61
Hassan,Joseph,M,2023-07-23,Option C,Américaine,Toulouse,Chine,39
Miller,Patricia,M,2021-08-24,Option A,Française,Kenitra,Brésil,22
Wilson,Julien,M,2021-07-21,Option C,Canadienne,Marseille,Espagne,60
Richard,Joseph,F,2021-11-01,Option C,Espagnole,Londres,Japon,61
Martin,John,M,2020-07-20,Option A,Américaine,Rabat,Chine,64
Mohamed,Mehdi,M,2021-09-10,Option B,Japonaise,Rabat,Australie,29
Mahmoud,William,F,2021-07-12,Option B,Espagnole,Paris,UK,56
Williams,Zineb,F,2023-11-29,Option C,Française,Berlin,Brésil,35
Richard,Joseph,M,2020-11-23,Option B,Française,Marrakech,Allemagne,32
El Amrani,Susan,F,2021-01-06,Option B,Marocaine,Rome,Canada,34
Miller,Léa,F,2022-08-31,Option A,Allemande,Marseille,Japon,61
Robert,Jennifer,F,2021-11-10,Option C,Canadienne,Casablanca,Égypte,19
Miller,Omar,M,2020-09-30,Option A,Française,Tétouan,UK,57
Jones,Sanae,F,2020-09-29,Option A,Française,Fès,Belgique,60
Johnson,Marie,F,2020-06-12,Option A,Française,Montreal,Mexique,31
Benali,John,M,2020-07-08,Option C,Canadienne,Fès,UK,63
Mouline,Claire,F,2023-04-28,Option C,Marocaine,Genève,Espagne,50
Smith,Louis,M,2021-03-20,Option B,Marocaine,Madrid,Chine,45
Martin,Marc,M,2020-06-19,Option B,Française,Madrid,Inde,50
Khaled,Amina,F,2021-03-10,Option B,Marocaine,Rome,Japon,52
Ibrahim,Susan,M,2023-10-01,Option B,Japonaise,Montreal,Brésil,30
Dubois,Linda,F,2021-05-05,Option A,Française,Genève,Espagne,23
Jones,Mathieu,M,2023-03-29,Option C,Canadienne,Casablanca,Maroc,22
Jones,Patricia,M,2020-12-19,Option B,Allemande,Kenitra,UK,62
Williams,Nicolas,F,2022-12-14,Option B,Espagnole,Bruxelles,Portugal,30
Chentouf,Mehdi,M,2021-12-02,Option C,Marocaine,Madrid,Portugal,60
Adel,Marie,M,2023-08-26,Option B,Allemande,Paris,France,34
Rodriguez,Salma,F,2021-01-20,Option C,Canadienne,Marseille,Espagne,52
Adel,Joseph,M,2023-07-03,Option C,Marocaine,New York,UK,48
El Amrani,James,M,2021-04-05,Option C,Marocaine,Rabat,Belgique,41
Laurent,Youssef,M,2023-03-03,Option A,Espagnole,New York,France,34
Richard,Nour,F,2021-01-23,Option C,Américaine,Marseille,Japon,33
Garcia,David,M,2020-05-10,Option B,Américaine,Montreal,Suisse,51
Laurent,Julien,F,2020-12-04,Option B,Canadienne,Kenitra,Suisse,49
Robert,Sarah,F,2020-02-24,Option A,Marocaine,Tanger,Allemagne,35
Robert,Pierre,F,2020-12-17,Option C,Française,Lyon,Mexique,38
Garcia,Jennifer,F,2020-06-23,Option B,Américaine,Rabat,France,51
Moreau,Elizabeth,F,2023-06-01,Option A,Française,New York,UK,24
Durand,Julien,M,2023-05-28,Option C,Marocaine,Casablanca,Japon,37
Williams,Aicha,F,2023-09-19,Option B,Espagnole,Tokyo,France,23
El Amrani,Marie,M,2021-01-02,Option C,Française,Tanger,France,21
Jones,Marwa,F,2022-09-02,Option B,Espagnole,Tétouan,Tunisie,23
Johnson,Julie,F,2021-12-23,Option A,Marocaine,Marseille,Chine,63
Laurent,Zineb,M,2023-07-24,Option B,Française,Bruxelles,Japon,60
Dupont,Aicha,M,2020-09-24,Option B,Marocaine,Bordeaux,Espagne,39
Johnson,Marc,F,2020-05-14,Option B,Canadienne,Montreal,Australie,52
Laurent,David,M,2022-05-09,Option C,Marocaine,Montreal,Brésil,45
Ibrahim,Patricia,M,2020-11-07,Option C,Espagnole,Bordeaux,Suisse,32
Robert,Sarah,F,2021-05-03,Option C,Espagnole,Bruxelles,Chine,39
Durand,John,M,2022-07-31,Option C,Française,Londres,Italie,41
Robert,Sophie,F,2021-07-18,Option B,Espagnole,Rabat,Égypte,49
Rodriguez,Julie,M,2023-01-06,Option B,Canadienne,Oujda,UK,28
Mouline,Julien,F,2020-10-03,Option B,Américaine,Madrid,Suisse,60
Benali,Julien,M,2023-10-07,Option C,Française,New York,UK,42
Smith,Karen,F,2022-04-25,Option B,Canadienne,Rome,Australie,31
Rodriguez,Sarah,F,2022-04-05,Option C,Marocaine,Rabat,Australie,58
Essadiq,Samir,F,2020-05-01,Option A,Japonaise,Genève,Inde,36
Dupont,Ikram,F,2020-01-19,Option B,Française,Fès,Allemagne,36
Laurent,Zineb,F,2021-03-21,Option B,Canadienne,Madrid,Allemagne,28
Williams,Sophie,M,2022-04-10,Option B,Japonaise,Genève,Égypte,32
Khaled,Julien,M,2021-12-27,Option C,Espagnole,Genève,Japon,30
Jones,Aicha,F,2020-01-31,Option C,Canadienne,Tanger,Japon,32
Petit,James,M,2021-08-17,Option C,Marocaine,Londres,Espagne,29
Brown,Susan,M,2023-10-16,Option B,Française,Tétouan,Japon,59
Laurent,Youssef,F,2020-12-14,Option B,Marocaine,Rabat,Australie,61
Smith,Patricia,F,2022-12-20,Option B,Marocaine,Tokyo,Chine,53
Johnson,Omar,M,2022-05-11,Option C,Américaine,Lyon,Chine,49
Dupont,Aicha,M,2020-01-13,Option B,Marocaine,New York,UK,43
Dubois,Michael,F,2023-04-09,Option C,Canadienne,Marseille,USA,63
Mahmoud,John,F,2023-01-29,Option B,Américaine,Paris,USA,64
Richard,Thomas,M,2021-08-14,Option A,Canadienne,Kenitra,Tunisie,49
Rodriguez,Robert,M,2020-11-23,Option C,Canadienne,New York,UK,58
El Amrani,Laila,M,2020-03-29,Option C,Française,Lyon,Inde,31
Smith,Elizabeth,F,2021-01-17,Option A,Canadienne,New York,USA,36
Williams,Barbara,M,2020-01-14,Option B,Américaine,Paris,Portugal,24
Martin,Mohamed,M,2022-09-16,Option B,Américaine,Rabat,Espagne,39
Hassan,Samir,F,2020-07-14,Option A,Française,Agadir,France,24
Bernard,Mathieu,M,2020-01-07,Option B,Française,Casablanca,Allemagne,35
Martin,Jessica,F,2021-10-08,Option C,Française,Toulouse,Brésil,50
Richard,Joseph,M,2022-12-23,Option C,Marocaine,Kenitra,Argentine,54
Durand,Zineb,F,2022-07-08,Option A,Française,Lisbonne,Brésil,31
Rodriguez,John,M,2021-05-25,Option B,Marocaine,Bruxelles,Japon,58
Hassan,Julien,F,2020-10-25,Option C,Allemande,Marseille,Allemagne,42
El Haddad,Marc,M,2022-09-15,Option C,Marocaine,Madrid,Brésil,34
Johnson,Ali,F,2023-06-14,Option C,Américaine,Tanger,Mexique,62
Martin,Hassan,F,2022-02-21,Option A,Française,Oujda,Australie,60
Martin,Pierre,M,2023-03-12,Option C,Marocaine,Casablanca,Inde,22
Richard,Nour,M,2023-09-20,Option B,Canadienne,Tanger,Brésil,27
Hassan,Nour,M,2023-08-21,Option B,Américaine,Meknès,Inde,27
Jones,Antoine,M,2021-02-02,Option B,Américaine,Paris,Australie,59
Robert,Julie,F,2022-03-20,Option C,Canadienne,Toulouse,UK,22
Dupont,Chloé,F,2022-02-01,Option C,Marocaine,Londres,Italie,54
Dubois,Barbara,F,2022-08-07,Option C,Canadienne,Oujda,Australie,29
Smith,Mary,M,2021-12-11,Option C,Espagnole,Casablanca,Australie,24
Moreau,Karim,F,2020-04-17,Option C,Marocaine,Paris,Canada,21
Laurent,Susan,M,2022-04-24,Option A,Française,Bruxelles,Égypte,37
Garcia,Sophie,M,2020-12-14,Option B,Française,Kenitra,Allemagne,60
Dupont,Karim,F,2023-10-25,Option C,Japonaise,Rome,UK,37
Jones,Marie,M,2022-07-07,Option C,Marocaine,Bordeaux,Allemagne,37
Rodriguez,Patricia,F,2021-11-21,Option B,Espagnole,Fès,Allemagne,45
Petit,Sanae,F,2022-10-30,Option B,Française,Tétouan,Italie,31
Rodriguez,Jessica,F,2022-05-07,Option C,Espagnole,Montreal,Chine,22
Ibrahim,Aicha,M,2023-11-15,Option B,Marocaine,Fès,Égypte,25
Wilson,Mary,F,2021-06-28,Option C,Marocaine,Rome,UK,20
Chentouf,Julie,F,2020-12-05,Option A,Française,Meknès,Suisse,30
Martin,Laila,F,2020-06-29,Option C,Canadienne,Tokyo,France,22
Othmani,Mary,M,2022-05-18,Option C,Espagnole,Montreal,France,30
Essadiq,Youssef,F,2022-05-02,Option C,Canadienne,Meknès,Japon,38
Martin,Mohamed,M,2023-03-12,Option C,Française,Rabat,Inde,63
Hassan,Sophie,F,2020-10-02,Option A,Française,Fès,Chine,37
Richard,Youssef,M,2021-08-20,Option C,Japonaise,Fès,Maroc,59
Williams,Karen,M,2020-06-17,Option B,Française,Montreal,USA,34
Richard,Robert,F,2021-12-28,Option C,Marocaine,Toulouse,Suisse,43
Garcia,Mohamed,M,2020-05-21,Option C,Française,Bordeaux,Allemagne,43
Laurent,Christopher,M,2022-09-12,Option B,Marocaine,Montreal,Inde,44
Brown,Zineb,M,2021-11-25,Option B,Marocaine,Rabat,Espagne,40
Mohamed,Julie,F,2022-10-20,Option C,Française,Rome,Espagne,22
Johnson,Christopher,F,2022-05-24,Option C,Française,Tétouan,Chine,20
Robert,Nicolas,M,2020-05-02,Option C,Française,Marseille,Japon,49
Johnson,Mehdi,M,2020-01-13,Option C,Canadienne,Bruxelles,Chine,61
Martin,Michael,M,2021-08-14,Option C,Française,Tanger,Allemagne,58
Robert,Ahmed,F,2023-02-01,Option B,Canadienne,Madrid,Portugal,22
Moreau,Thomas,F,2020-04-05,Option B,Marocaine,Tanger,Suisse,45
Bernard,Julie,F,2023-02-08,Option B,Canadienne,Madrid,Suisse,48
Jones,David,M,2020-09-08,Option C,Canadienne,Tanger,Espagne,53
Williams,Marc,M,2023-08-02,Option C,Marocaine,Lyon,Allemagne,34
Miller,James,F,2020-06-11,Option B,Américaine,Madrid,Chine,34
Jones,Antoine,M,2020-10-17,Option C,Canadienne,Casablanca,Maroc,41
Miller,Élodie,F,2021-05-09,Option B,Allemande,Lyon,Japon,58
Mohamed,Susan,M,2022-12-17,Option B,Française,Marseille,Brésil,59
Dupont,Barbara,M,2023-08-23,Option B,Allemande,Oujda,Mexique,30
Khaled,Thomas,M,2021-11-03,Option C,Marocaine,Genève,Allemagne,31
Ibrahim,Joseph,F,2020-01-13,Option C,Allemande,Marseille,Portugal,21
Davis,Ali,M,2021-02-20,Option C,Française,Londres,UK,64
Rodriguez,Youssef,F,2023-02-13,Option B,Espagnole,Rabat,Brésil,45
Durand,Karim,F,2022-05-23,Option C,Allemande,Marseille,Japon,60
Khaled,Christopher,M,2023-03-12,Option C,Française,Kenitra,Argentine,59
Martin,Pierre,M,2023-01-11,Option B,Marocaine,Meknès,Portugal,30
Wilson,Mathieu,F,2023-09-08,Option A,Allemande,Lisbonne,Australie,37
Khaled,Jessica,F,2023-06-07,Option C,Marocaine,Bruxelles,Tunisie,23
Jones,Mary,F,2021-02-03,Option B,Espagnole,Kenitra,Portugal,39
Williams,Claire,F,2023-06-03,Option C,Canadienne,Rabat,Chine,45
El Idrissi,Marwa,F,2021-04-16,Option C,Allemande,Fès,Australie,31
Jones,Antoine,F,2021-12-15,Option C,Française,Kenitra,Portugal,43
Smith,Mehdi,F,2020-01-30,Option C,Française,Bruxelles,France,61
Williams,Léa,F,2023-12-17,Option A,Française,Rabat,Brésil,62
Wilson,Chloé,F,2023-09-26,Option B,Canadienne,Meknès,UK,47
Johnson,John,F,2022-07-31,Option B,Américaine,Marrakech,Brésil,31
Jones,Barbara,F,2022-01-29,Option B,Japonaise,Rabat,USA,24
Dubois,David,F,2022-12-27,Option C,Canadienne,Kenitra,Espagne,41
Martin,Jessica,F,2021-01-22,Option B,Canadienne,Berlin,Chine,63
Jones,Thomas,M,2023-01-06,Option C,Canadienne,Lyon,Argentine,62
El Amrani,Elizabeth,M,2020-02-05,Option C,Allemande,Marseille,Maroc,37
Bernard,Omar,M,2022-12-22,Option B,Américaine,Agadir,Chine,37
Richard,Claire,F,2022-11-27,Option C,Canadienne,Berlin,Brésil,37
El Amrani,Zineb,M,2022-04-11,Option C,Américaine,Fès,Japon,31
Williams,Joseph,F,2023-02-15,Option B,Canadienne,Fès,Portugal,32
Moreau,Camille,M,2022-11-26,Option C,Canadienne,Agadir,Allemagne,32
Davis,Michael,M,2022-07-03,Option C,Américaine,New York,Inde,64
Davis,Sophie,F,2023-05-11,Option C,Marocaine,Londres,UK,37
Benali,Michael,M,2021-11-23,Option A,Japonaise,Casablanca,Japon,31
El Amrani,Nicolas,F,2021-03-02,Option A,Américaine,Londres,Allemagne,63
Smith,Louis,F,2020-08-12,Option B,Canadienne,Montreal,Suisse,61
Hassan,Hugo,F,2020-06-24,Option C,Japonaise,Tokyo,Brésil,63
Dupont,Julien,M,2021-06-05,Option C,Marocaine,Montreal,Égypte,43
Williams,Claire,F,2021-05-08,Option C,Japonaise,Paris,USA,24
Petit,John,M,2023-05-12,Option C,Canadienne,New York,Italie,31
Martin,Julien,M,2020-02-03,Option C,Marocaine,Casablanca,UK,39
Bernard,Susan,F,2022-10-22,Option B,Américaine,Meknès,Canada,33
Dupont,Julien,M,2021-11-01,Option C,Française,Agadir,UK,23
Jones,Jean,F,2020-06-17,Option B,Canadienne,Berlin,Brésil,23
Bernard,James,F,2023-03-15,Option B,Japonaise,Londres,UK,39
Rodriguez,Sarah,F,2020-04-02,Option B,Marocaine,Rabat,Brésil,63
Richard,Robert,F,2021-09-14,Option B,Canadienne,Berlin,Espagne,60
Khaled,James,M,2021-12-01,Option A,Française,Madrid,Canada,59
Durand,Hugo,F,2021-04-27,Option A,Française,Lisbonne,Allemagne,52
Dubois,Emma,F,2021-04-15,Option A,Française,Lyon,Espagne,66
Wilson,Elizabeth,F,2023-01-27,Option C,Française,Rome,Brésil,47
Mohamed,Sanae,F,2022-03-26,Option B,Marocaine,Fès,USA,24
Moreau,Salma,M,2022-05-21,Option B,Française,Oujda,UK,41
Jones,Emma,F,2020-04-15,Option A,Marocaine,Madrid,Tunisie,43
Chentouf,Sophie,F,2022-01-07,Option C,Canadienne,Kenitra,Australie,63
Laurent,Karim,F,2023-06-16,Option B,Française,Kenitra,Australie,60
Khaled,Hugo,M,2021-07-15,Option C,Canadienne,Tétouan,Brésil,44
Mahmoud,Daniel,M,2023-09-15,Option B,Française,Toulouse,Japon,64
Benali,Susan,F,2022-11-11,Option C,Allemande,Agadir,Allemagne,24
Adel,Susan,M,2022-10-07,Option B,Française,Rabat,Brésil,49
Dupont,Marc,M,2020-03-12,Option C,Française,Kenitra,Chine,59
Rodriguez,Jennifer,F,2022-08-11,Option B,Française,Berlin,Portugal,56
Wilson,Omar,F,2020-07-03,Option C,Canadienne,Fès,Australie,46
El Amrani,Michael,F,2023-10-22,Option C,Américaine,Madrid,Italie,48
El Amrani,Jessica,M,2022-02-03,Option B,Française,Tétouan,Espagne,61
Jones,Mathieu,M,2021-12-30,Option B,Française,Bruxelles,UK,30
Ibrahim,Léa,M,2022-05-30,Option A,Française,Montreal,Égypte,61
Williams,Luc,M,2021-12-28,Option B,Marocaine,Madrid,UK,29
Fathy,Louis,M,2022-02-06,Option A,Américaine,Agadir,Chine,62
Garcia,Jean,M,2023-11-24,Option C,Française,Montreal,UK,35
Moreau,Jean,M,2020-10-22,Option B,Française,Madrid,Allemagne,60
Wilson,Louis,M,2021-06-17,Option B,Américaine,Fès,Suisse,57
Robert,Léa,M,2020-04-28,Option B,Marocaine,Tanger,Suisse,52
El Haddad,Zineb,F,2021-07-30,Option A,Canadienne,Fès,Inde,51
Miller,Salma,F,2023-07-16,Option B,Canadienne,Tanger,Mexique,28
Fathy,Sanae,M,2023-10-07,Option C,Marocaine,Fès,Suisse,59
Dupont,Marie,M,2022-10-19,Option B,Canadienne,Agadir,UK,50
Fathy,Sophie,M,2020-10-30,Option C,Canadienne,Montreal,Brésil,38
Davis,Emma,F,2022-03-12,Option A,Française,New York,UK,43
Brown,Karim,F,2023-01-26,Option B,Française,Tanger,Argentine,36
Martin,Nour,M,2022-12-23,Option C,Française,Rabat,Allemagne,22
Johnson,Karim,F,2022-07-28,Option C,Canadienne,Marseille,Australie,35
Benali,Emma,M,2022-05-06,Option A,Française,Rabat,Mexique,58
Dupont,Nour,F,2020-02-23,Option C,Allemande,Montreal,Japon,35
Othmani,Barbara,F,2023-10-28,Option C,Japonaise,Bruxelles,Chine,51
Robert,Louis,F,2023-01-04,Option C,Canadienne,Lisbonne,Inde,65
Richard,Jennifer,F,2021-06-09,Option C,Canadienne,Meknès,USA,20
Adel,Laila,M,2020-03-19,Option B,Française,Genève,Portugal,32
Jones,Julien,F,2023-12-20,Option B,Française,Kenitra,Australie,46
Jones,Samir,F,2022-10-02,Option C,Japonaise,Casablanca,Allemagne,45
Jones,Thomas,M,2020-11-29,Option B,Allemande,Kenitra,Allemagne,54
Davis,Michael,F,2021-10-27,Option C,Marocaine,Genève,Tunisie,57
El Idrissi,Christopher,M,2021-10-12,Option B,Japonaise,Madrid,Australie,58
Dubois,Louis,F,2020-09-14,Option A,Française,Bruxelles,Argentine,38
Dupont,Michael,M,2023-04-29,Option C,Canadienne,Fès,Égypte,21
El Amrani,Marc,M,2020-02-23,Option A,Américaine,Genève,USA,44
Mouline,Salma,F,2022-08-30,Option A,Allemande,Rabat,Japon,24
Moreau,Robert,F,2022-07-07,Option B,Française,Paris,UK,37
Rodriguez,Nour,M,2022-10-31,Option B,Canadienne,Rome,USA,36
Ibrahim,Robert,M,2022-05-15,Option B,Canadienne,Tétouan,Canada,55
Adel,Camille,F,2021-06-19,Option C,Française,Rabat,Australie,29
Davis,Linda,F,2023-08-18,Option A,Française,Lyon,Portugal,59
Lahlou,Fatima,F,2023-01-21,Option A,Allemande,Marseille,USA,41
Martin,Michael,M,2022-12-21,Option B,Américaine,Kenitra,Égypte,61
Jones,Barbara,F,2022-08-10,Option C,Canadienne,Casablanca,Chine,28
Richard,Samir,F,2021-06-02,Option B,Marocaine,Rome,Espagne,33
Williams,Joseph,M,2021-04-14,Option B,Marocaine,Berlin,France,29
Ibrahim,James,M,2023-11-15,Option A,Espagnole,Rabat,Australie,41
Wilson,Susan,M,2021-08-13,Option A,Marocaine,Bruxelles,Égypte,37
Wilson,Mary,F,2020-07-11,Option A,Américaine,Fès,Canada,23
Mohamed,Robert,M,2022-04-14,Option A,Américaine,Rome,Suisse,59
Laurent,Youssef,M,2023-09-23,Option B,Espagnole,Marrakech,Suisse,33
Laurent,Salma,F,2023-10-15,Option C,Marocaine,Kenitra,Espagne,39
Garcia,Élodie,M,2020-11-15,Option B,Japonaise,Montreal,Australie,30
Moreau,Claire,M,2020-04-22,Option B,Japonaise,Rabat,Canada,43
Martin,Julien,F,2022-07-24,Option C,Japonaise,Agadir,USA,33
Rodriguez,Sophie,M,2021-07-04,Option B,Américaine,Rabat,Égypte,56
Dupont,Robert,F,2023-04-20,Option C,Française,Agadir,Espagne,60
Bernard,Aicha,M,2023-08-13,Option C,Française,Meknès,UK,40
Richard,Jessica,M,2023-09-09,Option B,Française,Madrid,Australie,61
Othmani,David,M,2023-04-16,Option B,Française,Marrakech,Allemagne,41
Fathy,Zineb,M,2022-03-31,Option A,Japonaise,Bordeaux,Égypte,61
Robert,Sophie,F,2021-03-28,Option A,Française,Marrakech,Brésil,65
Robert,Thomas,M,2022-07-04,Option A,Française,Tanger,Tunisie,20
Richard,Jennifer,F,2023-04-30,Option B,Japonaise,Meknès,Brésil,20
Brown,Camille,M,2021-04-08,Option B,Américaine,Rabat,Italie,59
Johnson,Camille,F,2021-07-23,Option C,Marocaine,Fès,Espagne,34
El Amrani,Patricia,F,2020-01-22,Option B,Française,Kenitra,Suisse,26
Miller,Nicolas,F,2020-04-06,Option B,Marocaine,Kenitra,Brésil,29
Dupont,Louis,F,2020-02-16,Option C,Marocaine,Rabat,Canada,35
Petit,Jennifer,F,2020-12-08,Option B,Marocaine,Tanger,Mexique,49
Richard,Omar,M,2023-07-02,Option C,Américaine,Lyon,Japon,25
Dubois,Jennifer,F,2021-12-09,Option A,Canadienne,Lyon,UK,26
Jones,Antoine,M,2023-04-13,Option C,Française,Rabat,UK,65
Smith,Youssef,F,2020-01-23,Option A,Espagnole,Agadir,Tunisie,27
Khaled,Susan,F,2021-08-15,Option A,Française,Casablanca,Allemagne,22
Fathy,Élodie,F,2023-10-30,Option C,Canadienne,Montreal,France,61
Martin,Mathieu,M,2023-11-07,Option A,Canadienne,Kenitra,Argentine,47
Petit,Julie,F,2020-10-16,Option C,Espagnole,Casablanca,Brésil,47
Dubois,Marc,M,2023-02-02,Option C,Marocaine,Kenitra,Égypte,64
Miller,Mary,F,2020-10-24,Option B,Française,Casablanca,France,33
Martin,James,F,2021-06-01,Option B,Marocaine,Fès,Portugal,65
Miller,Patricia,F,2020-10-03,Option A,Marocaine,Marrakech,Espagne,36
Garcia,Zineb,M,2023-09-20,Option C,Japonaise,Rabat,Allemagne,45
Miller,Claire,F,2021-02-22,Option A,Marocaine,Lisbonne,Argentine,45
Bernard,Luc,M,2022-06-30,Option C,Marocaine,Toulouse,Canada,59
Dupont,Marc,M,2022-04-29,Option A,Française,Lyon,Espagne,21
Hassan,Mehdi,M,2021-10-11,Option C,Marocaine,Berlin,Espagne,48
Jones,Chloé,M,2021-10-18,Option C,Japonaise,Tokyo,Brésil,60
Bernard,Élodie,M,2022-07-04,Option B,Allemande,Rabat,Inde,41
Martin,Sanae,M,2020-07-19,Option C,Française,New York,UK,25
Rodriguez,Karen,F,2023-06-25,Option B,Marocaine,Rome,Espagne,33
Rodriguez,Marc,F,2021-08-18,Option B,Espagnole,Madrid,Australie,23
Jones,Barbara,F,2020-07-05,Option A,Canadienne,Madrid,Chine,22
Smith,Antoine,F,2021-12-12,Option A,Française,Lyon,UK,63
Davis,Emma,F,2020-01-20,Option C,Marocaine,Berlin,Chine,51
Jones,Mehdi,F,2021-04-13,Option A,Française,Genève,Brésil,50
Martin,Michael,M,2020-08-21,Option B,Marocaine,Madrid,Japon,57
Jones,Marc,F,2020-12-10,Option C,Française,Tanger,Mexique,63
Durand,Jean,F,2022-07-22,Option A,Américaine,Lisbonne,UK,23
Dubois,Camille,F,2022-01-14,Option C,Française,Kenitra,Espagne,45
Dubois,Camille,M,2022-02-07,Option C,Canadienne,Casablanca,Portugal,30
Chentouf,Sarah,F,2020-02-16,Option C,Américaine,Rabat,Brésil,35
Ibrahim,Mehdi,F,2020-08-05,Option B,Espagnole,Rome,Belgique,62
Durand,Mehdi,M,2020-04-05,Option C,Marocaine,Rome,Allemagne,24
Smith,Jennifer,F,2020-09-22,Option C,Canadienne,Kenitra,Espagne,56
Garcia,Robert,M,2021-07-19,Option B,Marocaine,Marseille,Japon,25
Laurent,Karen,M,2020-06-05,Option B,Américaine,Tétouan,Chine,46
Dubois,Zineb,F,2023-02-16,Option A,Japonaise,Tokyo,Belgique,52
Richard,Joseph,M,2022-12-03,Option C,Marocaine,Toulouse,UK,32
Jones,Julien,M,2022-04-15,Option C,Française,New York,Égypte,26
Williams,David,F,2020-09-06,Option C,Canadienne,Rabat,Espagne,44
Essadiq,Joseph,M,2020-06-19,Option B,Espagnole,Rabat,Japon,50
El Amrani,Ali,M,2022-07-27,Option C,Canadienne,Lisbonne,Maroc,59
Johnson,Youssef,F,2022-03-16,Option B,Française,Lyon,Belgique,64
Johnson,Claire,F,2023-11-23,Option C,Canadienne,Rabat,Australie,49
Richard,Luc,F,2020-02-14,Option A,Canadienne,Genève,USA,26
Mohamed,Salma,M,2022-09-08,Option B,Espagnole,Lyon,Allemagne,34
Benali,Robert,M,2020-12-01,Option B,Allemande,Marseille,Allemagne,56
Essadiq,Joseph,M,2021-03-31,Option B,Allemande,Agadir,Belgique,47
Smith,Jessica,F,2023-05-15,Option A,Américaine,Londres,Espagne,31
Martin,Marc,F,2022-06-04,Option A,Française,Lyon,UK,32
Essadiq,John,M,2021-03-08,Option B,Marocaine,Marrakech,Chine,44
Othmani,Omar,F,2022-11-11,Option C,Marocaine,Paris,Italie,49
Dubois,Marc,F,2022-12-23,Option C,Marocaine,Paris,Espagne,61
Martin,Samir,M,2022-05-07,Option B,Américaine,Fès,France,28
Bernard,Jennifer,M,2020-05-26,Option B,Allemande,Rabat,Chine,43
Garcia,Michael,F,2020-02-23,Option C,Marocaine,Montreal,Inde,44
Smith,Robert,M,2020-01-25,Option B,Canadienne,Kenitra,Espagne,29
Chentouf,John,M,2021-07-26,Option C,Canadienne,Tétouan,Italie,64
Essadiq,Marie,M,2020-10-23,Option B,Française,Rabat,Espagne,26
Smith,Antoine,F,2020-03-10,Option C,Allemande,Marseille,Japon,54
El Amrani,David,M,2020-06-18,Option C,Japonaise,Toulouse,Japon,24
El Amrani,Hugo,M,2020-08-29,Option B,Française,Bruxelles,Mexique,27
Miller,Louis,M,2023-08-27,Option C,Japonaise,Kenitra,Argentine,25
Miller,Rachid,M,2023-12-17,Option B,Canadienne,Paris,Espagne,28
Garcia,Salma,M,2022-05-25,Option B,Allemande,Lisbonne,Mexique,32
Mouline,Claire,F,2022-02-14,Option B,Canadienne,Tétouan,UK,24
Jones,Zineb,F,2023-09-30,Option B,Marocaine,Kenitra,Australie,38
Miller,Mohamed,M,2020-01-17,Option C,Française,Casablanca,Allemagne,54
Smith,Ali,F,2021-08-05,Option A,Marocaine,Toulouse,France,42
Smith,Salma,M,2020-11-19,Option B,Française,Bruxelles,Portugal,41
Brown,Karim,M,2020-01-11,Option C,Canadienne,Casablanca,Belgique,43
Johnson,Rachid,M,2022-03-31,Option B,Française,Rabat,Australie,59
Martin,James,M,2022-12-03,Option C,Canadienne,Fès,UK,21
El Idrissi,Emma,F,2023-01-03,Option C,Américaine,Paris,Australie,33
Garcia,Jessica,M,2023-10-02,Option C,Marocaine,Tanger,UK,62
Adel,Marc,F,2022-03-20,Option B,Japonaise,Bordeaux,Japon,64
Smith,Zineb,F,2021-01-15,Option B,Française,Madrid,Brésil,63
Smith,Omar,M,2023-10-15,Option C,Américaine,Bruxelles,USA,67
Richard,Hassan,M,2023-12-02,Option C,Japonaise,Montreal,Australie,62
Bernard,James,F,2023-01-04,Option B,Allemande,Oujda,France,30
Dubois,Elizabeth,M,2020-06-15,Option C,Canadienne,Casablanca,Japon,50
Garcia,Ali,M,2021-06-29,Option B,Française,Madrid,Argentine,48
El Amrani,Louis,M,2021-06-27,Option C,Canadienne,Paris,Allemagne,61
Laurent,Elizabeth,F,2021-08-17,Option A,Canadienne,Tétouan,Égypte,66
Richard,Marc,F,2023-12-29,Option A,Française,Lyon,Égypte,24
Dupont,Barbara,F,2021-09-11,Option A,Marocaine,Kenitra,USA,25
Garcia,Thomas,M,2023-12-15,Option C,Marocaine,Rabat,Chine,44
Robert,James,F,2022-04-19,Option C,Espagnole,Rome,Chine,41
El Idrissi,Christopher,M,2023-12-27,Option B,Canadienne,Fès,Chine,26
Othmani,Amina,F,2022-02-04,Option A,Canadienne,Rome,USA,27
Jones,Julie,F,2021-01-31,Option C,Française,Montreal,Espagne,36
Richard,Jennifer,F,2021-08-13,Option B,Canadienne,Kenitra,Belgique,23
Dubois,Salma,F,2020-11-10,Option C,Française,Kenitra,Chine,33
Brown,Karim,M,2023-09-22,Option C,Française,Oujda,Belgique,61
Davis,Robert,M,2023-11-01,Option B,Marocaine,Londres,Australie,66
Robert,Robert,M,2021-06-08,Option A,Française,Rabat,Brésil,30
Jones,Michael,M,2020-06-01,Option C,Canadienne,Fès,Maroc,50
Miller,Camille,F,2021-02-22,Option A,Marocaine,Lisbonne,Tunisie,33
Williams,Karen,F,2023-05-25,Option B,Canadienne,Kenitra,Brésil,42
Garcia,Barbara,F,2020-10-10,Option B,Française,Genève,Brésil,22
Dubois,Elizabeth,F,2023-04-15,Option C,Japonaise,Rabat,Australie,59
Smith,Nicolas,F,2020-06-14,Option A,Française,Fès,Chine,24
El Haddad,Ikram,M,2020-12-22,Option C,Canadienne,Fès,Brésil,60
Benali,Robert,M,2021-07-19,Option A,Marocaine,Bruxelles,Italie,63
Chentouf,Rachid,M,2020-04-13,Option C,Marocaine,Berlin,Chine,28
Williams,Claire,F,2022-09-24,Option B,Japonaise,Lisbonne,Australie,44
