id,athlete,sport,pays,resultat,date
id_00000927,Usain Bolt,Basketball,USA,Défaite,2021-02-01
id_00000876,Aryna Sabalenka,Football,USA,Victoire,2020-04-10
id_00000779,Hakim Ziyech,Rugby,Allemagne,Victoire,2021-04-12
id_00000815,Novak Djokovic,Basketball,Afrique du Sud,Victoire,2020-01-07
id_00000366,Aryna Sabalenka,Tennis,Espagne,Victoire,2023-04-07
id_00000906,Antoine Dupont,Rugby,USA,Défaite,2022-03-09
id_00000347,Mohamed Salah,Athlétisme,Allemagne,Victoire,2023-05-25
id_00000388,Erling Haaland,Tennis,USA,Nul,2022-06-22
id_00000691,Achraf Hakimi,Tennis,Espagne,Victoire,2023-04-22
id_00000271,Stephen Curry,Tennis,France,Défaite,2023-05-23
id_00000103,Hakim Ziyech,Basketball,USA,Victoire,2022-06-08
id_00000997,Aryna Sabalenka,Rugby,USA,Victoire,2021-10-06
id_00000515,Kylian Mbappé,Tennis,Maroc,Nul,2020-01-14
id_00000029,Achraf Hakimi,Football,USA,Victoire,2023-07-14
id_00000879,Novak Djokovic,Athlétisme,USA,Victoire,2022-06-10
id_00000819,Kevin Durant,Athlétisme,Maroc,Défaite,2020-12-05
id_00000218,Cheslin Kolbe,Basketball,USA,Victoire,2022-05-16
id_00000198,Giannis Antetokounmpo,Tennis,USA,Victoire,2020-10-14
id_00000135,Giannis Antetokounmpo,Rugby,Afrique du Sud,Défaite,2020-07-31
id_00000592,LeBron James,Tennis,Afrique du Sud,Nul,2020-11-27
id_00000124,Antoine Dupont,Tennis,France,Défaite,2020-05-09
id_00000216,Antoine Dupont,Tennis,USA,Défaite,2023-06-27
id_00000215,Beauden Barrett,Basketball,USA,Défaite,2023-04-26
id_00000099,Achraf Hakimi,Basketball,USA,Victoire,2020-11-15
id_00000185,Achraf Hakimi,Tennis,Maroc,Défaite,2022-01-12
id_00000912,Beauden Barrett,Basketball,Maroc,Défaite,2022-04-03
id_00000638,Kevin Durant,Tennis,USA,Victoire,2021-09-21
id_00000787,Mohamed Salah,Football,Maroc,Victoire,2023-03-28
id_00000515,LeBron James,Tennis,Espagne,Défaite,2021-02-14
id_00000558,Mohamed Salah,Tennis,Nouvelle-Zélande,Victoire,2023-11-29
id_00000153,Novak Djokovic,Rugby,Angleterre,Victoire,2022-09-10
id_00000088,Aryna Sabalenka,Tennis,USA,Victoire,2022-08-24
id_00000555,Novak Djokovic,Rugby,Allemagne,Défaite,2020-12-24
id_00000058,LeBron James,Basketball,USA,Victoire,2021-05-05
id_00000248,Antoine Dupont,Football,Espagne,Victoire,2021-10-16
id_00000259,Kylian Mbappé,Rugby,Angleterre,Victoire,2020-12-26
id_00000869,Aryna Sabalenka,Tennis,USA,Défaite,2022-10-22
id_00000418,LeBron James,Rugby,USA,Victoire,2022-12-06
id_00000589,Giannis Antetokounmpo,Basketball,USA,Victoire,2021-09-18
id_00000722,Beauden Barrett,Basketball,Allemagne,Défaite,2021-10-26
id_00000471,Kylian Mbappé,Football,USA,Défaite,2021-06-17
id_00000592,LeBron James,Football,USA,Défaite,2021-07-30
id_00000463,Kevin Durant,Rugby,USA,Victoire,2020-04-08
id_00000006,Faith Kipyegon,Tennis,Espagne,Victoire,2022-04-24
id_00000982,Kevin Durant,Football,Allemagne,Nul,2020-08-18
id_00000819,Mohamed Salah,Rugby,Afrique du Sud,Défaite,2023-04-23
id_00000370,Kevin Durant,Athlétisme,Allemagne,Nul,2023-10-08
id_00000154,Hakim Ziyech,Rugby,USA,Défaite,2023-02-11
id_00000168,Mohamed Salah,Tennis,USA,Défaite,2021-09-15
id_00000609,Hakim Ziyech,Basketball,USA,Nul,2021-05-28
id_00000127,Mohamed Salah,Rugby,Espagne,Victoire,2021-01-08
id_00000300,Kevin Durant,Basketball,USA,Victoire,2021-11-26
id_00000700,Hakim Ziyech,Rugby,USA,Victoire,2020-01-07
id_00000619,Mondo Duplantis,Athlétisme,Espagne,Défaite,2020-10-09
id_00000880,Kylian Mbappé,Football,Angleterre,Nul,2020-09-26
id_00000489,Novak Djokovic,Athlétisme,USA,Victoire,2021-10-04
id_00000442,Antoine Dupont,Tennis,Espagne,Nul,2022-03-30
id_00000023,Antoine Dupont,Athlétisme,USA,Défaite,2023-06-02
id_00000847,Achraf Hakimi,Athlétisme,Allemagne,Défaite,2021-09-19
id_00000796,Giannis Antetokounmpo,Rugby,Allemagne,Défaite,2021-11-28
id_00000407,Kevin Durant,Football,Nouvelle-Zélande,Victoire,2020-11-20
id_00000008,Kylian Mbappé,Football,Maroc,Nul,2021-09-01
id_00000189,Novak Djokovic,Basketball,Nouvelle-Zélande,Victoire,2020-04-10
id_00000046,LeBron James,Basketball,Espagne,Victoire,2020-07-22
id_00000044,Kevin Durant,Football,Afrique du Sud,Nul,2022-01-14
id_00000226,Antoine Dupont,Basketball,Nouvelle-Zélande,Victoire,2020-11-17
id_00000573,Achraf Hakimi,Tennis,Allemagne,Victoire,2023-09-29
id_00000440,Kylian Mbappé,Football,Afrique du Sud,Défaite,2021-09-29
id_00000866,Giannis Antetokounmpo,Football,France,Victoire,2021-08-26
id_00000998,Novak Djokovic,Basketball,USA,Victoire,2023-04-01
id_00000441,Erling Haaland,Rugby,USA,Défaite,2020-07-04
id_00000893,Usain Bolt,Athlétisme,USA,Nul,2023-05-22
id_00000328,Faith Kipyegon,Tennis,USA,Défaite,2021-12-23
id_00000447,Beauden Barrett,Basketball,Maroc,Nul,2020-09-26
id_00000487,Hakim Ziyech,Athlétisme,Espagne,Nul,2023-08-27
id_00000322,Carlos Alcaraz,Basketball,USA,Victoire,2023-12-25
id_00000422,Faith Kipyegon,Tennis,Angleterre,Défaite,2023-04-09
id_00000105,LeBron James,Football,USA,Victoire,2022-06-16
id_00000887,Hakim Ziyech,Rugby,Angleterre,Nul,2021-11-18
id_00000422,Antoine Dupont,Football,USA,Défaite,2020-11-21
id_00000294,Novak Djokovic,Rugby,Afrique du Sud,Défaite,2021-08-13
id_00000831,Beauden Barrett,Rugby,USA,Victoire,2022-12-23
id_00000617,Erling Haaland,Football,Maroc,Nul,2021-10-27
id_00000541,Iga Świątek,Athlétisme,USA,Défaite,2023-11-12
id_00000920,Kylian Mbappé,Athlétisme,USA,Nul,2021-05-27
id_00000349,Kylian Mbappé,Football,USA,Nul,2021-04-08
id_00000345,LeBron James,Tennis,USA,Victoire,2020-11-06
id_00000721,Antoine Dupont,Tennis,Nouvelle-Zélande,Nul,2020-06-30
id_00000620,Cheslin Kolbe,Athlétisme,France,Défaite,2023-03-05
id_00000270,Antoine Dupont,Tennis,France,Nul,2020-12-10
id_00000555,LeBron James,Rugby,USA,Défaite,2021-07-28
id_00000718,Eliud Kipchoge,Basketball,USA,Défaite,2021-11-02
id_00000946,Achraf Hakimi,Rugby,USA,Victoire,2020-03-04
id_00000433,Kylian Mbappé,Athlétisme,USA,Victoire,2023-01-14
id_00000792,Carlos Alcaraz,Basketball,France,Victoire,2023-12-19
id_00000168,Antoine Dupont,Tennis,USA,Victoire,2020-04-29
id_00000861,Faith Kipyegon,Tennis,Espagne,Défaite,2021-05-12
id_00000874,Aryna Sabalenka,Football,Maroc,Victoire,2020-10-06
id_00000564,Achraf Hakimi,Athlétisme,USA,Nul,2023-05-24
id_00000520,Giannis Antetokounmpo,Basketball,USA,Victoire,2021-11-01
id_00000893,Stephen Curry,Tennis,Espagne,Défaite,2022-07-02
id_00000185,Novak Djokovic,Athlétisme,Nouvelle-Zélande,Défaite,2023-12-27
id_00000864,Antoine Dupont,Rugby,USA,Victoire,2022-08-31
id_00000214,Kylian Mbappé,Football,France,Défaite,2020-05-13
id_00000324,Eliud Kipchoge,Football,USA,Victoire,2021-03-19
id_00000766,Erling Haaland,Tennis,USA,Défaite,2020-09-12
id_00000277,Usain Bolt,Football,France,Victoire,2022-08-27
id_00000859,Kylian Mbappé,Tennis,USA,Victoire,2022-03-09
id_00000007,Mohamed Salah,Football,Nouvelle-Zélande,Nul,2020-05-25
id_00000910,Giannis Antetokounmpo,Football,USA,Défaite,2021-02-23
id_00000111,LeBron James,Football,Espagne,Victoire,2022-01-12
id_00000652,Hakim Ziyech,Football,Espagne,Nul,2022-05-27
id_00000051,Giannis Antetokounmpo,Football,Espagne,Nul,2023-12-21
id_00000665,Aryna Sabalenka,Rugby,Espagne,Victoire,2021-11-26
id_00000188,Usain Bolt,Tennis,Espagne,Victoire,2020-07-26
id_00000436,Antoine Dupont,Football,USA,Défaite,2020-10-01
id_00000847,Kevin Durant,Athlétisme,Allemagne,Victoire,2022-01-24
id_00000322,Kevin Durant,Basketball,USA,Nul,2023-05-03
id_00000561,Erling Haaland,Tennis,USA,Défaite,2021-08-23
id_00000084,Kylian Mbappé,Athlétisme,Espagne,Victoire,2022-07-16
id_00000279,Stephen Curry,Football,Espagne,Défaite,2020-03-06
id_00000647,LeBron James,Rugby,Nouvelle-Zélande,Victoire,2022-04-23
id_00000878,Antoine Dupont,Basketball,USA,Défaite,2021-07-07
id_00000203,Antoine Dupont,Tennis,France,Victoire,2020-07-01
id_00000272,Beauden Barrett,Rugby,Afrique du Sud,Nul,2020-07-20
id_00000722,Hakim Ziyech,Athlétisme,Nouvelle-Zélande,Défaite,2021-11-24
id_00000292,Stephen Curry,Rugby,USA,Défaite,2022-07-12
id_00000248,Giannis Antetokounmpo,Basketball,USA,Défaite,2023-07-01
id_00000710,Erling Haaland,Basketball,USA,Défaite,2020-06-28
id_00000284,Kylian Mbappé,Athlétisme,Maroc,Victoire,2023-02-09
id_00000877,Beauden Barrett,Rugby,Nouvelle-Zélande,Victoire,2021-09-29
id_00000557,Giannis Antetokounmpo,Basketball,USA,Défaite,2023-09-02
id_00000029,Achraf Hakimi,Tennis,USA,Défaite,2023-11-26
id_00000700,Antoine Dupont,Football,USA,Défaite,2021-01-07
id_00000879,Novak Djokovic,Football,Espagne,Nul,2021-10-13
id_00000287,Iga Świątek,Tennis,Allemagne,Défaite,2023-07-06
id_00000194,Hakim Ziyech,Football,Maroc,Nul,2022-04-17
id_00000327,Kylian Mbappé,Football,Espagne,Nul,2023-01-24
id_00000930,Antoine Dupont,Tennis,USA,Défaite,2023-01-19
id_00000416,Mohamed Salah,Tennis,USA,Défaite,2023-04-02
id_00000286,LeBron James,Athlétisme,Espagne,Nul,2020-01-30
id_00000510,Mohamed Salah,Football,Maroc,Nul,2021-07-10
id_00000011,Mohamed Salah,Football,USA,Nul,2022-11-19
id_00000787,Novak Djokovic,Tennis,USA,Nul,2021-12-09
id_00000748,Erling Haaland,Rugby,Maroc,Victoire,2022-10-09
id_00000415,LeBron James,Athlétisme,Allemagne,Défaite,2021-03-18
id_00000156,Giannis Antetokounmpo,Rugby,Afrique du Sud,Victoire,2020-02-08
id_00000861,Erling Haaland,Basketball,Angleterre,Victoire,2023-11-29
id_00000520,Kevin Durant,Tennis,USA,Défaite,2020-10-31
id_00000333,Kylian Mbappé,Basketball,USA,Victoire,2022-12-16
id_00000707,Kevin Durant,Football,USA,Victoire,2020-10-22
id_00000066,Cheslin Kolbe,Football,Maroc,Victoire,2022-08-22
id_00000316,Cheslin Kolbe,Football,Maroc,Victoire,2020-07-09
id_00000913,Kevin Durant,Basketball,Nouvelle-Zélande,Victoire,2021-09-15
id_00000898,Mondo Duplantis,Tennis,France,Défaite,2020-07-04
id_00000235,Beauden Barrett,Football,Allemagne,Défaite,2023-02-06
id_00000086,Kevin Durant,Rugby,Nouvelle-Zélande,Défaite,2020-02-19
id_00000034,Achraf Hakimi,Football,Afrique du Sud,Victoire,2022-08-20
id_00000492,Erling Haaland,Athlétisme,Espagne,Nul,2020-07-23
id_00000733,LeBron James,Rugby,USA,Victoire,2023-11-02
id_00000800,Kevin Durant,Tennis,Espagne,Nul,2021-11-11
id_00000698,LeBron James,Rugby,Afrique du Sud,Victoire,2023-12-31
id_00000504,Cheslin Kolbe,Basketball,France,Victoire,2022-02-12
id_00000521,Giannis Antetokounmpo,Basketball,USA,Défaite,2023-12-31
id_00000175,Achraf Hakimi,Tennis,Nouvelle-Zélande,Défaite,2020-12-17
id_00000714,Novak Djokovic,Tennis,Angleterre,Victoire,2021-07-13
id_00000920,Mohamed Salah,Football,Espagne,Nul,2021-08-12
id_00000106,Achraf Hakimi,Tennis,France,Défaite,2020-03-24
id_00000142,Stephen Curry,Athlétisme,USA,Défaite,2022-05-14
id_00000337,Hakim Ziyech,Athlétisme,Maroc,Nul,2023-06-19
id_00000399,LeBron James,Tennis,USA,Victoire,2023-10-22
id_00000065,Kevin Durant,Tennis,USA,Victoire,2023-07-19
id_00000383,Achraf Hakimi,Tennis,Espagne,Défaite,2020-08-22
id_00000711,Iga Świątek,Tennis,Allemagne,Victoire,2020-10-22
id_00000375,Aryna Sabalenka,Football,France,Défaite,2021-07-27
id_00000165,Achraf Hakimi,Tennis,Nouvelle-Zélande,Défaite,2023-03-26
id_00000284,Aryna Sabalenka,Basketball,France,Défaite,2022-08-17
id_00000914,Novak Djokovic,Basketball,USA,Victoire,2020-02-10
id_00000860,Beauden Barrett,Athlétisme,France,Défaite,2021-05-04
id_00000505,Giannis Antetokounmpo,Football,Espagne,Nul,2022-07-27
id_00000023,Mondo Duplantis,Rugby,Allemagne,Victoire,2020-06-03
id_00000702,Aryna Sabalenka,Football,Allemagne,Victoire,2020-12-20
id_00000034,Eliud Kipchoge,Tennis,USA,Victoire,2021-06-21
id_00000598,LeBron James,Tennis,Angleterre,Nul,2021-07-20
id_00000297,Beauden Barrett,Rugby,USA,Défaite,2020-04-20
id_00000313,Iga Świątek,Athlétisme,France,Défaite,2020-11-25
id_00000983,Achraf Hakimi,Athlétisme,Maroc,Victoire,2023-05-09
id_00000195,Kylian Mbappé,Athlétisme,Espagne,Nul,2020-08-09
id_00000139,Achraf Hakimi,Basketball,Espagne,Nul,2022-08-30
id_00000705,Usain Bolt,Tennis,USA,Défaite,2021-12-16
id_00000394,Iga Świątek,Rugby,Afrique du Sud,Nul,2020-09-27
id_00000806,LeBron James,Football,USA,Nul,2023-09-24
id_00000668,Iga Świątek,Athlétisme,Allemagne,Défaite,2020-11-06
id_00000906,Eliud Kipchoge,Athlétisme,USA,Défaite,2023-03-20
id_00000153,Kylian Mbappé,Tennis,France,Victoire,2020-07-02
id_00000249,Erling Haaland,Football,Espagne,Victoire,2021-11-25
id_00000858,Carlos Alcaraz,Basketball,Nouvelle-Zélande,Victoire,2020-02-01
id_00000601,Achraf Hakimi,Football,Espagne,Nul,2023-03-31
id_00000261,Carlos Alcaraz,Tennis,USA,Défaite,2020-11-03
id_00000182,Achraf Hakimi,Tennis,France,Victoire,2022-01-19
id_00000819,LeBron James,Rugby,Maroc,Victoire,2023-07-06
id_00000091,Iga Świątek,Tennis,Allemagne,Victoire,2021-01-31
id_00000691,Stephen Curry,Athlétisme,Maroc,Défaite,2022-12-20
id_00000745,Hakim Ziyech,Football,Angleterre,Nul,2023-12-06
id_00000157,Giannis Antetokounmpo,Athlétisme,Espagne,Défaite,2021-11-27
id_00000322,LeBron James,Basketball,Afrique du Sud,Défaite,2020-01-08
id_00000823,Iga Świątek,Athlétisme,Espagne,Défaite,2023-10-09
id_00000751,Novak Djokovic,Tennis,France,Défaite,2023-12-11
id_00000162,Erling Haaland,Football,Espagne,Nul,2022-02-23
id_00000314,Hakim Ziyech,Football,USA,Victoire,2022-02-19
id_00000387,Antoine Dupont,Football,Allemagne,Défaite,2023-09-09
id_00000463,Hakim Ziyech,Football,USA,Victoire,2022-06-16
id_00000445,Novak Djokovic,Football,Allemagne,Victoire,2021-11-28
id_00000140,Eliud Kipchoge,Football,France,Défaite,2023-09-20
id_00000100,Giannis Antetokounmpo,Tennis,Angleterre,Défaite,2020-08-22
id_00000171,Kylian Mbappé,Football,Angleterre,Nul,2023-02-16
id_00000810,Mondo Duplantis,Tennis,USA,Défaite,2020-01-28
id_00000555,Erling Haaland,Tennis,Espagne,Nul,2021-10-03
id_00000483,Antoine Dupont,Tennis,USA,Victoire,2020-09-21
id_00000348,Antoine Dupont,Athlétisme,USA,Défaite,2020-07-27
id_00000193,Stephen Curry,Rugby,Afrique du Sud,Victoire,2020-08-13
id_00000816,Kevin Durant,Tennis,Afrique du Sud,Défaite,2021-04-04
id_00000462,Kevin Durant,Tennis,USA,Défaite,2020-01-31
id_00000640,Kevin Durant,Rugby,Nouvelle-Zélande,Victoire,2021-04-19
id_00000245,Kevin Durant,Tennis,Nouvelle-Zélande,Défaite,2022-01-16
id_00000417,Hakim Ziyech,Tennis,USA,Victoire,2020-03-22
id_00000194,Cheslin Kolbe,Basketball,Espagne,Défaite,2020-10-07
id_00000334,Carlos Alcaraz,Football,Espagne,Victoire,2022-04-25
id_00000809,Antoine Dupont,Basketball,Espagne,Défaite,2022-07-20
id_00000009,Carlos Alcaraz,Football,France,Défaite,2021-10-04
id_00000660,Kevin Durant,Athlétisme,Espagne,Victoire,2021-11-12
id_00000349,Erling Haaland,Football,Nouvelle-Zélande,Défaite,2023-12-11
id_00000775,Mohamed Salah,Basketball,Espagne,Défaite,2022-08-01
id_00000011,Kevin Durant,Tennis,USA,Victoire,2020-08-02
id_00000488,Kylian Mbappé,Football,Maroc,Défaite,2022-10-18
id_00000815,LeBron James,Athlétisme,USA,Nul,2023-11-24
id_00000750,Usain Bolt,Tennis,Espagne,Nul,2022-12-01
id_00000689,Hakim Ziyech,Rugby,Espagne,Victoire,2022-07-31
id_00000395,Iga Świątek,Basketball,Maroc,Défaite,2021-04-13
id_00000634,Achraf Hakimi,Football,USA,Défaite,2022-04-12
id_00000279,Giannis Antetokounmpo,Rugby,France,Nul,2021-03-27
id_00000296,Kevin Durant,Tennis,Angleterre,Défaite,2020-06-02
id_00000896,Achraf Hakimi,Athlétisme,France,Défaite,2021-04-05
id_00000231,Kylian Mbappé,Tennis,USA,Victoire,2021-10-10
id_00000559,Mohamed Salah,Tennis,Espagne,Défaite,2022-10-05
id_00000920,Hakim Ziyech,Football,USA,Nul,2023-03-06
id_00000469,Stephen Curry,Football,France,Victoire,2022-07-11
id_00000494,Erling Haaland,Football,Espagne,Nul,2023-09-02
id_00000134,Eliud Kipchoge,Athlétisme,Espagne,Victoire,2020-07-03
id_00000725,Mohamed Salah,Football,Espagne,Défaite,2020-08-23
id_00000022,Kylian Mbappé,Football,Espagne,Nul,2023-12-29
id_00000596,Achraf Hakimi,Football,Allemagne,Nul,2020-04-01
id_00000320,Eliud Kipchoge,Tennis,France,Nul,2021-12-11
id_00000412,Eliud Kipchoge,Tennis,USA,Défaite,2023-02-21
id_00000073,Kevin Durant,Football,Espagne,Victoire,2021-03-30
id_00000338,Mohamed Salah,Basketball,USA,Défaite,2023-06-10
id_00000878,Giannis Antetokounmpo,Football,France,Défaite,2022-11-17
id_00000493,Hakim Ziyech,Football,Angleterre,Nul,2022-01-28
id_00000089,Hakim Ziyech,Tennis,Maroc,Nul,2022-10-18
id_00000555,Erling Haaland,Football,Angleterre,Nul,2021-08-05
id_00000777,Kylian Mbappé,Football,Angleterre,Nul,2023-11-09
id_00000326,Carlos Alcaraz,Basketball,France,Victoire,2023-04-24
id_00000068,Achraf Hakimi,Football,USA,Victoire,2023-04-19
id_00000152,Beauden Barrett,Tennis,France,Victoire,2021-01-30
id_00000724,Aryna Sabalenka,Football,Nouvelle-Zélande,Nul,2021-02-23
id_00000857,Kevin Durant,Football,USA,Défaite,2021-08-15
id_00000902,Achraf Hakimi,Football,USA,Défaite,2020-09-16
id_00000592,Faith Kipyegon,Tennis,USA,Défaite,2020-02-06
id_00000072,Erling Haaland,Tennis,Nouvelle-Zélande,Défaite,2020-04-29
id_00000593,Stephen Curry,Basketball,USA,Victoire,2023-10-22
id_00000468,Beauden Barrett,Tennis,USA,Victoire,2021-12-19
id_00000748,Eliud Kipchoge,Football,Espagne,Nul,2020-12-14
id_00000150,Iga Świątek,Basketball,USA,Défaite,2023-12-26
id_00000593,Erling Haaland,Basketball,France,Défaite,2021-04-12
id_00000265,Erling Haaland,Tennis,Espagne,Victoire,2022-11-26
id_00000281,Aryna Sabalenka,Tennis,USA,Victoire,2020-08-09
id_00000906,Cheslin Kolbe,Football,Espagne,Nul,2022-12-21
id_00000276,Erling Haaland,Rugby,USA,Victoire,2021-06-07
id_00000542,Eliud Kipchoge,Athlétisme,Espagne,Victoire,2021-08-09
id_00000723,Eliud Kipchoge,Athlétisme,Espagne,Défaite,2021-06-26
id_00000516,Hakim Ziyech,Athlétisme,Maroc,Nul,2021-10-10
id_00000087,Usain Bolt,Basketball,USA,Défaite,2022-02-17
id_00000632,Hakim Ziyech,Tennis,USA,Victoire,2021-03-08
id_00000854,Kylian Mbappé,Football,USA,Nul,2021-12-25
id_00000908,Hakim Ziyech,Tennis,Espagne,Défaite,2021-12-03
id_00000253,Carlos Alcaraz,Rugby,Afrique du Sud,Victoire,2021-11-26
id_00000604,Antoine Dupont,Basketball,Angleterre,Défaite,2023-03-28
id_00000800,Beauden Barrett,Tennis,France,Défaite,2020-04-20
id_00000353,Novak Djokovic,Tennis,France,Victoire,2020-11-23
id_00000506,Antoine Dupont,Tennis,Espagne,Défaite,2022-04-28
id_00000996,Kevin Durant,Basketball,USA,Victoire,2020-04-03
id_00000399,Antoine Dupont,Tennis,USA,Victoire,2020-12-08
id_00000378,LeBron James,Tennis,Espagne,Victoire,2021-05-25
id_00000878,Achraf Hakimi,Athlétisme,USA,Défaite,2022-10-22
id_00000879,Kevin Durant,Tennis,Afrique du Sud,Défaite,2022-04-20
id_00000995,LeBron James,Football,Nouvelle-Zélande,Défaite,2023-07-15
id_00000727,Mohamed Salah,Tennis,Espagne,Défaite,2022-08-30
id_00000268,Aryna Sabalenka,Athlétisme,Espagne,Défaite,2023-08-07
id_00000262,Usain Bolt,Football,Espagne,Nul,2021-05-13
id_00000077,Carlos Alcaraz,Athlétisme,Nouvelle-Zélande,Défaite,2021-05-14
id_00000701,Giannis Antetokounmpo,Athlétisme,Espagne,Nul,2020-02-24
id_00000112,Hakim Ziyech,Football,Nouvelle-Zélande,Victoire,2022-01-01
id_00000420,Hakim Ziyech,Tennis,USA,Défaite,2020-05-25
id_00000888,Antoine Dupont,Tennis,Nouvelle-Zélande,Victoire,2022-08-03
id_00000574,Hakim Ziyech,Athlétisme,USA,Victoire,2020-01-30
id_00000823,Kylian Mbappé,Tennis,Afrique du Sud,Défaite,2023-01-23
id_00000588,Carlos Alcaraz,Rugby,Allemagne,Victoire,2021-08-02
id_00000241,Aryna Sabalenka,Football,USA,Victoire,2020-09-02
id_00000933,Erling Haaland,Athlétisme,USA,Victoire,2023-05-25
id_00000623,Kylian Mbappé,Football,Espagne,Défaite,2020-09-12
id_00000057,Kevin Durant,Football,USA,Défaite,2021-11-07
id_00000908,Novak Djokovic,Football,Espagne,Nul,2021-01-31
id_00000586,Stephen Curry,Tennis,Angleterre,Victoire,2020-04-24
id_00000334,Hakim Ziyech,Athlétisme,Angleterre,Défaite,2022-11-08
id_00000825,Hakim Ziyech,Basketball,USA,Victoire,2020-02-22
id_00000010,Erling Haaland,Tennis,Angleterre,Victoire,2023-09-02
id_00000436,Achraf Hakimi,Athlétisme,Espagne,Nul,2021-04-05
id_00000588,Faith Kipyegon,Tennis,USA,Défaite,2023-02-08
id_00000596,Usain Bolt,Football,Espagne,Victoire,2023-07-15
id_00000920,Kevin Durant,Athlétisme,Espagne,Défaite,2020-06-02
id_00000455,Mondo Duplantis,Football,Afrique du Sud,Nul,2022-11-15
id_00000031,Usain Bolt,Rugby,USA,Victoire,2021-02-08
id_00000699,Mohamed Salah,Rugby,USA,Défaite,2021-02-23
id_00000566,Achraf Hakimi,Basketball,France,Défaite,2021-05-09
id_00000570,Usain Bolt,Football,France,Défaite,2023-02-16
id_00000892,Carlos Alcaraz,Basketball,USA,Défaite,2022-09-02
id_00000555,Carlos Alcaraz,Tennis,Espagne,Victoire,2023-01-16
id_00000462,Hakim Ziyech,Tennis,Allemagne,Défaite,2023-08-24
id_00000815,Hakim Ziyech,Football,Allemagne,Défaite,2021-09-18
id_00000215,LeBron James,Football,USA,Victoire,2022-07-19
id_00000655,Cheslin Kolbe,Rugby,USA,Victoire,2021-08-09
id_00000103,Achraf Hakimi,Tennis,USA,Défaite,2021-04-24
id_00000355,Mondo Duplantis,Basketball,Nouvelle-Zélande,Défaite,2020-11-21
id_00000031,Kylian Mbappé,Athlétisme,Angleterre,Défaite,2021-10-23
id_00000058,Kevin Durant,Rugby,USA,Victoire,2023-02-02
id_00000274,Achraf Hakimi,Football,Allemagne,Défaite,2020-05-15
id_00000859,Cheslin Kolbe,Basketball,USA,Victoire,2020-08-23
id_00000631,Kevin Durant,Football,USA,Victoire,2023-03-17
id_00000535,Usain Bolt,Tennis,France,Défaite,2020-02-22
id_00000557,Kylian Mbappé,Athlétisme,Espagne,Défaite,2021-02-18
id_00000549,Carlos Alcaraz,Tennis,USA,Victoire,2023-05-30
id_00000603,Kylian Mbappé,Basketball,Espagne,Victoire,2021-04-29
id_00000299,Kylian Mbappé,Football,USA,Nul,2022-09-08
id_00000634,Mohamed Salah,Rugby,Espagne,Nul,2020-10-26
id_00000564,Cheslin Kolbe,Football,USA,Nul,2020-03-12
id_00000429,Beauden Barrett,Tennis,Angleterre,Défaite,2021-11-26
id_00000431,Antoine Dupont,Football,USA,Nul,2022-11-02
id_00000998,Giannis Antetokounmpo,Athlétisme,USA,Défaite,2023-08-15
id_00000612,Giannis Antetokounmpo,Athlétisme,Espagne,Nul,2020-10-05
id_00000854,Kevin Durant,Football,USA,Défaite,2020-03-04
id_00000874,Iga Świątek,Football,Maroc,Nul,2022-12-29
id_00000484,Carlos Alcaraz,Basketball,Maroc,Victoire,2020-07-31
id_00000154,Antoine Dupont,Football,France,Nul,2021-09-16
id_00000222,Hakim Ziyech,Rugby,Nouvelle-Zélande,Nul,2023-10-13
id_00000197,Achraf Hakimi,Football,France,Nul,2022-12-24
id_00000061,Erling Haaland,Football,Espagne,Victoire,2022-03-13
id_00000762,Mohamed Salah,Rugby,Espagne,Victoire,2023-06-19
id_00000883,Kevin Durant,Rugby,Allemagne,Victoire,2022-02-28
id_00000448,Kylian Mbappé,Athlétisme,Angleterre,Défaite,2021-04-08
id_00000689,Stephen Curry,Tennis,France,Défaite,2020-04-22
id_00000722,Achraf Hakimi,Football,Allemagne,Défaite,2020-07-20
id_00000028,Kevin Durant,Rugby,USA,Victoire,2021-11-05
id_00000584,Stephen Curry,Rugby,Nouvelle-Zélande,Défaite,2020-10-11
id_00000824,Achraf Hakimi,Rugby,Nouvelle-Zélande,Défaite,2022-05-29
id_00000726,Kylian Mbappé,Tennis,Angleterre,Défaite,2023-10-31
id_00000064,Kevin Durant,Tennis,Maroc,Défaite,2022-06-30
id_00000970,Kylian Mbappé,Football,Espagne,Défaite,2022-03-23
id_00000278,Giannis Antetokounmpo,Football,Espagne,Défaite,2020-05-26
id_00000492,Erling Haaland,Tennis,USA,Nul,2022-08-11
id_00000559,Achraf Hakimi,Tennis,Espagne,Défaite,2020-06-29
id_00000004,Hakim Ziyech,Basketball,France,Victoire,2021-07-22
id_00000656,Stephen Curry,Rugby,USA,Victoire,2023-06-02
id_00000375,Mohamed Salah,Basketball,Espagne,Victoire,2021-05-29
id_00000780,Mondo Duplantis,Tennis,Angleterre,Défaite,2022-07-26
id_00000597,Cheslin Kolbe,Tennis,Maroc,Défaite,2021-12-12
id_00000153,Mohamed Salah,Athlétisme,USA,Victoire,2021-06-26
id_00000595,Novak Djokovic,Football,Espagne,Défaite,2022-08-29
id_00000162,Usain Bolt,Rugby,USA,Défaite,2020-06-24
id_00000944,Stephen Curry,Tennis,Afrique du Sud,Victoire,2022-12-01
id_00000328,Erling Haaland,Football,Espagne,Victoire,2023-07-01
id_00000173,Hakim Ziyech,Football,Angleterre,Victoire,2023-02-18
id_00000295,Hakim Ziyech,Football,Espagne,Nul,2022-11-30
id_00000746,Kylian Mbappé,Basketball,Angleterre,Nul,2021-11-23
id_00000753,Kylian Mbappé,Football,USA,Défaite,2021-01-23
id_00000741,Kylian Mbappé,Tennis,USA,Victoire,2022-06-20
id_00000615,Novak Djokovic,Tennis,USA,Défaite,2022-09-15
id_00000067,Mondo Duplantis,Tennis,France,Victoire,2021-09-10
id_00000611,Beauden Barrett,Football,Allemagne,Victoire,2020-06-21
id_00000597,Antoine Dupont,Basketball,USA,Défaite,2021-10-21
id_00000440,Antoine Dupont,Football,Espagne,Nul,2021-04-20
id_00000204,LeBron James,Football,Espagne,Défaite,2020-08-27
id_00000183,Stephen Curry,Tennis,France,Nul,2020-03-07
id_00000431,Faith Kipyegon,Tennis,USA,Défaite,2023-09-23
id_00000093,Novak Djokovic,Athlétisme,USA,Défaite,2021-06-29
id_00000879,Kylian Mbappé,Basketball,USA,Défaite,2023-09-07
id_00000001,Hakim Ziyech,Tennis,Nouvelle-Zélande,Défaite,2021-11-23
id_00000447,Cheslin Kolbe,Athlétisme,Nouvelle-Zélande,Défaite,2021-07-04
id_00000597,Erling Haaland,Basketball,France,Victoire,2021-02-12
id_00000626,Antoine Dupont,Rugby,France,Défaite,2022-03-15
id_00000009,Kevin Durant,Rugby,Maroc,Victoire,2022-02-18
id_00000976,Novak Djokovic,Basketball,France,Victoire,2022-11-03
id_00000293,Erling Haaland,Athlétisme,France,Victoire,2022-06-11
id_00000226,Kylian Mbappé,Football,France,Nul,2021-10-16
id_00000595,Carlos Alcaraz,Tennis,Nouvelle-Zélande,Victoire,2020-09-08
id_00000893,Kevin Durant,Athlétisme,USA,Victoire,2021-06-19
id_00000974,Hakim Ziyech,Tennis,Angleterre,Défaite,2023-08-26
id_00000510,Kylian Mbappé,Tennis,Afrique du Sud,Défaite,2023-10-27
id_00000982,Hakim Ziyech,Football,Angleterre,Défaite,2020-11-15
id_00000922,Achraf Hakimi,Basketball,Espagne,Défaite,2023-03-21
id_00000100,Kylian Mbappé,Tennis,USA,Victoire,2023-12-17
id_00000223,Cheslin Kolbe,Basketball,USA,Défaite,2023-08-04
id_00000744,Hakim Ziyech,Basketball,USA,Victoire,2022-04-15
id_00000496,Beauden Barrett,Football,Espagne,Victoire,2021-05-05
id_00000827,Stephen Curry,Rugby,Afrique du Sud,Victoire,2020-11-16
id_00000367,Mohamed Salah,Tennis,Allemagne,Nul,2021-03-03
id_00000740,Eliud Kipchoge,Basketball,Maroc,Défaite,2020-04-01
id_00000759,Achraf Hakimi,Basketball,USA,Victoire,2020-10-13
id_00000779,Mohamed Salah,Tennis,Nouvelle-Zélande,Défaite,2021-01-27
id_00000762,Kevin Durant,Tennis,Espagne,Victoire,2022-03-07
id_00000286,Kylian Mbappé,Football,Espagne,Nul,2020-08-28
id_00000278,Beauden Barrett,Tennis,Espagne,Victoire,2020-04-27
id_00000447,Eliud Kipchoge,Tennis,USA,Victoire,2020-11-17
id_00000192,Kevin Durant,Basketball,Espagne,Victoire,2021-12-13
id_00000282,Stephen Curry,Athlétisme,Espagne,Défaite,2020-02-10
id_00000395,Hakim Ziyech,Athlétisme,Espagne,Victoire,2023-04-25
id_00000412,Stephen Curry,Tennis,Espagne,Défaite,2020-10-08
id_00000122,Erling Haaland,Rugby,Angleterre,Défaite,2021-05-14
id_00000443,Novak Djokovic,Tennis,France,Défaite,2023-10-24
id_00000059,Giannis Antetokounmpo,Tennis,France,Défaite,2023-08-16
id_00000501,Mohamed Salah,Tennis,Espagne,Nul,2021-05-18
id_00000495,Iga Świątek,Football,Nouvelle-Zélande,Défaite,2023-07-12
id_00000484,Carlos Alcaraz,Tennis,Nouvelle-Zélande,Victoire,2023-01-18
id_00000022,Achraf Hakimi,Rugby,France,Défaite,2021-09-10
id_00000325,Novak Djokovic,Tennis,USA,Défaite,2022-03-21
id_00000892,Kylian Mbappé,Rugby,USA,Défaite,2020-05-09
id_00000338,Usain Bolt,Football,Angleterre,Nul,2023-06-27
id_00000704,Kylian Mbappé,Football,Espagne,Nul,2022-12-08
id_00000691,Stephen Curry,Football,Espagne,Victoire,2022-02-22
id_00000332,Stephen Curry,Tennis,France,Défaite,2021-02-10
id_00000377,Erling Haaland,Football,Maroc,Nul,2021-11-28
id_00000623,Achraf Hakimi,Tennis,Espagne,Nul,2022-06-15
id_00000257,Kevin Durant,Rugby,France,Victoire,2020-09-04
id_00000333,Antoine Dupont,Rugby,USA,Défaite,2023-01-06
id_00000862,Hakim Ziyech,Football,Nouvelle-Zélande,Nul,2021-09-06
id_00000571,Novak Djokovic,Rugby,USA,Victoire,2022-03-02
id_00000447,Novak Djokovic,Rugby,USA,Victoire,2021-08-30
id_00000544,Beauden Barrett,Tennis,USA,Nul,2020-11-18
id_00000872,Aryna Sabalenka,Athlétisme,USA,Défaite,2020-06-17
id_00000508,Kylian Mbappé,Tennis,Nouvelle-Zélande,Défaite,2022-10-06
id_00000728,Antoine Dupont,Tennis,Maroc,Victoire,2023-12-25
id_00000348,Hakim Ziyech,Football,Maroc,Défaite,2022-03-30
id_00000516,Antoine Dupont,Football,Maroc,Nul,2021-03-26
id_00000740,Kylian Mbappé,Football,Espagne,Défaite,2022-11-08
id_00000652,Novak Djokovic,Tennis,Espagne,Victoire,2023-03-05
id_00000279,Cheslin Kolbe,Athlétisme,France,Victoire,2020-12-30
id_00000274,Iga Świątek,Athlétisme,France,Défaite,2022-10-14
id_00000882,Hakim Ziyech,Tennis,USA,Victoire,2023-11-20
id_00000289,Antoine Dupont,Basketball,Espagne,Victoire,2020-07-21
id_00000194,Hakim Ziyech,Tennis,Espagne,Défaite,2023-03-31
id_00000897,Beauden Barrett,Basketball,Angleterre,Défaite,2020-04-15
id_00000055,Beauden Barrett,Athlétisme,France,Défaite,2022-09-30
id_00000284,Erling Haaland,Athlétisme,USA,Défaite,2023-03-08
id_00000246,Mohamed Salah,Tennis,USA,Victoire,2021-06-26
id_00000380,Carlos Alcaraz,Basketball,Maroc,Victoire,2023-04-11
id_00000019,Achraf Hakimi,Basketball,France,Victoire,2021-01-06
id_00000909,Novak Djokovic,Tennis,France,Victoire,2020-04-23
id_00000980,Carlos Alcaraz,Tennis,Angleterre,Nul,2020-04-30
id_00000701,Carlos Alcaraz,Rugby,USA,Victoire,2022-03-02
id_00000834,Beauden Barrett,Tennis,Afrique du Sud,Défaite,2021-05-02
id_00000561,Hakim Ziyech,Football,Espagne,Nul,2021-04-12
id_00000104,Stephen Curry,Tennis,Allemagne,Défaite,2023-10-22
id_00000581,LeBron James,Rugby,Afrique du Sud,Défaite,2020-09-17
id_00000455,Giannis Antetokounmpo,Athlétisme,USA,Victoire,2023-08-25
id_00000724,Faith Kipyegon,Tennis,Nouvelle-Zélande,Nul,2022-11-19
id_00000536,Erling Haaland,Basketball,USA,Victoire,2020-11-23
id_00000641,Iga Świątek,Basketball,Espagne,Victoire,2022-06-23
id_00000822,Hakim Ziyech,Tennis,France,Défaite,2021-06-28
id_00000750,Kylian Mbappé,Tennis,USA,Nul,2020-11-06
id_00000582,Eliud Kipchoge,Football,Allemagne,Défaite,2020-11-22
id_00000449,Antoine Dupont,Basketball,France,Défaite,2020-11-27
id_00000403,Hakim Ziyech,Rugby,USA,Victoire,2020-02-15
id_00000721,Antoine Dupont,Tennis,USA,Victoire,2023-04-29
id_00000655,Antoine Dupont,Tennis,France,Défaite,2020-08-27
id_00000347,Hakim Ziyech,Rugby,Allemagne,Victoire,2021-05-13
id_00000109,Achraf Hakimi,Tennis,USA,Défaite,2023-03-27
id_00000457,Novak Djokovic,Basketball,USA,Victoire,2021-02-25
id_00000481,Iga Świątek,Football,Maroc,Défaite,2023-07-28
id_00000573,Eliud Kipchoge,Tennis,Espagne,Victoire,2022-10-07
id_00000730,LeBron James,Tennis,France,Défaite,2020-12-23
id_00000633,Erling Haaland,Basketball,Afrique du Sud,Nul,2021-04-15
id_00000816,Kevin Durant,Rugby,Nouvelle-Zélande,Nul,2021-10-26
id_00000940,Kevin Durant,Tennis,Nouvelle-Zélande,Victoire,2022-12-30
id_00000289,Giannis Antetokounmpo,Tennis,USA,Nul,2021-03-18
id_00000393,Kylian Mbappé,Rugby,Afrique du Sud,Victoire,2023-08-27
id_00000696,Achraf Hakimi,Tennis,France,Défaite,2020-03-01
id_00000337,Beauden Barrett,Basketball,USA,Défaite,2022-12-24
id_00000341,Carlos Alcaraz,Tennis,USA,Défaite,2021-11-05
id_00000707,Kevin Durant,Football,Nouvelle-Zélande,Défaite,2021-12-09
id_00000975,Antoine Dupont,Tennis,France,Défaite,2023-09-12
id_00000837,Faith Kipyegon,Rugby,Espagne,Nul,2020-09-06
id_00000698,Beauden Barrett,Basketball,Espagne,Victoire,2023-10-16
id_00000073,Novak Djokovic,Tennis,Maroc,Nul,2021-08-25
id_00000957,Hakim Ziyech,Athlétisme,USA,Victoire,2022-01-24
id_00000756,Kevin Durant,Tennis,USA,Défaite,2021-12-11
id_00000742,Mohamed Salah,Athlétisme,Allemagne,Victoire,2023-07-19
id_00000213,LeBron James,Tennis,Angleterre,Nul,2022-05-02
id_00000043,Cheslin Kolbe,Football,France,Victoire,2020-01-06
id_00000626,Hakim Ziyech,Tennis,France,Nul,2023-06-26
id_00000083,Achraf Hakimi,Rugby,USA,Victoire,2022-08-31
id_00000927,Aryna Sabalenka,Football,Allemagne,Nul,2022-08-18
id_00000750,Cheslin Kolbe,Tennis,Angleterre,Défaite,2021-10-24
id_00000508,Iga Świątek,Tennis,Espagne,Victoire,2023-04-05
id_00000148,Kevin Durant,Rugby,USA,Victoire,2021-12-01
id_00000087,Erling Haaland,Football,USA,Défaite,2022-10-08
id_00000261,Kevin Durant,Football,USA,Défaite,2023-01-04
id_00000768,Achraf Hakimi,Rugby,USA,Nul,2021-07-07
id_00000821,Erling Haaland,Basketball,USA,Défaite,2020-07-18
id_00000415,Novak Djokovic,Rugby,USA,Victoire,2023-07-21
id_00000023,Achraf Hakimi,Basketball,Maroc,Nul,2022-09-12
id_00000476,Hakim Ziyech,Football,Espagne,Nul,2023-02-23
id_00000101,Hakim Ziyech,Football,Espagne,Défaite,2021-07-19
id_00000060,Mohamed Salah,Basketball,Angleterre,Défaite,2022-09-29
id_00000365,Kevin Durant,Rugby,Maroc,Victoire,2023-10-18
id_00000699,Mohamed Salah,Tennis,Angleterre,Défaite,2021-09-23
id_00000321,Mondo Duplantis,Rugby,USA,Défaite,2021-12-06
id_00000032,Erling Haaland,Tennis,Espagne,Défaite,2023-06-17
id_00000424,Kevin Durant,Athlétisme,USA,Nul,2021-04-05
id_00000064,Stephen Curry,Tennis,France,Défaite,2020-02-07
id_00000960,Mohamed Salah,Football,Espagne,Victoire,2021-11-21
id_00000054,Carlos Alcaraz,Athlétisme,Nouvelle-Zélande,Défaite,2022-09-16
id_00000879,Kylian Mbappé,Football,USA,Défaite,2023-01-13
id_00000123,Kevin Durant,Basketball,USA,Victoire,2022-12-08
id_00000680,Hakim Ziyech,Football,Espagne,Défaite,2020-02-11
id_00000263,Kevin Durant,Athlétisme,Maroc,Défaite,2022-04-10
id_00000863,Kylian Mbappé,Football,France,Nul,2021-01-26
id_00000369,Beauden Barrett,Athlétisme,Allemagne,Défaite,2022-01-05
id_00000711,Erling Haaland,Tennis,USA,Défaite,2023-12-01
id_00000166,Cheslin Kolbe,Football,Afrique du Sud,Défaite,2023-01-19
id_00000338,Kevin Durant,Basketball,USA,Victoire,2023-08-23
id_00000860,Giannis Antetokounmpo,Tennis,Espagne,Défaite,2023-01-08
id_00000410,LeBron James,Rugby,Afrique du Sud,Victoire,2023-01-06
id_00000506,Hakim Ziyech,Tennis,USA,Victoire,2021-05-04
id_00000903,Carlos Alcaraz,Tennis,USA,Défaite,2020-03-04
id_00000333,Hakim Ziyech,Basketball,USA,Victoire,2020-07-12
id_00000668,Kylian Mbappé,Tennis,USA,Défaite,2023-03-17
id_00000890,Hakim Ziyech,Football,USA,Victoire,2023-11-21
id_00000899,Iga Świątek,Tennis,Nouvelle-Zélande,Victoire,2022-05-27
id_00000674,Antoine Dupont,Tennis,Espagne,Défaite,2020-01-26
id_00000396,Usain Bolt,Rugby,USA,Victoire,2020-05-28
id_00000161,Stephen Curry,Rugby,Allemagne,Défaite,2021-11-06
id_00000822,Usain Bolt,Football,Maroc,Victoire,2021-12-24
id_00000015,Hakim Ziyech,Tennis,Afrique du Sud,Victoire,2020-10-21
id_00000696,Hakim Ziyech,Basketball,USA,Victoire,2020-12-12
id_00000585,Kylian Mbappé,Football,Espagne,Défaite,2022-10-05
id_00000993,Erling Haaland,Football,USA,Victoire,2020-07-27
id_00000588,Carlos Alcaraz,Basketball,USA,Victoire,2022-06-15
id_00000528,Achraf Hakimi,Athlétisme,USA,Défaite,2020-03-27
id_00000148,LeBron James,Tennis,USA,Victoire,2021-12-19
id_00000307,Erling Haaland,Football,Afrique du Sud,Nul,2021-06-28
id_00000698,Beauden Barrett,Tennis,USA,Nul,2021-02-27
id_00000744,Carlos Alcaraz,Basketball,Maroc,Défaite,2021-05-10
id_00000593,Giannis Antetokounmpo,Tennis,Maroc,Victoire,2022-09-01
id_00000889,Iga Świątek,Rugby,USA,Défaite,2020-09-26
id_00000016,Mohamed Salah,Athlétisme,Maroc,Défaite,2023-07-05
id_00000658,Mondo Duplantis,Tennis,Nouvelle-Zélande,Victoire,2020-04-06
id_00000818,Kylian Mbappé,Tennis,France,Défaite,2023-01-30
id_00000532,Stephen Curry,Tennis,Allemagne,Défaite,2022-10-15
id_00000057,Mohamed Salah,Football,USA,Victoire,2023-05-17
id_00000509,Achraf Hakimi,Rugby,USA,Victoire,2020-10-15
id_00000942,Carlos Alcaraz,Rugby,France,Défaite,2020-03-10
id_00000665,Novak Djokovic,Tennis,USA,Défaite,2020-06-06
id_00000141,Beauden Barrett,Tennis,USA,Victoire,2023-01-19
id_00000491,Achraf Hakimi,Tennis,France,Victoire,2020-07-11
id_00000835,Achraf Hakimi,Basketball,Espagne,Défaite,2021-05-28
id_00000956,Kevin Durant,Football,Allemagne,Nul,2021-07-30
id_00000471,Hakim Ziyech,Tennis,Espagne,Défaite,2023-06-15
id_00000280,Mohamed Salah,Football,Espagne,Nul,2022-03-21
id_00000678,Antoine Dupont,Tennis,Angleterre,Nul,2021-04-19
id_00000157,LeBron James,Rugby,Afrique du Sud,Victoire,2021-11-16
id_00000788,Novak Djokovic,Tennis,France,Victoire,2021-04-12
id_00000937,Usain Bolt,Tennis,Allemagne,Nul,2022-01-12
id_00000086,LeBron James,Basketball,Afrique du Sud,Défaite,2023-02-16
id_00000640,Carlos Alcaraz,Rugby,USA,Victoire,2023-10-02
id_00000746,Mondo Duplantis,Football,USA,Défaite,2023-04-05
id_00000316,Hakim Ziyech,Tennis,USA,Défaite,2021-05-09
id_00000573,Carlos Alcaraz,Tennis,France,Défaite,2023-12-12
id_00000356,Erling Haaland,Basketball,Espagne,Nul,2023-06-05
id_00000301,Kylian Mbappé,Football,Allemagne,Victoire,2022-01-22
id_00000807,Kylian Mbappé,Football,Espagne,Défaite,2020-10-03
id_00000776,Cheslin Kolbe,Athlétisme,France,Victoire,2022-03-05
id_00000715,LeBron James,Football,France,Victoire,2023-02-18
id_00000277,Giannis Antetokounmpo,Athlétisme,USA,Victoire,2020-06-08
id_00000090,Erling Haaland,Basketball,USA,Victoire,2023-05-03
id_00000858,Achraf Hakimi,Rugby,USA,Défaite,2021-10-24
id_00000121,Iga Świątek,Tennis,USA,Défaite,2023-07-27
id_00000640,Beauden Barrett,Basketball,USA,Défaite,2020-04-07
id_00000982,Hakim Ziyech,Tennis,Espagne,Défaite,2021-01-08
id_00000974,Mondo Duplantis,Athlétisme,Afrique du Sud,Défaite,2022-05-31
id_00000353,Cheslin Kolbe,Tennis,France,Défaite,2022-07-11
id_00000553,Beauden Barrett,Athlétisme,France,Victoire,2022-04-26
id_00000067,Kevin Durant,Basketball,Maroc,Défaite,2023-12-12
id_00000263,Kylian Mbappé,Tennis,Espagne,Victoire,2022-10-10
id_00000749,Hakim Ziyech,Tennis,Angleterre,Défaite,2023-04-28
id_00000787,Cheslin Kolbe,Football,USA,Victoire,2022-05-22
id_00000259,Mohamed Salah,Basketball,Espagne,Victoire,2023-11-26
id_00000717,Giannis Antetokounmpo,Football,Espagne,Nul,2022-09-04
id_00000852,Giannis Antetokounmpo,Basketball,USA,Défaite,2020-08-13
id_00000230,Hakim Ziyech,Football,USA,Nul,2020-09-12
id_00000698,LeBron James,Football,USA,Victoire,2022-07-09
id_00000026,Stephen Curry,Football,Espagne,Victoire,2020-11-17
id_00000684,Antoine Dupont,Tennis,USA,Nul,2020-07-23
id_00000244,Giannis Antetokounmpo,Football,Maroc,Victoire,2020-12-23
id_00000275,Stephen Curry,Rugby,USA,Victoire,2020-10-10
id_00000245,Achraf Hakimi,Athlétisme,Maroc,Nul,2020-11-16
id_00000998,Achraf Hakimi,Tennis,Allemagne,Défaite,2023-08-31
id_00000688,Kevin Durant,Athlétisme,Espagne,Victoire,2021-12-18
id_00000049,Mohamed Salah,Tennis,USA,Victoire,2021-03-22
id_00000262,Mohamed Salah,Basketball,USA,Victoire,2020-07-04
id_00000776,Cheslin Kolbe,Basketball,USA,Défaite,2021-06-28
id_00000029,Achraf Hakimi,Basketball,Nouvelle-Zélande,Victoire,2020-06-28
id_00000574,Antoine Dupont,Rugby,Afrique du Sud,Défaite,2021-12-13
id_00000128,Giannis Antetokounmpo,Rugby,USA,Défaite,2020-02-15
id_00000172,LeBron James,Tennis,Espagne,Victoire,2021-08-13
id_00000639,Hakim Ziyech,Athlétisme,Angleterre,Défaite,2023-12-25
id_00000556,Mondo Duplantis,Athlétisme,USA,Victoire,2021-05-24
id_00000698,Hakim Ziyech,Tennis,USA,Défaite,2023-02-12
id_00000292,Mondo Duplantis,Tennis,Afrique du Sud,Défaite,2023-12-23
id_00000634,Mondo Duplantis,Tennis,USA,Victoire,2021-03-02
id_00000721,Hakim Ziyech,Athlétisme,Allemagne,Nul,2021-06-15
id_00000851,Erling Haaland,Football,Nouvelle-Zélande,Défaite,2021-02-06
id_00000253,Erling Haaland,Football,Espagne,Victoire,2022-06-01
id_00000061,Stephen Curry,Athlétisme,Angleterre,Défaite,2020-10-05
id_00000998,Carlos Alcaraz,Athlétisme,USA,Défaite,2021-10-06
id_00000528,Erling Haaland,Football,Nouvelle-Zélande,Victoire,2021-02-14
id_00000501,Usain Bolt,Football,Angleterre,Victoire,2022-06-10
id_00000178,Hakim Ziyech,Rugby,USA,Victoire,2020-11-25
id_00000195,Mohamed Salah,Football,Maroc,Défaite,2022-07-23
id_00000496,Kevin Durant,Tennis,USA,Victoire,2023-07-17
id_00000874,Hakim Ziyech,Tennis,France,Défaite,2023-11-09
id_00000172,Achraf Hakimi,Football,Espagne,Victoire,2020-03-23
id_00000230,Hakim Ziyech,Tennis,USA,Victoire,2021-10-04
id_00000042,Mohamed Salah,Basketball,USA,Victoire,2023-02-23
id_00000681,Kylian Mbappé,Football,Allemagne,Nul,2022-03-22
id_00000765,LeBron James,Basketball,USA,Défaite,2022-11-30
id_00000953,LeBron James,Tennis,USA,Défaite,2020-04-17
id_00000527,Novak Djokovic,Basketball,Afrique du Sud,Victoire,2022-11-08
id_00000185,Hakim Ziyech,Football,Nouvelle-Zélande,Défaite,2020-10-02
id_00000971,Eliud Kipchoge,Rugby,Espagne,Victoire,2021-06-12
id_00000772,Hakim Ziyech,Football,Allemagne,Défaite,2022-10-13
id_00000893,Achraf Hakimi,Football,USA,Nul,2020-07-15
id_00000683,Erling Haaland,Tennis,France,Défaite,2022-08-16
id_00000634,Kylian Mbappé,Rugby,Espagne,Nul,2023-09-30
id_00000721,Erling Haaland,Football,Afrique du Sud,Défaite,2021-01-19
id_00000588,Erling Haaland,Football,Espagne,Nul,2020-04-04
id_00000834,Kevin Durant,Football,Maroc,Défaite,2022-09-30
id_00000154,Kevin Durant,Tennis,USA,Victoire,2022-02-26
id_00000043,Kevin Durant,Football,Espagne,Victoire,2020-01-22
id_00000379,Cheslin Kolbe,Tennis,Espagne,Nul,2021-10-26
id_00000231,Stephen Curry,Football,Espagne,Victoire,2021-05-30
id_00000584,Erling Haaland,Football,France,Nul,2023-02-18
id_00000840,Kevin Durant,Tennis,USA,Victoire,2020-03-17
id_00000195,Hakim Ziyech,Football,Allemagne,Défaite,2021-10-03
id_00000929,Novak Djokovic,Athlétisme,Angleterre,Nul,2023-04-25
id_00000312,Achraf Hakimi,Basketball,Espagne,Défaite,2020-02-12
id_00000687,LeBron James,Football,USA,Victoire,2021-11-03
id_00000863,Achraf Hakimi,Tennis,Espagne,Défaite,2020-12-21
id_00000600,LeBron James,Football,USA,Défaite,2021-03-10
id_00000171,Usain Bolt,Tennis,France,Nul,2021-04-30
id_00000621,Erling Haaland,Basketball,Maroc,Victoire,2021-06-28
id_00000576,Erling Haaland,Football,USA,Victoire,2021-09-20
id_00000649,Novak Djokovic,Tennis,Angleterre,Défaite,2023-01-26
id_00000884,Kevin Durant,Football,France,Défaite,2021-08-17
id_00000389,Achraf Hakimi,Football,Allemagne,Victoire,2023-05-19
id_00000119,Novak Djokovic,Football,France,Victoire,2023-11-09
id_00000209,Antoine Dupont,Tennis,Nouvelle-Zélande,Victoire,2021-03-29
id_00000112,Hakim Ziyech,Tennis,USA,Défaite,2021-12-20
id_00000684,Beauden Barrett,Football,USA,Défaite,2020-03-01
id_00000792,Iga Świątek,Rugby,Afrique du Sud,Nul,2020-02-06
id_00000083,Erling Haaland,Football,Angleterre,Nul,2021-04-09
id_00000034,Hakim Ziyech,Tennis,USA,Défaite,2022-01-18
id_00000001,Novak Djokovic,Athlétisme,Espagne,Victoire,2022-12-10
id_00000823,Antoine Dupont,Football,Angleterre,Victoire,2021-02-04
id_00000998,LeBron James,Football,Angleterre,Nul,2021-08-22
id_00000010,Kylian Mbappé,Tennis,France,Victoire,2022-06-23
id_00000862,Mondo Duplantis,Basketball,Espagne,Nul,2021-10-23
id_00000426,Antoine Dupont,Rugby,Allemagne,Nul,2021-06-19
id_00000803,Aryna Sabalenka,Football,USA,Défaite,2020-07-02
id_00000214,Achraf Hakimi,Tennis,USA,Défaite,2021-10-26
id_00000848,Achraf Hakimi,Basketball,Afrique du Sud,Défaite,2021-09-30
id_00000842,Kylian Mbappé,Tennis,Espagne,Défaite,2021-02-17
id_00000600,Stephen Curry,Athlétisme,USA,Défaite,2021-08-30
id_00000981,Stephen Curry,Football,Angleterre,Nul,2020-02-02
id_00000409,Erling Haaland,Athlétisme,USA,Défaite,2023-05-24
id_00000236,Aryna Sabalenka,Football,USA,Victoire,2020-11-10
id_00000439,Eliud Kipchoge,Athlétisme,USA,Défaite,2023-12-03
id_00000112,Stephen Curry,Rugby,USA,Victoire,2020-02-19
id_00000943,Achraf Hakimi,Basketball,USA,Nul,2023-01-12
id_00000348,Mondo Duplantis,Rugby,Afrique du Sud,Victoire,2022-03-10
id_00000976,Cheslin Kolbe,Basketball,France,Défaite,2023-01-03
id_00000310,Giannis Antetokounmpo,Tennis,France,Victoire,2020-05-14
id_00000455,Erling Haaland,Football,Afrique du Sud,Défaite,2021-03-22
id_00000272,Mohamed Salah,Rugby,Afrique du Sud,Défaite,2020-09-23
id_00000664,Aryna Sabalenka,Rugby,France,Victoire,2020-08-30
id_00000263,LeBron James,Basketball,France,Défaite,2020-06-23
id_00000763,Cheslin Kolbe,Football,USA,Victoire,2020-05-13
id_00000699,Kevin Durant,Basketball,USA,Victoire,2021-12-04
id_00000927,Giannis Antetokounmpo,Football,Allemagne,Victoire,2023-11-19
id_00000032,Giannis Antetokounmpo,Football,USA,Victoire,2023-10-22
id_00000603,Antoine Dupont,Rugby,Espagne,Victoire,2023-11-19
id_00000281,LeBron James,Athlétisme,Angleterre,Défaite,2022-08-25
id_00000341,Erling Haaland,Rugby,USA,Victoire,2020-05-23
id_00000009,Kylian Mbappé,Football,USA,Nul,2023-04-13
id_00000714,Novak Djokovic,Football,France,Victoire,2021-08-16
id_00000974,Carlos Alcaraz,Athlétisme,USA,Nul,2022-12-12
id_00000769,Cheslin Kolbe,Basketball,Espagne,Défaite,2020-02-06
id_00000559,Kevin Durant,Basketball,France,Victoire,2021-08-26
id_00000513,Kylian Mbappé,Tennis,Maroc,Défaite,2022-01-08
id_00000009,Mohamed Salah,Football,Maroc,Nul,2023-06-23
id_00000611,Achraf Hakimi,Tennis,Espagne,Nul,2021-09-08
id_00000243,Kylian Mbappé,Rugby,USA,Défaite,2020-08-14
id_00000156,Novak Djokovic,Tennis,USA,Nul,2023-11-26
id_00000933,Beauden Barrett,Athlétisme,Maroc,Nul,2022-03-14
id_00000508,Achraf Hakimi,Tennis,USA,Victoire,2023-07-04
id_00000446,Aryna Sabalenka,Basketball,Afrique du Sud,Défaite,2021-09-11
id_00000522,Novak Djokovic,Tennis,USA,Nul,2023-05-14
id_00000311,Hakim Ziyech,Football,Espagne,Victoire,2023-07-14
id_00000471,Giannis Antetokounmpo,Tennis,USA,Victoire,2021-04-02
id_00000847,Kevin Durant,Football,USA,Victoire,2023-09-14
id_00000198,Hakim Ziyech,Basketball,USA,Défaite,2020-11-03
id_00000119,Antoine Dupont,Football,France,Défaite,2020-06-05
id_00000392,LeBron James,Tennis,USA,Défaite,2020-11-26
id_00000717,Antoine Dupont,Football,USA,Victoire,2023-06-07
id_00000216,Carlos Alcaraz,Football,USA,Défaite,2023-04-08
id_00000324,Stephen Curry,Rugby,USA,Défaite,2020-01-28
id_00000207,Antoine Dupont,Tennis,France,Défaite,2023-10-25
id_00000093,Hakim Ziyech,Basketball,Allemagne,Victoire,2023-05-25
id_00000953,Novak Djokovic,Athlétisme,France,Victoire,2021-06-28
id_00000745,Kylian Mbappé,Basketball,USA,Victoire,2023-06-21
id_00001000,Cheslin Kolbe,Basketball,USA,Victoire,2022-10-11
id_00000891,Hakim Ziyech,Football,USA,Nul,2023-11-08
id_00000898,Antoine Dupont,Basketball,USA,Victoire,2023-08-21
id_00000192,Novak Djokovic,Rugby,Afrique du Sud,Défaite,2021-11-08
id_00000355,LeBron James,Basketball,USA,Victoire,2022-12-28
id_00000577,Novak Djokovic,Football,France,Victoire,2022-01-28
id_00000087,Hakim Ziyech,Football,France,Défaite,2023-09-17
id_00000975,Hakim Ziyech,Tennis,Nouvelle-Zélande,Défaite,2021-08-13
id_00000045,Carlos Alcaraz,Football,USA,Victoire,2023-06-03
id_00000940,Kylian Mbappé,Athlétisme,Afrique du Sud,Nul,2023-06-09
id_00000442,Kevin Durant,Rugby,Afrique du Sud,Victoire,2020-12-10
id_00000991,Carlos Alcaraz,Athlétisme,Espagne,Défaite,2021-11-24
id_00000254,Kylian Mbappé,Football,Espagne,Nul,2020-09-04
id_00000091,Mohamed Salah,Football,Espagne,Nul,2021-09-06
id_00000629,Kylian Mbappé,Football,Espagne,Nul,2022-06-27
id_00000672,Aryna Sabalenka,Basketball,Afrique du Sud,Victoire,2021-04-22
id_00000913,Kevin Durant,Football,USA,Défaite,2023-09-02
id_00000396,Achraf Hakimi,Tennis,USA,Victoire,2022-06-02
id_00000635,Stephen Curry,Football,Espagne,Nul,2020-05-01
id_00000899,Mondo Duplantis,Tennis,USA,Défaite,2020-12-06
id_00000707,Hakim Ziyech,Rugby,USA,Victoire,2022-01-17
id_00000549,Erling Haaland,Rugby,Angleterre,Défaite,2021-11-08
id_00000145,Giannis Antetokounmpo,Athlétisme,Angleterre,Victoire,2020-06-09
id_00000154,Kevin Durant,Tennis,France,Défaite,2022-02-27
id_00000790,Iga Świątek,Football,Espagne,Défaite,2022-10-13
id_00000548,Iga Świątek,Tennis,Afrique du Sud,Défaite,2023-09-20
id_00000106,Antoine Dupont,Football,France,Victoire,2022-11-23
id_00000645,Carlos Alcaraz,Athlétisme,USA,Défaite,2020-08-03
id_00000331,Carlos Alcaraz,Rugby,USA,Victoire,2021-05-11
id_00000707,Achraf Hakimi,Tennis,Espagne,Défaite,2021-01-04
id_00000262,Kylian Mbappé,Football,Espagne,Défaite,2023-02-25
id_00000198,Kevin Durant,Tennis,USA,Victoire,2021-05-12
id_00000303,Iga Świątek,Tennis,Espagne,Victoire,2021-08-05
id_00000331,Antoine Dupont,Tennis,Angleterre,Nul,2020-05-13
id_00000045,Stephen Curry,Rugby,Espagne,Défaite,2021-11-21
id_00000942,Giannis Antetokounmpo,Football,USA,Victoire,2020-03-12
id_00000124,Kevin Durant,Tennis,Maroc,Victoire,2021-11-12
id_00000189,Kevin Durant,Tennis,Maroc,Nul,2021-10-13
id_00000943,Beauden Barrett,Rugby,France,Nul,2022-01-17
id_00000399,Antoine Dupont,Football,Maroc,Nul,2021-09-13
id_00000101,Kevin Durant,Rugby,Afrique du Sud,Défaite,2021-07-02
id_00000466,Giannis Antetokounmpo,Tennis,Maroc,Nul,2023-06-22
id_00000299,Giannis Antetokounmpo,Athlétisme,USA,Défaite,2022-07-11
id_00000858,Mohamed Salah,Football,Espagne,Nul,2021-07-26
id_00000310,Antoine Dupont,Football,Nouvelle-Zélande,Nul,2023-01-16
id_00000677,Kylian Mbappé,Athlétisme,Afrique du Sud,Défaite,2021-03-16
id_00000730,Eliud Kipchoge,Football,Nouvelle-Zélande,Victoire,2023-12-13
id_00000636,Achraf Hakimi,Tennis,Afrique du Sud,Nul,2022-11-15
id_00000848,Cheslin Kolbe,Athlétisme,France,Défaite,2023-12-14
id_00000162,Aryna Sabalenka,Tennis,Maroc,Nul,2020-10-25
id_00000344,Usain Bolt,Tennis,Afrique du Sud,Nul,2022-05-13
id_00000382,Mohamed Salah,Tennis,Espagne,Défaite,2020-11-28
id_00000268,Achraf Hakimi,Basketball,USA,Nul,2020-11-23
id_00000051,Carlos Alcaraz,Rugby,USA,Victoire,2023-04-21
id_00000806,Giannis Antetokounmpo,Basketball,France,Défaite,2021-10-03
id_00000247,Beauden Barrett,Football,Angleterre,Victoire,2021-09-25
id_00000209,Novak Djokovic,Basketball,USA,Nul,2020-08-17
id_00000217,Faith Kipyegon,Tennis,Angleterre,Défaite,2021-06-16
id_00000085,Iga Świątek,Football,Espagne,Victoire,2021-02-11
id_00000734,Antoine Dupont,Basketball,USA,Défaite,2023-01-05
id_00000744,Cheslin Kolbe,Athlétisme,France,Défaite,2020-01-04
id_00000685,Erling Haaland,Tennis,France,Défaite,2022-09-30
id_00000812,Giannis Antetokounmpo,Football,France,Défaite,2023-02-07
id_00000333,Erling Haaland,Athlétisme,Angleterre,Victoire,2022-04-17
id_00000582,Usain Bolt,Athlétisme,USA,Victoire,2022-12-08
id_00000697,Kylian Mbappé,Basketball,USA,Victoire,2023-10-24
id_00000653,LeBron James,Basketball,USA,Défaite,2023-12-17
id_00000095,Beauden Barrett,Football,Espagne,Victoire,2021-01-28
id_00000576,Kevin Durant,Tennis,USA,Victoire,2021-03-20
id_00000914,Kylian Mbappé,Tennis,Espagne,Victoire,2022-01-16
id_00000515,Kevin Durant,Basketball,USA,Défaite,2021-03-16
id_00000097,Aryna Sabalenka,Athlétisme,Espagne,Nul,2020-04-03
id_00000582,Stephen Curry,Tennis,USA,Défaite,2021-08-02
id_00000904,Novak Djokovic,Basketball,Espagne,Défaite,2021-04-09
id_00000677,Kylian Mbappé,Tennis,France,Victoire,2022-02-16
id_00000108,Novak Djokovic,Rugby,France,Défaite,2020-07-05
id_00000461,Achraf Hakimi,Rugby,USA,Victoire,2022-01-02
id_00000180,Kylian Mbappé,Rugby,Angleterre,Défaite,2020-04-28
id_00000486,Novak Djokovic,Tennis,USA,Victoire,2021-09-18
id_00000861,LeBron James,Rugby,USA,Victoire,2020-01-20
id_00000440,LeBron James,Athlétisme,Espagne,Victoire,2023-12-29
id_00000750,Kylian Mbappé,Rugby,USA,Nul,2023-03-21
id_00000483,Giannis Antetokounmpo,Basketball,USA,Victoire,2021-03-10
id_00000231,Aryna Sabalenka,Tennis,Afrique du Sud,Défaite,2022-03-07
id_00000781,Novak Djokovic,Football,Angleterre,Victoire,2022-11-22
id_00000318,LeBron James,Football,Espagne,Victoire,2023-03-14
id_00000696,Mohamed Salah,Tennis,USA,Victoire,2021-09-18
id_00000015,Achraf Hakimi,Athlétisme,USA,Victoire,2023-04-29
id_00000819,Kylian Mbappé,Football,Angleterre,Nul,2020-04-04
id_00000382,Kylian Mbappé,Football,Espagne,Nul,2021-12-30
id_00000851,Erling Haaland,Football,Nouvelle-Zélande,Défaite,2021-01-06
id_00000239,Kevin Durant,Athlétisme,USA,Victoire,2023-04-25
id_00000993,Novak Djokovic,Basketball,Espagne,Victoire,2023-03-29
id_00000333,Antoine Dupont,Tennis,Espagne,Nul,2021-09-27
id_00000598,Antoine Dupont,Football,USA,Défaite,2020-03-11
id_00000149,Novak Djokovic,Rugby,USA,Nul,2022-05-03
id_00000915,Hakim Ziyech,Football,Angleterre,Défaite,2020-07-22
id_00000612,LeBron James,Basketball,USA,Défaite,2021-08-03
id_00000332,LeBron James,Football,USA,Victoire,2022-05-23
id_00000219,Kevin Durant,Rugby,Nouvelle-Zélande,Défaite,2021-05-02
id_00000295,Mondo Duplantis,Basketball,Espagne,Nul,2020-09-23
id_00000578,Iga Świątek,Tennis,USA,Défaite,2020-04-03
id_00000468,Antoine Dupont,Athlétisme,Allemagne,Victoire,2022-09-19
id_00000059,Eliud Kipchoge,Football,Allemagne,Victoire,2022-02-02
id_00000457,Eliud Kipchoge,Basketball,USA,Défaite,2020-04-26
id_00000575,Kylian Mbappé,Tennis,USA,Victoire,2021-10-01
id_00000582,Kevin Durant,Basketball,USA,Victoire,2020-06-19
id_00000529,Iga Świątek,Athlétisme,Espagne,Victoire,2022-12-15
id_00000328,Iga Świątek,Rugby,USA,Victoire,2022-02-08
id_00000185,Giannis Antetokounmpo,Rugby,USA,Victoire,2022-11-21
id_00000648,Kevin Durant,Tennis,USA,Victoire,2021-10-06
id_00000926,Giannis Antetokounmpo,Basketball,Maroc,Victoire,2022-10-10
id_00000956,Giannis Antetokounmpo,Football,Espagne,Victoire,2020-05-10
id_00000529,Beauden Barrett,Football,Espagne,Victoire,2022-07-15
id_00000710,Novak Djokovic,Athlétisme,Espagne,Victoire,2020-04-29
id_00000249,Novak Djokovic,Basketball,USA,Défaite,2020-02-05
id_00000051,Stephen Curry,Tennis,USA,Nul,2020-09-17
id_00000164,Iga Świątek,Rugby,Espagne,Victoire,2022-01-24
id_00000670,Novak Djokovic,Tennis,USA,Défaite,2021-10-11
id_00000927,Novak Djokovic,Tennis,Angleterre,Victoire,2022-04-11
id_00000325,Mohamed Salah,Basketball,Espagne,Nul,2022-02-21
id_00000821,Aryna Sabalenka,Rugby,Espagne,Victoire,2020-11-03
id_00000710,Usain Bolt,Tennis,Angleterre,Défaite,2021-07-16
id_00000718,Antoine Dupont,Athlétisme,France,Victoire,2020-05-03
id_00000835,Stephen Curry,Basketball,USA,Victoire,2021-02-19
id_00000588,Kevin Durant,Football,Angleterre,Victoire,2023-09-17
id_00000824,LeBron James,Football,Allemagne,Victoire,2021-05-08
id_00000943,Antoine Dupont,Tennis,USA,Nul,2023-03-11
id_00000256,Achraf Hakimi,Tennis,Afrique du Sud,Défaite,2023-08-29
id_00000011,Erling Haaland,Football,USA,Victoire,2023-04-26
id_00000567,Hakim Ziyech,Football,Allemagne,Défaite,2022-01-17
id_00000062,Kylian Mbappé,Football,Allemagne,Victoire,2020-07-21
id_00000583,LeBron James,Rugby,Afrique du Sud,Défaite,2022-02-23
id_00000697,LeBron James,Basketball,Maroc,Défaite,2023-06-22
id_00000156,Novak Djokovic,Athlétisme,Nouvelle-Zélande,Défaite,2020-07-08
id_00000296,Kylian Mbappé,Tennis,USA,Nul,2023-12-20
id_00000093,Novak Djokovic,Football,USA,Victoire,2022-07-05
id_00000810,Novak Djokovic,Tennis,Espagne,Défaite,2022-04-07
id_00000005,Beauden Barrett,Football,Maroc,Nul,2023-10-08
id_00000131,Iga Świątek,Basketball,USA,Défaite,2020-12-31
id_00000313,Stephen Curry,Athlétisme,USA,Victoire,2022-06-09
id_00000665,Usain Bolt,Basketball,USA,Victoire,2021-07-08
id_00000577,Iga Świątek,Rugby,Allemagne,Victoire,2021-02-15
id_00000943,Hakim Ziyech,Rugby,Angleterre,Défaite,2023-11-12
id_00000931,Hakim Ziyech,Athlétisme,Angleterre,Défaite,2020-09-11
id_00000513,Antoine Dupont,Athlétisme,Nouvelle-Zélande,Défaite,2023-04-20
id_00000812,Hakim Ziyech,Tennis,USA,Nul,2020-03-28
id_00000046,Hakim Ziyech,Tennis,Maroc,Nul,2022-11-21
id_00000255,Mondo Duplantis,Athlétisme,Allemagne,Victoire,2020-03-10
id_00000518,Achraf Hakimi,Football,Maroc,Défaite,2022-05-11
id_00000273,Eliud Kipchoge,Tennis,Espagne,Nul,2020-12-19
id_00000215,LeBron James,Rugby,USA,Victoire,2020-07-31
id_00000276,Achraf Hakimi,Football,Allemagne,Défaite,2022-05-10
id_00000064,Stephen Curry,Tennis,Angleterre,Défaite,2020-09-06
id_00000615,Hakim Ziyech,Football,Espagne,Nul,2022-02-20
id_00000797,Kevin Durant,Athlétisme,USA,Victoire,2021-02-27
id_00000963,Achraf Hakimi,Tennis,Espagne,Nul,2022-02-22
id_00000563,Achraf Hakimi,Tennis,USA,Défaite,2022-05-29
id_00000204,Kylian Mbappé,Tennis,Angleterre,Victoire,2020-05-27
id_00000891,Kylian Mbappé,Rugby,Espagne,Victoire,2022-02-07
id_00000058,Carlos Alcaraz,Tennis,Nouvelle-Zélande,Nul,2022-03-18
id_00000032,Beauden Barrett,Athlétisme,France,Défaite,2022-12-28
id_00000955,Antoine Dupont,Rugby,USA,Nul,2022-02-22
id_00000983,LeBron James,Tennis,Angleterre,Victoire,2021-08-05
id_00000379,Antoine Dupont,Tennis,Nouvelle-Zélande,Défaite,2022-02-16
id_00000641,Kylian Mbappé,Tennis,USA,Nul,2023-08-07
id_00000925,Stephen Curry,Tennis,Espagne,Défaite,2021-10-03
id_00000046,Hakim Ziyech,Athlétisme,USA,Victoire,2020-09-01
id_00000390,Achraf Hakimi,Basketball,USA,Défaite,2023-06-06
id_00000032,Mohamed Salah,Tennis,Espagne,Nul,2022-07-27
id_00000759,Antoine Dupont,Basketball,USA,Victoire,2023-04-18
id_00000895,Hakim Ziyech,Tennis,USA,Défaite,2020-01-21
id_00000594,Hakim Ziyech,Tennis,France,Défaite,2020-08-28
id_00000639,Erling Haaland,Tennis,USA,Défaite,2022-05-11
id_00000508,Hakim Ziyech,Tennis,USA,Défaite,2020-12-09
id_00000633,Giannis Antetokounmpo,Tennis,Angleterre,Défaite,2023-08-09
id_00000709,Giannis Antetokounmpo,Tennis,USA,Défaite,2023-10-22
id_00000898,Achraf Hakimi,Rugby,Angleterre,Nul,2021-01-03
id_00000264,Beauden Barrett,Tennis,USA,Défaite,2022-10-14
id_00000616,Beauden Barrett,Rugby,Angleterre,Nul,2021-05-03
id_00000925,LeBron James,Basketball,USA,Nul,2022-03-12
id_00000326,Hakim Ziyech,Football,Nouvelle-Zélande,Victoire,2023-07-22
id_00000684,Kevin Durant,Basketball,Angleterre,Victoire,2020-07-14
id_00000775,Cheslin Kolbe,Athlétisme,Afrique du Sud,Défaite,2022-04-03
id_00000899,Novak Djokovic,Football,France,Défaite,2023-10-16
id_00000430,Antoine Dupont,Tennis,USA,Victoire,2021-09-05
id_00000974,Kylian Mbappé,Tennis,Espagne,Nul,2020-01-21
id_00000605,Hakim Ziyech,Rugby,USA,Défaite,2020-12-17
id_00000223,Hakim Ziyech,Basketball,Maroc,Victoire,2021-12-23
id_00000028,Kevin Durant,Athlétisme,USA,Défaite,2021-09-18
id_00000851,Kylian Mbappé,Football,Espagne,Défaite,2020-04-12
id_00000015,Achraf Hakimi,Tennis,Maroc,Nul,2021-08-27
id_00000139,Aryna Sabalenka,Basketball,USA,Victoire,2023-06-20
id_00000142,Mohamed Salah,Football,Espagne,Victoire,2022-08-12
id_00000980,Hakim Ziyech,Tennis,Angleterre,Nul,2023-10-06
id_00000767,Mohamed Salah,Rugby,USA,Nul,2020-04-06
id_00000468,Mondo Duplantis,Athlétisme,Angleterre,Défaite,2020-06-10
id_00000874,Antoine Dupont,Tennis,USA,Victoire,2022-10-17
id_00000243,Antoine Dupont,Tennis,France,Défaite,2020-07-31
id_00000466,Kevin Durant,Basketball,Espagne,Défaite,2021-01-19
id_00000238,Carlos Alcaraz,Athlétisme,Espagne,Défaite,2020-06-10
id_00000542,Novak Djokovic,Tennis,USA,Victoire,2023-08-12
id_00000803,Hakim Ziyech,Athlétisme,Espagne,Nul,2023-11-16
id_00000087,Kylian Mbappé,Athlétisme,Angleterre,Défaite,2020-06-29
id_00000993,Hakim Ziyech,Football,France,Défaite,2022-05-15
id_00000949,Iga Świątek,Tennis,USA,Défaite,2022-04-08
id_00000037,Mondo Duplantis,Basketball,Espagne,Nul,2021-05-13
id_00000786,Mohamed Salah,Basketball,USA,Victoire,2021-11-18
id_00000197,Usain Bolt,Football,USA,Victoire,2022-06-26
id_00000304,Cheslin Kolbe,Tennis,Angleterre,Défaite,2021-01-05
id_00000036,LeBron James,Tennis,France,Victoire,2020-01-02
id_00000545,Eliud Kipchoge,Athlétisme,Espagne,Défaite,2022-08-22
id_00000607,Mohamed Salah,Football,Espagne,Victoire,2022-04-07
id_00000648,Kevin Durant,Tennis,Espagne,Victoire,2022-11-14
id_00000568,Mohamed Salah,Football,USA,Victoire,2020-03-25
id_00000407,Erling Haaland,Tennis,France,Défaite,2023-11-09
id_00000145,Antoine Dupont,Tennis,France,Défaite,2020-07-15
id_00000665,Aryna Sabalenka,Basketball,USA,Défaite,2023-04-14
id_00000855,Hakim Ziyech,Rugby,USA,Victoire,2021-09-22
id_00000233,Mohamed Salah,Basketball,France,Victoire,2021-09-02
id_00000768,LeBron James,Rugby,Afrique du Sud,Victoire,2022-08-22
id_00000456,Aryna Sabalenka,Football,Maroc,Nul,2022-09-23
id_00000808,Eliud Kipchoge,Tennis,USA,Défaite,2021-07-05
id_00000258,Carlos Alcaraz,Rugby,USA,Victoire,2022-01-15
id_00000992,LeBron James,Athlétisme,Angleterre,Défaite,2023-10-04
id_00000303,Eliud Kipchoge,Rugby,USA,Défaite,2021-04-04
id_00000251,Mohamed Salah,Football,Espagne,Victoire,2021-01-16
id_00000044,Giannis Antetokounmpo,Basketball,Afrique du Sud,Défaite,2021-04-14
id_00000616,Erling Haaland,Rugby,Espagne,Défaite,2022-12-19
id_00000357,Erling Haaland,Rugby,France,Défaite,2020-01-05
id_00000077,Novak Djokovic,Tennis,Maroc,Victoire,2020-06-05
id_00000647,Kylian Mbappé,Football,Angleterre,Défaite,2021-07-05
id_00000302,Mondo Duplantis,Football,France,Défaite,2021-04-13
id_00000600,Novak Djokovic,Football,France,Victoire,2020-08-24
id_00000742,Mohamed Salah,Athlétisme,France,Victoire,2021-08-04
id_00000710,Beauden Barrett,Athlétisme,USA,Défaite,2023-09-17
id_00000518,Erling Haaland,Tennis,France,Victoire,2023-01-27
id_00000690,Antoine Dupont,Tennis,USA,Défaite,2020-03-05
id_00000434,Achraf Hakimi,Tennis,Espagne,Défaite,2020-02-04
id_00000054,Kevin Durant,Basketball,USA,Défaite,2020-01-29
id_00000612,Antoine Dupont,Football,Angleterre,Victoire,2020-09-06
id_00000812,Erling Haaland,Rugby,Maroc,Victoire,2021-03-17
id_00000478,Stephen Curry,Basketball,USA,Victoire,2022-07-28
id_00000896,Antoine Dupont,Tennis,Espagne,Défaite,2020-04-22
id_00000483,Hakim Ziyech,Football,Angleterre,Nul,2021-10-09
id_00000795,LeBron James,Athlétisme,France,Nul,2021-09-23
id_00000196,Mohamed Salah,Basketball,France,Victoire,2023-08-09
id_00000267,Kevin Durant,Rugby,USA,Victoire,2021-05-11
id_00000089,Hakim Ziyech,Rugby,Angleterre,Nul,2021-03-09
id_00000317,Carlos Alcaraz,Football,USA,Victoire,2023-04-04
id_00000581,Kylian Mbappé,Athlétisme,Afrique du Sud,Victoire,2022-06-27
id_00000283,Beauden Barrett,Football,Espagne,Défaite,2020-05-09
id_00000478,LeBron James,Athlétisme,Espagne,Victoire,2022-06-08
id_00000471,LeBron James,Tennis,USA,Défaite,2020-01-22
id_00000732,Kylian Mbappé,Rugby,Afrique du Sud,Défaite,2020-07-19
id_00000862,LeBron James,Rugby,France,Victoire,2020-03-23
id_00000370,Iga Świątek,Tennis,USA,Défaite,2023-08-07
id_00000039,Stephen Curry,Tennis,USA,Défaite,2022-02-25
id_00000607,Achraf Hakimi,Rugby,Allemagne,Nul,2020-10-01
id_00000572,Stephen Curry,Athlétisme,Maroc,Défaite,2022-04-16
id_00000644,Novak Djokovic,Football,USA,Défaite,2020-03-23
id_00000273,Beauden Barrett,Tennis,USA,Victoire,2023-07-10
