id,type_vehicule,marque_voiture,modele,annee_fabrication,prix,kilometrage
VEH_000546,Train,Volkswagen,C,2022,11803062,56878
VEH_000161,Avion,Alstom,F 850 GS,2017,-2649984,252908
VEH_000626,Bus,Bombardier,Kadjar,2017,583490,146346
VEH_000892,Train,Boeing,S Series,2021,-1817092,62258
VEH_000667,Train,Iveco,Civity,2022,5036168,45046
VEH_000694,Moto,Renault,GLA,2023,83473706,5168
VEH_000682,Train,Bombardier,S 1000 RR,2022,1848188,26744
VEH_000332,Avion,Alstom,737,2014,-2343977,167677
VEH_000331,Avion,Airbus,Panigale,2021,-252601,53761
VEH_000913,Voiture,Mercedes,Passat,2021,3340118,21767
VEH_000015,Avion,Iveco,Duster,2023,-3253085,-5593
VEH_000376,Voiture,Boeing,R 1250 GS,2016,-1635051,33270
VEH_000846,Train,Siemens,Africa Twin,2023,4217424,13673
VEH_000165,Train,Airbus,Tourismo,2022,2322732,235326
VEH_000266,Avion,Airbus,CBR 600,2022,-2189069,76916
VEH_000189,Moto,Bombardier,E195,2022,2766296,119263
VEH_000464,Moto,BMW,e-tron,2021,-1143629,65543
VEH_000676,Avion,Mercedes,Desiro,2019,113075116,155507
VEH_000850,Avion,Iveco,Atego,2019,3496170,36963
VEH_000144,Avion,CAF,Ninja 650,2016,10044742,40968
VEH_000062,Camion,Volvo,S Series,2017,1373044,83630
VEH_000939,Camion,Alstom,Megane,2024,-340717,23868
VEH_000089,Voiture,Iveco,Panigale,2024,-1432700,126454
VEH_000778,Moto,Suzuki,Desiro,2023,1609558,49351
VEH_000989,Camion,Scania,9900,2024,-94754,47512
VEH_000825,Moto,Peugeot,Daily,2022,141664991,97373
VEH_000365,Moto,Mercedes,P Series,2023,27982878,51634
VEH_000878,Voiture,Volkswagen,Polo,2023,-4497301,21901
VEH_000995,Camion,Airbus,F 850 GS,2017,2719052,66033
VEH_000893,Avion,Bombardier,Talent,2022,-1678491,99334
VEH_000542,Avion,Scania,Urbanway,2018,-2105604,224777
VEH_000837,Moto,Volvo,Monster,2020,-4462313,237486
VEH_000030,Bus,Ducati,Vectron,2022,-2052730,43818
VEH_000763,Train,Volkswagen,Corolla,2024,-5290921,61657
VEH_000436,Moto,Volvo,TGV,2024,-1507721,143572
VEH_000300,Avion,Mercedes,E190,2024,-3115668,40560
VEH_000648,Avion,Toyota,787 Dreamliner,2025,1366777,199144
VEH_000653,Voiture,Mercedes,Coradia,2020,-5091451,-475
VEH_000095,Train,Peugeot,Citywide,2019,-1395390,21465
VEH_000887,Moto,Kawasaki,Captur,2023,2914374,17047
VEH_000346,Train,Toyota,FH,2024,9824705,5149
VEH_000354,Bus,Airbus,E195,2024,3166406,16009
VEH_000616,Voiture,Volvo,R Series,2021,54379680,125331
VEH_000532,Train,Scania,A3,2022,-3016860,48543
VEH_000430,Train,CAF,9900,2025,-925794,38565
VEH_000043,Voiture,Toyota,Velaro,2023,660112,75174
VEH_000776,Avion,Yamaha,Crossway,2018,3331234,22071
VEH_000245,Train,Embraer,Interlink,2018,-384515,74170
VEH_000634,Moto,Mercedes,S Series,2024,-4946126,73565
VEH_000927,Voiture,Honda,Série 5,2015,-2249644,1092
VEH_000915,Avion,Yamaha,A4,2023,-794729,118172
VEH_000127,Bus,Scania,Classe A,2023,2466725,169608
VEH_000254,Moto,Airbus,CRJ1000,2022,1165945,70524
VEH_000153,Moto,Volvo,787 Dreamliner,2024,216811175,130281
VEH_000277,Train,Renault,E190,2021,-98366,161485
VEH_000899,Train,Yamaha,GSX-R,2021,45930087,35806
VEH_000093,Camion,Siemens,A350,2022,2350876,70593
VEH_000765,Moto,Airbus,Stralis,2021,18290895,62810
VEH_000528,Moto,Ducati,Multistrada,2025,-4621832,63655
VEH_000159,Voiture,Renault,Lion's City,2024,3063769,35732
VEH_000377,Camion,Boeing,747,2019,-205426,22559
VEH_000948,Camion,BMW,F 850 GS,2023,1063410,27369
VEH_000412,Train,Bombardier,TGV,2017,179759738,77525
VEH_000272,Moto,Embraer,Duster,2024,2763556,144117
VEH_000075,Camion,Iveco,9900,2022,117420395,33716
VEH_000877,Bus,Yamaha,Interlink,2017,4274415,132937
VEH_000885,Voiture,Mercedes,A3,2023,20246203,44108
VEH_000755,Bus,Siemens,S 1000 RR,2026,2026060,126414
VEH_000579,Moto,Bombardier,Urbos,2021,1036749,162157
VEH_000253,Train,Dacia,Monster,2020,1858471,22434
VEH_000614,Bus,Iveco,Logan,2024,131340815,150200
VEH_000914,Voiture,Audi,Urbos,2023,-5394165,159689
VEH_000891,Bus,Alstom,FM,2022,3187769,13324
VEH_000218,Train,BMW,Vectron,2025,18418984,248989
VEH_000924,Avion,Airbus,Polo,2019,68974,5901
VEH_000182,Moto,Dacia,777,2024,-4780551,149481
VEH_000378,Bus,Alstom,CRJ1000,2026,5934698,26427
VEH_000924,Moto,Renault,Multistrada,2022,3020871,79812
VEH_000410,Voiture,Volkswagen,K,2020,-2937239,115746
VEH_000587,Voiture,Honda,9700,2024,-3087624,29945
VEH_000587,Camion,Scania,Touring,2018,-2332472,36564
VEH_000196,Bus,Embraer,R1,2020,-1826818,54190
VEH_000433,Train,Airbus,Actros,2024,4057353,353598
VEH_000878,Bus,Iveco,7900,2023,96081634,144819
VEH_000678,Avion,MAN,AGV,2021,10455813,15018
VEH_000226,Moto,Boeing,V-Strom,2018,1763412,172998
VEH_000924,Moto,Airbus,777,2021,-4561668,-3855
VEH_000744,Avion,Embraer,AGV,2025,-1031617,119907
VEH_000078,Avion,Volkswagen,C,2016,63629445,6916
VEH_000699,Voiture,Audi,Logan,2020,431314,168799
VEH_000114,Camion,Siemens,Lion's Coach,2026,3133910,31831
VEH_000485,Avion,Scania,FMX,2022,-87474,168796
VEH_000721,Train,Bombardier,F 850 GS,2021,92684926,238707
VEH_000723,Bus,Boeing,TMAX,2020,-931487,147349
VEH_000470,Voiture,Peugeot,K,2019,28411113,154970
VEH_000184,Bus,Mercedes,Q5,2020,707675,133061
VEH_000871,Train,Boeing,E190,2025,-455840,22599
VEH_000235,Voiture,Alstom,Citaro,2022,3459147,105318
VEH_000200,Voiture,Mercedes,Crossway,2023,154558,90911
VEH_000871,Voiture,Ducati,S Series,2021,-1628971,86210
VEH_000085,Avion,Bombardier,Stralis,2022,974112,207991
VEH_000631,Avion,Dacia,S Series,2024,3050935,210884
VEH_000627,Moto,Iveco,Camry,2022,-2595602,133052
VEH_000009,Moto,Volvo,308,2025,4157,135627
VEH_000535,Train,Ducati,K,2021,16848662,182028
VEH_000729,Moto,Honda,Ninja 650,2020,3423446,110713
VEH_000269,Train,CAF,TMAX,2021,94703790,99541
VEH_000839,Bus,Audi,Q5,2017,-1237412,877
VEH_000590,Voiture,Suzuki,Kadjar,2020,23521401,103850
VEH_000902,Moto,Mercedes,9700,2023,22469256,85776
VEH_000172,Moto,Siemens,YZF-R6,2023,-3442033,49527
VEH_000099,Bus,CAF,A350,2024,-2021924,160684
VEH_000432,Avion,Toyota,308,2024,-879540,152936
VEH_000452,Camion,MAN,TGV,2021,108731362,49122
VEH_000149,Avion,Iveco,C,2023,42871,139995
VEH_000850,Avion,Iveco,FMX,2024,-2027885,60126
VEH_000379,Avion,Bombardier,Polo,2023,-3216978,-2665
VEH_000460,Voiture,Mercedes,Talent,2015,26354706,78117
VEH_000501,Moto,Airbus,208,2019,4614736,158336
VEH_000866,Moto,Honda,T High,2018,-2457089,34859
VEH_000665,Bus,Scania,Urbanway,2025,-1709920,-5925
VEH_000355,Bus,Embraer,Desiro,2015,1602196,33705
VEH_000192,Bus,BMW,E190,2023,17313702,6382
VEH_000722,Camion,Audi,Urbos,2023,-2230810,147307
VEH_000311,Moto,Scania,Vectron,2022,-478039,159900
VEH_000606,Avion,Iveco,R 1250 GS,2025,-4532095,4918
VEH_000302,Camion,Siemens,Captur,2023,516898,63255
VEH_000462,Camion,Siemens,A320,2023,-2349025,55494
VEH_000427,Avion,Embraer,Zefiro,2016,-2487357,-14701
VEH_000231,Train,Iveco,E190,2023,-412903,32233
VEH_000841,Bus,Iveco,TGX,2015,906782,117143
VEH_000532,Voiture,Audi,Série 5,2024,2736916,38126
VEH_000420,Bus,Audi,7900,2021,224801246,13403
VEH_000231,Avion,Audi,Passat,2023,2562426,-6863
VEH_000583,Bus,Scania,GLE,2024,-1253736,77548
VEH_000293,Avion,Embraer,3008,2023,-2954455,67173
VEH_000966,Bus,CAF,7900,2018,301281,100087
VEH_000906,Moto,Airbus,YZF-R6,2014,86715178,94695
VEH_000762,Bus,Mercedes,5008,2021,127493040,97456
VEH_000524,Avion,Volkswagen,TGV,2017,164609822,188599
VEH_000973,Moto,Ducati,Lion's Coach,2021,-2862836,181473
VEH_000546,Voiture,Dacia,P Series,2024,3327332,-1560
VEH_000396,Train,Siemens,747,2014,155974188,145922
VEH_000725,Avion,Volvo,C,2023,-3141247,104088
VEH_000081,Camion,Iveco,Urbos,2017,206703912,59863
VEH_000147,Bus,CAF,Touring,2017,1987304,161489
VEH_000766,Train,Volkswagen,737,2017,23875346,42123
VEH_000834,Bus,Iveco,TMAX,2023,-417627,90168
VEH_000794,Avion,Embraer,Spring,2023,3360692,119708
VEH_000949,Voiture,Mercedes,Série 3,2020,82025629,39430
VEH_000833,Train,Mercedes,TGL,2019,520685,26580
VEH_000385,Avion,Scania,Eurocargo,2016,-839553,16357
VEH_000343,Camion,Siemens,TMAX,2023,2616360,186195
VEH_000589,Avion,Embraer,Multistrada,2015,-800994,96880
VEH_000445,Avion,Toyota,Africa Twin,2019,-4126028,85074
VEH_000433,Moto,Volvo,Africa Twin,2024,-2591461,9465
VEH_000232,Camion,Audi,Lion's Coach,2022,-1871426,-436
VEH_000139,Bus,Dacia,E195,2024,-5358202,14704
VEH_000879,Bus,Peugeot,Desiro,2024,770914,12703
VEH_000345,Camion,BMW,Axor,2014,41538402,278056
VEH_000389,Moto,Mercedes,737,2026,-4229731,105342
VEH_000174,Avion,Scania,Civity,2026,4612808,135124
VEH_000965,Moto,Yamaha,GLE,2025,-3715165,-8278
VEH_000849,Train,Alstom,Multistrada,2023,-801462,129037
VEH_000899,Moto,Renault,7900,2016,-3857913,33175
VEH_000187,Moto,Alstom,Série 5,2024,-1295639,177625
VEH_000707,Voiture,Airbus,Monster,2022,427608,10713
VEH_000819,Voiture,Bombardier,T High,2021,2771698,99812
VEH_000204,Train,Ducati,E175,2021,3987243,228814
VEH_000532,Train,Toyota,E190,2024,594962,129220
VEH_000772,Train,Scania,R1,2016,-162288,245559
VEH_000101,Moto,Mercedes,A380,2024,92324978,20981
VEH_000747,Bus,BMW,S Series,2024,1029538,218641
VEH_000589,Train,CAF,FMX,2021,-4062885,49488
VEH_000379,Voiture,Scania,S Series,2024,18170918,153727
VEH_000731,Camion,Bombardier,TMAX,2021,160935,117477
VEH_000708,Moto,CAF,9900,2023,238112847,140529
VEH_000572,Camion,Suzuki,S 1000 RR,2015,30855872,36756
VEH_000413,Bus,Iveco,777,2024,3242103,22218
VEH_000951,Bus,Yamaha,Daily,2023,2213942,78546
VEH_000343,Avion,Embraer,YZF-R6,2015,-884187,30614
VEH_000112,Voiture,Suzuki,Classe C,2025,-1452167,8602
VEH_000824,Avion,Airbus,GLA,2024,19904189,90957
VEH_000078,Train,Siemens,Eurocargo,2023,-2178243,433
VEH_000579,Train,BMW,CRJ1000,2024,188753439,46023
VEH_000693,Train,Yamaha,Axor,2024,-2218911,19183
VEH_000850,Train,Peugeot,TGS,2021,3938622,49561
VEH_000015,Moto,Kawasaki,Urbanway,2023,-2583284,183484
VEH_000052,Avion,Volkswagen,T High,2023,46537,147819
VEH_000096,Voiture,Volkswagen,Lion's City,2023,212775087,49099
VEH_000572,Train,Bombardier,Citywide,2016,44276359,88236
VEH_000328,Train,Bombardier,CRJ900,2019,4225725,193567
VEH_000016,Avion,Bombardier,Lion's City,2020,-1448715,104384
VEH_000704,Train,Bombardier,A320,2017,3508954,166034
VEH_000291,Bus,Volvo,Desiro,2018,-669274,119047
VEH_000047,Bus,BMW,Crossway,2024,-1241002,76980
VEH_000020,Train,Dacia,Q5,2022,-1495536,170028
VEH_000057,Camion,Boeing,S Series,2014,2322348,137546
VEH_000987,Voiture,Boeing,Multistrada,2023,176749384,79996
VEH_000068,Moto,Audi,S Series,2021,-1193144,76601
VEH_000802,Voiture,Volkswagen,Talent,2016,-2013672,125226
VEH_000518,Moto,CAF,AGV,2016,2360018,110709
VEH_000089,Voiture,Mercedes,Atego,2020,187453,11308
VEH_000262,Train,Boeing,Megane,2018,147804,229361
VEH_000290,Train,Boeing,Eurocargo,2023,2778148,43261
VEH_000917,Voiture,Airbus,E195,2022,-3246134,118963
VEH_000963,Camion,CAF,FMX,2022,4053263,119516
VEH_000202,Moto,CAF,CRJ1000,2021,55127056,54806
VEH_000390,Avion,Embraer,747,2024,-3500449,94409
VEH_000987,Train,Yamaha,Civity,2019,3074005,137222
VEH_000017,Bus,BMW,CBR 600,2023,-5407376,48425
VEH_000304,Bus,MAN,5008,2018,2483303,7948
VEH_000840,Avion,Scania,FMX,2018,13692818,37076
VEH_000075,Train,Siemens,5008,2022,1041454,18826
VEH_000012,Voiture,BMW,RAV4,2024,-3292616,36115
VEH_000443,Voiture,Mercedes,787 Dreamliner,2020,236953,70935
VEH_000663,Camion,Bombardier,R 1250 GS,2021,1781692,115416
VEH_000005,Train,Embraer,Q5,2024,-435739,99299
VEH_000402,Moto,Scania,Zefiro,2022,13778479,123439
VEH_000479,Voiture,BMW,Captur,2014,-3790583,71059
VEH_000729,Moto,Boeing,A320,2014,-31364,59663
VEH_000732,Moto,Bombardier,YZF-R6,2019,2649261,41949
VEH_000520,Voiture,Suzuki,PCX,2020,2971155,31908
VEH_000942,Camion,Bombardier,Clio,2024,-6595117,-41602
VEH_000770,Bus,Alstom,V-Strom,2017,1746829,118659
VEH_000333,Voiture,Honda,F 850 GS,2018,151717986,162013
VEH_000811,Bus,Embraer,E195,2021,2151384,216787
VEH_000124,Bus,Mercedes,A350,2024,-676630,199887
VEH_000294,Moto,Bombardier,X3,2024,-2258543,122065
VEH_000758,Camion,Airbus,CB 500,2022,11789556,31288
VEH_000960,Bus,BMW,Monster,2025,-2596329,54578
VEH_000345,Bus,Bombardier,Evadys,2023,79009601,95033
VEH_000504,Moto,Suzuki,Série 3,2026,-3363914,133690
VEH_000773,Train,Scania,Coradia,2014,24025564,154578
VEH_000659,Moto,Audi,Evadys,2022,1924284,133523
VEH_000557,Train,Alstom,787 Dreamliner,2020,-2128915,133477
VEH_000786,Camion,Volvo,Panigale,2021,1902600,157079
VEH_000655,Voiture,BMW,Atego,2021,23544758,161393
VEH_000569,Train,Dacia,Panigale,2024,1347578,54104
VEH_000531,Train,Dacia,Tiguan,2023,-4250945,80026
VEH_000866,Avion,Bombardier,308,2023,-6021172,6993
VEH_000517,Moto,Suzuki,Burgman,2018,22509816,225164
VEH_000315,Moto,Airbus,K,2025,1656697,146063
VEH_000192,Voiture,Boeing,Ninja 650,2020,3146229,194075
VEH_000859,Bus,MAN,Crossway,2024,507384,177987
VEH_000471,Voiture,Bombardier,E175,2021,1847805,37048
VEH_000805,Avion,CAF,Sandero,2015,5421969,71905
VEH_000303,Avion,Ducati,A320,2023,729622,1174
VEH_000105,Train,Audi,Civity,2015,58145016,133224
VEH_000797,Voiture,Boeing,Stralis,2017,-3816532,95231
VEH_000526,Train,MAN,787 Dreamliner,2025,-4765901,6622
VEH_000222,Avion,MAN,R 1250 GS,2016,-1490751,35283
VEH_000510,Train,Bombardier,9900,2022,291395579,13672
VEH_000175,Moto,Audi,Urbos,2022,26838927,-1784
VEH_000962,Avion,Bombardier,T-Roc,2020,-4609115,-16515
VEH_000212,Voiture,Kawasaki,FM,2012,18356529,69692
VEH_000711,Camion,BMW,Ninja 650,2023,-4230356,38935
VEH_000024,Moto,Honda,Sprinter,2025,-2312803,74194
VEH_000062,Moto,Alstom,Panigale,2018,71932507,-10627
VEH_000418,Avion,Ducati,787 Dreamliner,2025,-1976582,114927
VEH_000303,Train,Audi,Spring,2016,-1604521,90603
VEH_000099,Train,BMW,787 Dreamliner,2022,-539771,75290
VEH_000662,Moto,Embraer,E195,2024,4375481,82087
VEH_000122,Bus,Bombardier,X5,2025,2218708,61739
VEH_000165,Voiture,Siemens,308,2016,-4600204,19520
VEH_000366,Voiture,Iveco,Golf,2018,5320004,18674
VEH_000880,Voiture,Yamaha,Talent,2019,148488317,42707
VEH_000016,Train,Dacia,Talent,2024,-2508552,-622
VEH_000990,Bus,Renault,747,2023,64362371,75220
VEH_000981,Moto,Volvo,Camry,2021,3874536,115909
VEH_000409,Camion,Bombardier,TMAX,2025,727748,117003
VEH_000957,Train,Dacia,Corolla,2016,-4397911,40078
VEH_000227,Avion,Iveco,9900,2024,4593291,234174
VEH_000532,Voiture,Boeing,Panigale,2024,1725799,239037
VEH_000876,Voiture,Mercedes,Versys,2024,-1215640,20157
VEH_000620,Moto,Dacia,Q3,2023,-1613236,59304
VEH_000527,Moto,Kawasaki,CB 500,2023,5397001,276197
VEH_000195,Bus,Iveco,Ninja 650,2023,-4224831,57336
VEH_000263,Moto,Mercedes,Panigale,2026,2091100,19639
VEH_000478,Voiture,Siemens,Coradia,2023,3846137,38989
VEH_000978,Moto,Mercedes,R Series,2023,-1541868,94128
VEH_000880,Bus,Airbus,Q5,2026,-25518,21764
VEH_000225,Avion,Audi,Evadys,2021,-1064729,109945
VEH_000995,Moto,Bombardier,Interlink,2025,20662810,15994
VEH_000332,Train,Dacia,T High,2024,-1524967,237649
VEH_000879,Moto,Suzuki,Monster,2024,-4844537,52363
VEH_000312,Bus,Renault,S 1000 RR,2023,516856,20179
VEH_000087,Bus,Boeing,Q5,2026,-2545347,1928
VEH_000894,Voiture,Airbus,FM,2024,166175544,41466
VEH_000661,Avion,CAF,Burgman,2019,-2482090,67102
VEH_000471,Avion,Audi,C,2022,-3088254,163516
VEH_000832,Bus,Ducati,Citywide,2017,-2494908,33375
VEH_000685,Train,Boeing,Ninja 650,2022,891101,-2327
VEH_000590,Camion,Scania,FM,2022,962153,96770
VEH_000895,Avion,Volkswagen,Desiro,2021,29208967,102180
VEH_000161,Avion,Siemens,Sandero,2018,1042821,4597
VEH_000813,Moto,Toyota,777,2025,25247157,139216
VEH_000590,Avion,Kawasaki,Zefiro,2023,-1324385,152358
VEH_000040,Voiture,Audi,Tourismo,2024,1956216,59251
VEH_000095,Train,BMW,i4,2022,-3073480,71970
VEH_000830,Camion,Kawasaki,Zefiro,2021,2895906,261195
VEH_000488,Moto,Kawasaki,Zefiro,2024,25769556,214589
VEH_000531,Voiture,CAF,TMAX,2024,1463115,69287
VEH_000343,Voiture,Honda,Tourismo,2019,720749,59474
VEH_000348,Train,Embraer,Evadys,2023,9891094,196348
VEH_000946,Train,BMW,Eurocargo,2023,-3040448,61895
VEH_000432,Avion,Airbus,TGV,2018,-3874936,22939
VEH_000320,Camion,Honda,A320,2016,3747164,14644
VEH_000983,Avion,BMW,Touring,2024,-1429590,102760
VEH_000192,Avion,Airbus,Velaro,2024,257357,157093
VEH_000711,Bus,Audi,Q5,2023,307038,120171
VEH_000530,Voiture,Honda,308,2018,-33694,5180
VEH_000791,Bus,Embraer,Desiro,2023,217390905,16087
VEH_000053,Camion,BMW,A350,2014,3504133,157679
VEH_000606,Train,Iveco,737,2023,1188941,69508
VEH_000347,Voiture,BMW,GSX-R,2022,1023493,158394
VEH_000689,Camion,Siemens,E190,2022,1766710,146474
VEH_000581,Avion,Peugeot,Multistrada,2016,-1977717,1168
VEH_000478,Voiture,CAF,Touring,2022,665150,123570
VEH_000009,Avion,Embraer,Clio,2025,11725084,131105
VEH_000634,Voiture,Airbus,A380,2021,12262243,-5522
VEH_000936,Moto,Embraer,Série 3,2015,-449266,117921
VEH_000723,Bus,Iveco,Vectron,2025,2970174,106981
VEH_000829,Moto,Boeing,Multistrada,2024,13283586,30014
VEH_000757,Moto,MAN,Tourismo,2020,-1320325,14060
VEH_000107,Avion,Mercedes,777,2021,-4521257,70831
VEH_000373,Camion,Airbus,Monster,2021,3710529,200457
VEH_000827,Bus,Boeing,Civity,2022,133429370,110607
VEH_000436,Train,Bombardier,Axor,2022,2068592,160282
VEH_000782,Avion,CAF,CRJ1000,2019,-1118603,45132
VEH_000548,Bus,Audi,Duster,2024,14434108,18416
VEH_000451,Avion,Boeing,Eurocargo,2026,-2977354,132758
VEH_000178,Train,BMW,Q3,2022,551400,145287
VEH_000674,Train,CAF,MT-07,2019,2137593,106286
VEH_000065,Train,BMW,308,2023,450819,71873
VEH_000846,Bus,Renault,CB 500,2015,-6718671,64858
VEH_000104,Avion,Volvo,FM,2024,-724413,82990
VEH_000004,Moto,Renault,GSX-R,2021,3876160,99187
VEH_000764,Train,Bombardier,Coradia,2020,1308097,112672
VEH_000088,Bus,Renault,Captur,2020,-1817813,24114
VEH_000433,Train,Bombardier,CB 500,2021,1198510,158416
VEH_000296,Voiture,Audi,Passat,2025,2450335,14214
VEH_000369,Bus,Audi,Interlink,2020,201957614,66871
VEH_000944,Moto,Toyota,CRJ1000,2024,15468473,105734
VEH_000908,Avion,Peugeot,Golf,2019,-1668887,152961
VEH_000253,Moto,Scania,CB 500,2023,2373040,62461
VEH_000624,Camion,Mercedes,737,2017,124982701,73128
VEH_000728,Voiture,Embraer,PCX,2023,3815044,223526
VEH_000374,Moto,Alstom,308,2025,-2175786,44740
VEH_000412,Bus,Volkswagen,Q5,2020,-2236503,133609
VEH_000108,Train,Airbus,Axor,2021,26260726,38587
VEH_000265,Moto,Alstom,S Series,2023,1103358,41400
VEH_000273,Bus,MAN,T High,2024,5618255,61097
VEH_000849,Train,Suzuki,E195,2015,3723150,37792
VEH_000615,Avion,Siemens,A320,2025,2448305,195221
VEH_000804,Camion,Suzuki,Sandero,2024,188795153,143596
VEH_000387,Moto,Iveco,777,2017,283986663,245226
VEH_000536,Train,Embraer,E175,2025,-4127977,23914
VEH_000180,Train,BMW,Duster,2024,-1104497,1813
VEH_000644,Avion,Yamaha,CRJ1000,2014,3109906,153047
VEH_000193,Voiture,MAN,TMAX,2022,279847852,51375
VEH_000814,Camion,Volvo,Polo,2025,-3751310,110439
VEH_000355,Train,MAN,Série 3,2019,-3443463,1148
VEH_000419,Train,Yamaha,Talent,2016,-1616814,152055
VEH_000136,Moto,Scania,Talent,2017,2456151,165806
VEH_000489,Moto,Yamaha,Ninja 650,2021,1100008,15494
VEH_000732,Moto,Mercedes,Panigale,2025,1442710,29308
VEH_000436,Camion,BMW,747,2016,48270937,121272
VEH_000367,Bus,Dacia,AGV,2023,-2388707,83413
VEH_000309,Voiture,Volkswagen,Captur,2015,-1685261,47898
VEH_000298,Train,Dacia,Versys,2014,111275025,44029
VEH_000718,Voiture,CAF,E195,2019,-3042367,9574
VEH_000998,Avion,Bombardier,TMAX,2022,22042222,1853
VEH_000978,Bus,Volvo,R Series,2024,-2492755,53065
VEH_000917,Voiture,Iveco,Land Cruiser,2024,1472435,15184
VEH_000432,Train,Dacia,9900,2024,42463462,176197
VEH_000474,Train,Iveco,Daily,2012,2329755,-3378
VEH_000507,Camion,Honda,Série 5,2022,103940672,15994
VEH_000713,Train,Dacia,P Series,2021,1526463,110814
VEH_000801,Avion,Honda,Ninja 650,2022,7369138,202411
VEH_000209,Camion,Volvo,CRJ1000,2025,25469944,128526
VEH_000182,Camion,BMW,Ninja 650,2016,46068919,177377
VEH_000044,Moto,Boeing,Panigale,2024,331095,32474
VEH_000480,Camion,Renault,Actros,2019,476718,72977
VEH_000502,Moto,Scania,Civity,2023,25797621,107709
VEH_000513,Avion,Peugeot,Coradia,2020,2415161,79092
VEH_000210,Avion,Volvo,Daily,2024,15560522,242219
VEH_000309,Train,Bombardier,Duster,2019,172304070,52945
VEH_000852,Bus,Honda,Zefiro,2024,-257613,70237
VEH_000294,Train,BMW,Corolla,2024,-4383803,32382
VEH_000129,Voiture,Embraer,FM,2019,30181369,45281
VEH_000772,Bus,Embraer,i4,2023,-2580878,127309
VEH_000340,Train,CAF,7900,2015,-1463331,7703
VEH_000785,Bus,Siemens,K,2017,-1955419,47698
VEH_000683,Train,Yamaha,Clio,2020,-84596,51892
VEH_000715,Avion,Alstom,F 850 GS,2020,-822447,37120
VEH_000381,Avion,BMW,747,2018,-697349,31116
VEH_000234,Moto,Boeing,A330,2024,-3090363,62508
VEH_000678,Camion,Volvo,CBR 600,2023,-6660513,50533
VEH_000882,Voiture,Volkswagen,Coradia,2023,2188344,173397
VEH_000229,Avion,Toyota,Citywide,2017,976503,206441
VEH_000126,Camion,Scania,Multistrada,2025,-775766,31297
VEH_000757,Voiture,Mercedes,T-Roc,2015,1657346,179617
VEH_000039,Train,Dacia,TGV,2018,-3633491,5068
VEH_000353,Train,Peugeot,Camry,2019,4272681,54787
VEH_000352,Bus,Mercedes,CBR 600,2024,532840,261858
VEH_000341,Moto,Bombardier,E195,2021,1483156,41840
VEH_000987,Voiture,Boeing,Multistrada,2016,-724116,52886
VEH_000062,Train,Airbus,Lion's Coach,2022,-2458631,118454
VEH_000384,Train,BMW,308,2024,4949303,22753
VEH_000102,Voiture,Embraer,Africa Twin,2025,61384212,59248
VEH_000354,Train,Bombardier,Ninja 650,2015,47659321,88413
VEH_000507,Avion,Mercedes,Vectron,2023,-3682619,21740
VEH_000512,Avion,Peugeot,Evadys,2024,928201,54065
VEH_000677,Train,MAN,TGL,2022,21594258,86212
VEH_000851,Moto,Mercedes,TGS,2024,-1286359,4944
VEH_000050,Moto,Honda,Yaris,2021,63235469,13807
VEH_000248,Voiture,Alstom,308,2022,-3030726,20227
VEH_000638,Voiture,Mercedes,A320,2017,238589,10304
VEH_000764,Moto,Kawasaki,9700,2023,23584761,202735
VEH_000463,Train,Embraer,Camry,2024,132352743,35245
VEH_000432,Bus,Iveco,Civity,2021,24238309,131018
VEH_000103,Voiture,Boeing,K,2022,68191,28603
VEH_000354,Avion,Bombardier,Zefiro,2021,-47378,122659
VEH_000934,Train,Kawasaki,K,2022,23808068,285854
VEH_000347,Bus,Boeing,Vectron,2023,-2322315,156358
VEH_000561,Voiture,Embraer,S Series,2024,70129877,72526
VEH_000502,Camion,Embraer,V-Strom,2019,-2302870,41866
VEH_000464,Avion,Peugeot,Passat,2024,2234995,14543
VEH_000374,Train,Bombardier,Lion's City,2023,11521584,67651
VEH_000318,Bus,Siemens,Vectron,2018,2628506,105276
VEH_000602,Camion,Iveco,Touring,2026,-5242677,-13481
VEH_000245,Moto,Airbus,Velaro,2019,5340474,161356
VEH_000549,Camion,Siemens,Ninja 650,2023,26964544,37927
VEH_000977,Camion,Dacia,Captur,2022,-1404575,327864
VEH_000183,Moto,Bombardier,R 1250 GS,2026,3434610,52316
VEH_000709,Bus,Volkswagen,Desiro,2021,13451555,32443
VEH_000418,Voiture,Audi,Sandero,2016,22057006,18347
VEH_000028,Camion,Bombardier,Golf,2020,3603410,129795
VEH_000320,Train,Mercedes,CRJ1000,2022,-301139,60699
VEH_000034,Voiture,Iveco,Logan,2023,-2728024,12132
VEH_000325,Avion,Volvo,Desiro,2019,-1606005,128718
VEH_000053,Bus,Siemens,GLE,2024,-3156100,93567
VEH_000694,Moto,Renault,Civity,2022,1621208,31918
VEH_000406,Moto,Scania,Série 5,2022,62800,91695
VEH_000659,Camion,Bombardier,A320,2025,619096,131286
VEH_000226,Bus,Renault,9700,2018,1819699,21209
VEH_000201,Train,Suzuki,GLE,2023,-368349,10270
VEH_000850,Camion,Ducati,787 Dreamliner,2023,-1661504,101723
VEH_000989,Moto,Toyota,Panigale,2024,-1828672,19703
VEH_000006,Voiture,MAN,Urbanway,2022,-1714727,48084
VEH_000515,Train,Kawasaki,CBR 600,2022,-2628089,105588
VEH_000066,Train,CAF,P Series,2016,9482046,128427
VEH_000584,Voiture,BMW,Urbos,2022,3466874,121314
VEH_000960,Train,Bombardier,308,2024,-2904550,165453
VEH_000557,Moto,Boeing,Zefiro,2019,1033384,101263
VEH_000750,Camion,Airbus,308,2020,119737,260115
VEH_000847,Voiture,Dacia,Logan,2018,-1006093,112232
VEH_000542,Moto,Siemens,Versys,2025,-6230426,93776
VEH_000489,Train,Bombardier,Classe A,2024,106215442,216340
VEH_000955,Avion,Mercedes,Urbanway,2021,74083822,20069
VEH_000110,Moto,CAF,Panigale,2019,345686,25849
VEH_000001,Voiture,Volvo,Eurocargo,2016,222541125,57878
VEH_000393,Camion,Boeing,Evadys,2024,1506486,45286
VEH_000286,Moto,Scania,Coradia,2023,1202159,64390
VEH_000038,Camion,BMW,9700,2024,4390945,45444
VEH_000395,Avion,CAF,E195,2020,20556504,132877
VEH_000731,Bus,Honda,308,2013,32590166,156658
VEH_000235,Moto,Kawasaki,RAV4,2026,-2041764,69484
VEH_000036,Train,BMW,Corolla,2025,-3256335,186849
VEH_000731,Train,Bombardier,Polo,2023,16837072,212190
VEH_000201,Train,Suzuki,FH,2023,67397079,26363
VEH_000805,Bus,Audi,C,2025,1700961,140070
VEH_000977,Train,Volvo,C,2024,-6443689,27260
VEH_000949,Moto,Yamaha,7900,2024,-213809,52028
VEH_000675,Train,Embraer,Sandero,2023,-2252869,168452
VEH_000873,Bus,Mercedes,Eurocargo,2015,86370957,7690
VEH_000383,Train,Iveco,Land Cruiser,2024,-1457711,36738
VEH_000179,Bus,Alstom,747,2024,-3174655,24979
VEH_000667,Bus,Embraer,T-Roc,2022,-891218,149872
VEH_000361,Bus,Iveco,Zefiro,2026,-4530660,15314
VEH_000083,Bus,Scania,Tourismo,2021,-2087063,166904
VEH_000517,Camion,Airbus,9900,2022,595974,21810
VEH_000357,Avion,Scania,FM,2017,260044,264120
VEH_000513,Train,Bombardier,A320,2014,-671580,3678
VEH_000514,Bus,Volkswagen,Civity,2023,2315560,5653
VEH_000019,Bus,Yamaha,9700,2020,756923,37426
VEH_000540,Avion,Volvo,V-Strom,2023,10897703,11439
VEH_000375,Avion,Boeing,Touring,2024,2252786,219923
VEH_000291,Moto,Iveco,Lion's Coach,2023,2200330,57513
VEH_000391,Train,Iveco,E175,2016,-514669,63469
VEH_000017,Bus,Audi,A380,2024,-3383408,33677
VEH_000295,Avion,Dacia,Vectron,2019,-3471180,69342
VEH_000278,Train,Honda,Talent,2018,-2572664,39440
VEH_000962,Voiture,Bombardier,TMAX,2021,103056124,24740
VEH_000261,Voiture,Embraer,PCX,2017,-402570,99782
VEH_000421,Train,Iveco,F 850 GS,2021,1561708,69251
VEH_000732,Avion,CAF,737,2019,-2653273,59090
VEH_000018,Camion,Bombardier,FMX,2017,3255062,251766
VEH_000354,Moto,Honda,Atego,2021,1697201,124566
VEH_000675,Bus,MAN,CB 500,2024,-3452084,156858
VEH_000815,Moto,Iveco,Interlink,2020,-2512524,107133
VEH_000929,Camion,MAN,737,2017,80378103,182530
VEH_000152,Train,Siemens,Crossway,2023,-1463351,24650
VEH_000076,Bus,Scania,Multistrada,2019,1315652,28708
VEH_000644,Moto,Renault,Touring,2017,-1562283,147957
VEH_000267,Bus,Bombardier,TMAX,2024,-3507249,127747
VEH_000960,Voiture,Bombardier,Yaris,2022,903990,188351
VEH_000618,Bus,Renault,CRJ900,2025,-1420578,57555
VEH_000122,Train,CAF,Velaro,2013,-1434829,45796
VEH_000092,Avion,Embraer,Axor,2021,3782485,119634
VEH_000203,Camion,BMW,Zefiro,2019,-717908,59378
VEH_000766,Moto,Volvo,Monster,2023,-2995767,25406
VEH_000438,Moto,Yamaha,Crossway,2014,4965351,87983
VEH_000455,Avion,Suzuki,Evadys,2024,107190399,41572
VEH_000772,Voiture,Mercedes,CRJ900,2021,-2282934,20612
VEH_000522,Camion,Iveco,Citywide,2025,-748818,203504
VEH_000252,Camion,BMW,Eurocargo,2024,-291506,86213
VEH_000994,Train,Volvo,P Series,2023,157815539,113171
VEH_000688,Voiture,Toyota,787 Dreamliner,2022,3979144,129718
VEH_000070,Camion,Bombardier,Lion's City,2020,709519,52233
VEH_000544,Bus,Mercedes,Sprinter,2025,10972636,-7573
VEH_000076,Avion,Honda,Multistrada,2025,146442784,97302
VEH_000522,Camion,Ducati,Sandero,2023,75291168,52302
VEH_000605,Avion,Renault,Citaro,2024,3208578,75114
VEH_000839,Bus,Embraer,Africa Twin,2025,1129121,-13515
VEH_000036,Train,Bombardier,Urbos,2016,3389498,68528
VEH_000384,Train,CAF,Sandero,2020,33143940,275382
VEH_000270,Voiture,Bombardier,CRJ1000,2012,959896,56793
VEH_000735,Voiture,Siemens,A380,2019,23381819,34731
VEH_000628,Bus,Kawasaki,A350,2026,1041384,30913
VEH_000165,Avion,Alstom,Coradia,2018,2051926,101094
VEH_000476,Voiture,Honda,A380,2022,-646987,38369
VEH_000617,Voiture,Suzuki,V-Strom,2023,2557407,81385
VEH_000719,Bus,Bombardier,Corolla,2024,759989,111806
VEH_000532,Bus,MAN,Multistrada,2022,-4058597,153042
VEH_000310,Voiture,Audi,TGX,2020,54704751,2573
VEH_000462,Voiture,Embraer,E190,2018,-616532,52344
VEH_000354,Train,Ducati,Daily,2025,135514271,65199
VEH_000683,Train,Renault,Africa Twin,2018,-1221382,63944
VEH_000105,Moto,MAN,Desiro,2022,28130420,134884
VEH_000426,Avion,Bombardier,R 1250 GS,2021,64570064,39168
VEH_000630,Voiture,MAN,Land Cruiser,2023,3006125,164210
VEH_000218,Voiture,Mercedes,Q5,2025,-1178122,24849
VEH_000173,Moto,Audi,CBR 600,2019,-3648814,132991
VEH_000868,Voiture,Embraer,308,2022,80056367,4108
VEH_000945,Bus,Peugeot,Urbos,2024,2535105,160508
VEH_000044,Avion,Scania,CB 500,2017,-1680428,58430
VEH_000240,Bus,MAN,737,2023,3330501,55272
VEH_000697,Voiture,Suzuki,Talent,2015,1566357,30247
VEH_000562,Voiture,Volvo,Série 5,2025,6875901,43879
VEH_000236,Moto,Airbus,7900,2024,1884293,43415
VEH_000894,Bus,Dacia,e-tron,2022,4252204,13820
VEH_000962,Train,Peugeot,9900,2022,122606,277340
VEH_000950,Moto,Kawasaki,C,2020,1012059,47944
VEH_000789,Bus,Airbus,9700,2022,2764678,92743
VEH_000276,Train,Siemens,Classe C,2018,29400167,127570
VEH_000974,Avion,Peugeot,Evadys,2022,3367651,96493
VEH_000760,Bus,Scania,Q5,2024,-1535750,47233
VEH_000894,Train,Alstom,YZF-R6,2020,-1884896,161825
VEH_000302,Camion,Volkswagen,Velaro,2017,1765214,34851
VEH_000380,Moto,Airbus,Daily,2021,27001874,294854
VEH_000756,Bus,Iveco,V-Strom,2015,1994717,127421
VEH_000881,Camion,Siemens,Panigale,2023,-2211870,40025
VEH_000595,Camion,Audi,Zefiro,2018,8716521,17662
VEH_000458,Bus,Audi,A4,2024,384162,163598
VEH_000580,Train,Volvo,Desiro,2019,2060165,27268
VEH_000635,Train,Yamaha,208,2018,-5442009,150824
VEH_000869,Train,Embraer,Talent,2022,-2319462,30646
VEH_000492,Moto,Scania,Actros,2023,37548408,48426
VEH_000087,Avion,Honda,787 Dreamliner,2019,1470833,139607
VEH_000162,Bus,Siemens,A350,2026,-2452616,13395
VEH_000570,Moto,Iveco,R Series,2017,563229,26684
VEH_000777,Avion,Kawasaki,X3,2025,1098834,41740
VEH_000982,Bus,Airbus,Urbanway,2024,1967655,195934
VEH_000555,Voiture,CAF,Q5,2022,2087712,26403
VEH_000633,Camion,BMW,CRJ1000,2015,30442591,131545
VEH_000035,Bus,Volvo,T-Roc,2026,-5585489,235558
VEH_000909,Moto,Honda,777,2023,-2670331,91677
VEH_000653,Moto,Bombardier,C,2024,-1656921,-15405
VEH_000456,Moto,Mercedes,PCX,2023,-3682274,2651
VEH_000415,Train,Boeing,Velaro,2023,-1812407,65062
VEH_000737,Bus,Embraer,Multistrada,2025,-1644752,87418
VEH_000735,Bus,MAN,Ninja 650,2019,-18547812,81058
VEH_000597,Voiture,BMW,Corolla,2025,-3895124,46703
VEH_000656,Avion,Ducati,K,2024,943884,89255
VEH_000997,Moto,Bombardier,Atego,2021,93604426,15275
VEH_000196,Train,MAN,Clio,2023,-274668,-10604
VEH_000579,Avion,Iveco,K,2023,36732429,153641
VEH_000657,Camion,Volvo,GSX-R,2017,-1910668,208545
VEH_000393,Train,Volvo,X3,2017,-3623135,205224
VEH_000542,Voiture,Bombardier,TGS,2018,-319139,66881
VEH_000070,Camion,BMW,Talent,2019,-163678,173828
VEH_000500,Bus,Ducati,Citywide,2019,-2911802,117560
VEH_000042,Train,Embraer,A320,2013,2391136,172830
VEH_000370,Bus,MAN,Ninja 650,2014,2335111,66668
VEH_000304,Moto,Honda,Classe A,2020,-1389942,18779
VEH_000192,Train,Ducati,Vectron,2019,60374619,118083
VEH_000181,Camion,Iveco,Lion's Coach,2026,-339582,121248
VEH_000793,Train,Audi,Tiguan,2021,338570133,58171
VEH_000443,Avion,Alstom,MT-07,2023,-4821043,93866
VEH_000426,Train,Kawasaki,T-Roc,2023,59716410,28907
VEH_000756,Voiture,Bombardier,TGL,2015,266816,14321
VEH_000444,Train,Bombardier,Citywide,2023,1363593,47228
VEH_000203,Voiture,Alstom,Urbos,2024,2032974,61679
VEH_000606,Voiture,Ducati,P Series,2022,-2512805,186510
VEH_000573,Camion,MAN,T High,2022,59477,1800
VEH_000856,Bus,Iveco,X3,2021,4745755,244859
VEH_000724,Train,Bombardier,A4,2024,411044,34547
VEH_000161,Train,Embraer,FM,2020,-3945295,50858
VEH_000777,Moto,Alstom,Desiro,2014,-1254773,97817
VEH_000025,Bus,Volvo,Atego,2020,-200865,117958
VEH_000488,Camion,Airbus,R 1250 GS,2019,105251810,71970
VEH_000477,Bus,MAN,Civity,2020,457373,97656
VEH_000666,Bus,Mercedes,Interlink,2020,125760137,166221
VEH_000866,Train,Bombardier,CB 500,2017,80427974,176455
VEH_000273,Voiture,Bombardier,TGS,2024,11419587,345241
VEH_000599,Bus,Scania,Stralis,2021,39122590,106445
VEH_000404,Camion,Volvo,787 Dreamliner,2024,-728895,64530
VEH_000063,Train,Suzuki,CRJ1000,2013,125113249,138319
VEH_000520,Voiture,Volvo,YZF-R6,2017,-2344304,38836
VEH_000104,Moto,Siemens,YZF-R6,2026,875489,47480
VEH_000302,Train,Toyota,Citywide,2017,22056827,22621
VEH_000190,Avion,Embraer,FM,2015,1326352,54588
VEH_000541,Moto,Mercedes,Burgman,2023,-2179902,55292
VEH_000455,Train,Bombardier,787 Dreamliner,2024,1420772,188571
VEH_000457,Bus,Dacia,CB 500,2021,21145730,36348
VEH_000329,Camion,BMW,9900,2022,-4747757,45891
VEH_000087,Moto,Airbus,Eurocargo,2024,28126261,60340
VEH_000183,Train,Bombardier,9700,2020,164387685,198035
VEH_000977,Avion,Peugeot,308,2020,39943,24302
VEH_000223,Avion,Embraer,Yaris,2020,4215818,141755
VEH_000913,Voiture,Embraer,A3,2024,-1396307,6211
VEH_000462,Avion,Audi,Panigale,2023,1878267,174069
VEH_000981,Voiture,Airbus,X5,2022,-2540224,156413
VEH_000379,Voiture,Bombardier,Multistrada,2024,-1617256,35152
VEH_000700,Avion,Mercedes,Desiro,2017,8508947,36771
VEH_000622,Avion,Mercedes,208,2025,-4514432,1369
VEH_000054,Camion,Iveco,CRJ900,2024,1824606,46103
VEH_000312,Voiture,MAN,F 850 GS,2021,151129964,94744
VEH_000952,Bus,Kawasaki,737,2024,-3383567,130480
VEH_000896,Camion,Siemens,Panigale,2022,-1189293,96918
VEH_000797,Camion,Honda,X5,2021,2822318,105571
VEH_000949,Bus,Iveco,7900,2022,-3840750,49192
VEH_000973,Camion,Boeing,Classe C,2022,403795303,131714
VEH_000299,Voiture,Alstom,CB 500,2021,27752898,88190
VEH_000974,Voiture,Renault,P Series,2016,3714384,48315
VEH_000912,Bus,Iveco,Tiguan,2024,-3182620,7347
VEH_000871,Moto,Audi,777,2023,-1293019,14344
VEH_000921,Train,MAN,Urbos,2020,27152081,217778
VEH_000871,Avion,Scania,T High,2022,-3163962,62792
VEH_000807,Camion,Kawasaki,R Series,2022,177174253,126652
VEH_000491,Train,Kawasaki,Daily,2025,-1904049,14244
VEH_000747,Voiture,Siemens,GLA,2024,-3054390,13998
VEH_000047,Avion,Alstom,Lion's City,2018,701387,60068
VEH_000938,Moto,Yamaha,TGV,2022,1949694,10535
VEH_000503,Bus,Scania,Multistrada,2023,566702,146757
VEH_000609,Bus,CAF,GSX-R,2019,-2561227,93747
VEH_000268,Voiture,Mercedes,F 850 GS,2014,-4233463,188875
VEH_000201,Avion,Bombardier,Eurocargo,2024,53121108,222434
VEH_000600,Voiture,Kawasaki,FH,2023,14811053,169870
VEH_000004,Avion,Volvo,Axor,2018,-1468397,10007
VEH_000950,Camion,Bombardier,Duster,2023,24785136,30213
VEH_000515,Camion,Mercedes,Monster,2024,4848760,125720
VEH_000571,Bus,Yamaha,Sprinter,2021,1019872,55837
VEH_000411,Avion,Kawasaki,Citywide,2019,-3835613,159734
VEH_000476,Train,Embraer,Panigale,2023,67795,151007
VEH_000874,Moto,BMW,T-Roc,2024,-1303134,57967
VEH_000191,Avion,Boeing,A330,2022,2599160,104453
VEH_000691,Camion,Ducati,TGV,2024,34800369,47773
VEH_000337,Moto,Airbus,Multistrada,2022,-723316,62445
VEH_000979,Bus,Boeing,Zefiro,2024,-4242130,-6654
VEH_000789,Voiture,Bombardier,Duster,2022,2229512,229339
VEH_000696,Avion,Volkswagen,Passat,2025,-2277297,83616
VEH_000210,Bus,Bombardier,E195,2019,145822481,30547
VEH_000292,Avion,Airbus,5008,2018,-1115848,68375
VEH_000454,Voiture,MAN,Velaro,2017,929654,174898
VEH_000608,Moto,Siemens,CRJ1000,2023,479540,150427
VEH_000573,Camion,Suzuki,Talent,2024,-1794136,147457
VEH_000805,Moto,Mercedes,Tiguan,2014,-4058451,182537
VEH_000156,Moto,Mercedes,A3,2019,115905598,2288
VEH_000563,Moto,Scania,9900,2024,3831165,117381
VEH_000224,Avion,Bombardier,Vectron,2023,-2952499,44410
VEH_000249,Voiture,Peugeot,FMX,2021,-4254837,181892
VEH_000462,Bus,Yamaha,9700,2015,-400285,28643
VEH_000139,Camion,MAN,T High,2025,556888,163719
VEH_000120,Train,Bombardier,5008,2024,-2064762,23211
VEH_000892,Voiture,Iveco,Kadjar,2024,-7676118,9928
VEH_000437,Bus,Mercedes,Desiro,2018,-1731229,91774
VEH_000637,Camion,Ducati,9900,2023,-614517,8226
VEH_000708,Train,Bombardier,Clio,2020,-2872677,5105
VEH_000847,Train,Airbus,Classe A,2019,136352457,42301
VEH_000321,Train,Mercedes,737,2023,-3121825,62524
VEH_000856,Voiture,Embraer,3008,2023,4882818,18246
VEH_000185,Bus,Volvo,A330,2022,-3167603,27188
VEH_000553,Moto,Mercedes,e-tron,2024,2908809,197111
VEH_000761,Bus,Bombardier,Atego,2021,6254505,110138
VEH_000379,Avion,Audi,Atego,2024,1925044,5260
VEH_000108,Avion,CAF,Citywide,2020,11473939,-4965
VEH_000129,Avion,Scania,MT-07,2022,1285890,115855
VEH_000191,Bus,Siemens,TGV,2025,-6362666,19588
VEH_000126,Avion,Honda,Série 5,2022,1003602,44966
VEH_000609,Moto,Alstom,Burgman,2022,-3963844,92628
VEH_000187,Train,Yamaha,Land Cruiser,2022,45958951,53769
VEH_000263,Bus,Dacia,K,2024,-2978218,23818
VEH_000681,Train,Airbus,R 1250 GS,2024,1130975,187059
VEH_000847,Avion,Honda,Classe C,2023,1026552,85797
VEH_000881,Moto,Siemens,X3,2024,457216,145689
VEH_000103,Voiture,Honda,Z900,2016,-1625415,26118
VEH_000688,Voiture,MAN,Urbos,2024,879302,29737
VEH_000221,Train,Honda,CRJ1000,2019,1878710,61307
VEH_000143,Moto,Alstom,FM,2018,51788212,123697
VEH_000461,Bus,Kawasaki,C,2021,-4059217,-6778
VEH_000457,Voiture,Kawasaki,CBR 600,2023,-3789677,22455
VEH_000865,Avion,Peugeot,Tiguan,2017,75634294,18462
VEH_000377,Moto,Renault,Actros,2023,1080208,126260
VEH_000931,Train,Volkswagen,E195,2020,24871539,31921
VEH_000617,Camion,Ducati,Talent,2023,37638147,85874
VEH_000295,Voiture,Alstom,Lion's Coach,2016,2697714,247072
VEH_000433,Train,Boeing,Q3,2020,532155,97483
VEH_000626,Voiture,Siemens,Citywide,2022,-3098017,33089
VEH_000888,Moto,Ducati,MT-07,2018,-1612349,44597
VEH_000102,Moto,Suzuki,GLE,2024,-2112843,115755
VEH_000676,Voiture,Renault,Polo,2015,53872191,17580
VEH_000532,Camion,Bombardier,Polo,2015,1583050,45756
VEH_000341,Bus,Yamaha,Lion's Coach,2024,14519008,137744
VEH_000839,Avion,Bombardier,Citywide,2023,75055170,55610
VEH_000090,Train,Mercedes,Urbanway,2024,126688342,137755
VEH_000772,Moto,Airbus,CRJ900,2024,4488058,74562
VEH_000032,Avion,Honda,TMAX,2023,693023,96143
VEH_000864,Bus,Audi,Land Cruiser,2019,4118622,251594
VEH_000341,Moto,Iveco,Interlink,2023,4151575,32842
VEH_000122,Moto,Kawasaki,TGV,2019,68602568,108805
VEH_000147,Train,BMW,CRJ900,2024,23745819,162970
VEH_000177,Avion,Suzuki,A320,2024,-259691,158877
VEH_000580,Voiture,Scania,T-Roc,2018,-2647372,31429
VEH_000575,Moto,Airbus,Spring,2019,232831,81668
VEH_000749,Moto,CAF,E175,2025,-2122257,37015
VEH_000434,Moto,Mercedes,9900,2025,1014911,3906
VEH_000082,Moto,Audi,Tourismo,2026,30149883,8849
VEH_000890,Camion,Embraer,Civity,2024,323523263,158471
VEH_000536,Camion,Dacia,Touring,2026,15913540,49221
VEH_000342,Voiture,Embraer,Golf,2025,-5871527,143744
VEH_000944,Bus,Siemens,Ninja 650,2021,108967534,-4556
VEH_000168,Camion,Bombardier,Urbos,2025,31166246,51507
VEH_000619,Camion,Audi,TGS,2021,496744,52483
VEH_000840,Bus,Toyota,V-Strom,2023,14519,43443
VEH_000325,Camion,CAF,FM,2022,492823,40396
VEH_000840,Train,Siemens,Eurocargo,2019,13013849,259238
VEH_000211,Train,Volvo,Corolla,2019,-2458104,221270
VEH_000219,Camion,MAN,Passat,2021,-209029,20000
VEH_000601,Moto,Boeing,7900,2018,-2722228,48138
VEH_000215,Avion,Peugeot,747,2019,-456568,17092
VEH_000054,Voiture,CAF,Urbanway,2024,412451,37944
VEH_000270,Moto,Honda,Desiro,2016,23605222,91990
VEH_000226,Moto,Mercedes,Classe A,2023,-3722157,18321
VEH_000213,Bus,Boeing,FMX,2016,37035901,42570
VEH_000881,Moto,BMW,Citaro,2024,-208042,62116
VEH_000178,Moto,Alstom,Classe A,2020,-2105737,17730
VEH_000033,Train,CAF,Passat,2014,11745970,50558
VEH_000200,Voiture,Iveco,A350,2025,-2180916,110779
VEH_000779,Bus,Kawasaki,7900,2024,-4938136,101451
VEH_000605,Avion,Audi,i4,2021,8598402,57567
VEH_000158,Voiture,Dacia,Q3,2024,1392994,16508
VEH_000568,Avion,Iveco,FM,2014,10018210,-1400
VEH_000914,Voiture,Volkswagen,Crossway,2019,117762982,106384
VEH_000215,Train,Ducati,Camry,2020,1128088,89644
VEH_000172,Train,Volvo,FM,2023,162002418,210351
VEH_000294,Bus,Airbus,Vectron,2023,37654885,36192
VEH_000828,Voiture,Honda,Actros,2025,-1929094,24583
VEH_000882,Train,Peugeot,Polo,2020,-358056,3329
VEH_000576,Voiture,Dacia,TMAX,2019,25990853,14587
VEH_000666,Voiture,Iveco,3008,2023,167832,131090
VEH_000008,Avion,Yamaha,YZF-R6,2025,-4874233,93264
VEH_000658,Bus,Bombardier,Logan,2022,916417,158263
VEH_000998,Avion,Suzuki,Civity,2018,577057,103462
VEH_000490,Camion,Bombardier,Desiro,2024,3177308,47825
VEH_000160,Avion,Bombardier,Corolla,2020,22863329,161198
VEH_000217,Camion,Suzuki,GSX-R,2021,295308,109914
VEH_000113,Voiture,Honda,K,2020,-728621,1858
VEH_000862,Bus,Iveco,Desiro,2017,-828355,134787
VEH_000252,Moto,Bombardier,Atego,2016,1704323,113137
VEH_000737,Bus,Renault,A350,2026,-5510805,46471
VEH_000667,Moto,Kawasaki,Classe A,2018,109936573,221169
VEH_000999,Train,Bombardier,777,2014,26893478,30648
VEH_000378,Avion,Renault,Q3,2022,-1059782,55758
VEH_000679,Train,CAF,Interlink,2020,-1371299,99204
VEH_000787,Camion,Mercedes,Z900,2021,-465760,27038
VEH_000823,Voiture,Dacia,Golf,2016,115895082,66547
VEH_000150,Train,Alstom,208,2024,-4677634,11660
VEH_000528,Train,Toyota,C,2025,13581040,234345
VEH_000363,Voiture,Siemens,777,2018,2799988,92467
VEH_000222,Bus,Iveco,Logan,2023,-2262906,131212
VEH_000132,Train,Suzuki,Classe C,2022,16940211,122581
VEH_000719,Bus,Boeing,Crossway,2023,864766,16421
VEH_000682,Train,Audi,Touring,2017,2434196,58671
VEH_000591,Bus,Embraer,Talent,2018,-689573,76656
VEH_000172,Moto,Kawasaki,A330,2013,90938013,51808
VEH_000706,Moto,BMW,E195,2025,27624057,10076
VEH_000162,Voiture,Mercedes,F 850 GS,2024,-4944008,-27313
VEH_000930,Avion,Kawasaki,Stralis,2013,23526682,135868
VEH_000290,Bus,Dacia,Classe E,2026,7550555,3796
VEH_000766,Moto,Renault,A350,2024,-3243950,34348
VEH_000653,Avion,Toyota,A320,2025,-1613846,53730
VEH_000493,Voiture,Volkswagen,K,2019,13696587,92307
VEH_000862,Moto,MAN,Duster,2022,24788343,167454
VEH_000715,Camion,Alstom,A380,2023,2692191,247002
VEH_000089,Camion,Embraer,Versys,2024,2512592,210248
VEH_000831,Voiture,Embraer,FM,2019,-1307466,17561
VEH_000485,Camion,Iveco,Desiro,2024,589008,128518
VEH_000358,Moto,Mercedes,E195,2023,40435856,75556
VEH_000986,Train,Bombardier,F 850 GS,2022,1506353,67733
VEH_000492,Moto,Airbus,Talent,2026,1293569,197747
VEH_000202,Moto,Dacia,i4,2022,113008557,32211
VEH_000239,Avion,Alstom,A320,2022,24792061,44457
VEH_000347,Voiture,Dacia,AGV,2022,-6113923,14109
VEH_000358,Voiture,Suzuki,Talent,2019,2025531,104115
VEH_000493,Bus,Scania,i4,2023,21397522,46879
VEH_000700,Voiture,Alstom,A320,2017,-1915123,164102
VEH_000730,Voiture,Siemens,Citaro,2026,13028518,26048
VEH_000071,Moto,Renault,A320,2024,31054576,64045
VEH_000529,Voiture,Embraer,T High,2021,1766065,154103
VEH_000370,Train,Bombardier,308,2025,-2760350,37203
VEH_000187,Train,Renault,Vectron,2019,-4893648,54162
VEH_000005,Train,Airbus,P Series,2024,2342463,98626
VEH_000643,Bus,Audi,Coradia,2021,689064,73314
VEH_000613,Bus,Audi,Urbos,2019,1386675,237377
VEH_000403,Moto,BMW,A330,2024,-3886424,41421
VEH_000677,Bus,Boeing,K,2022,15318414,265090
VEH_000768,Voiture,Mercedes,Burgman,2012,87706986,20056
VEH_000533,Moto,Audi,Civity,2025,134097119,46660
VEH_000334,Bus,Iveco,Logan,2014,-3322898,11539
VEH_000771,Moto,Suzuki,TMAX,2019,183642738,29934
VEH_000118,Camion,Ducati,Desiro,2024,68624475,116517
VEH_000253,Camion,Volkswagen,YZF-R6,2023,209178396,182431
VEH_000669,Moto,Scania,Série 5,2024,-419941,56486
VEH_000368,Moto,Mercedes,Zefiro,2024,1683498,169584
VEH_000162,Train,MAN,MT-07,2021,256862791,43294
VEH_000597,Train,Siemens,CRJ900,2022,-1227347,52048
VEH_000384,Voiture,BMW,FH,2013,183690,96857
VEH_000301,Train,MAN,Camry,2014,-1552002,23238
VEH_000888,Voiture,Volvo,i4,2020,2134918,129431
VEH_000340,Bus,Dacia,S Series,2024,37218561,107242
VEH_000656,Moto,Ducati,Multistrada,2022,-1514581,52029
VEH_000734,Bus,Volkswagen,Land Cruiser,2022,-136766,104478
VEH_000746,Camion,Bombardier,208,2019,709750,171472
VEH_000552,Avion,Siemens,YZF-R6,2016,67469059,53840
VEH_000073,Train,BMW,Camry,2011,94042974,157454
VEH_000565,Avion,Alstom,P Series,2023,273635211,115722
VEH_000483,Camion,Volkswagen,Civity,2023,1768702,135229
VEH_000309,Avion,Volvo,Crossway,2022,156436476,134488
VEH_000889,Bus,Bombardier,Interlink,2018,120193368,36089
VEH_000382,Moto,Alstom,TGX,2022,-929408,230769
VEH_000302,Voiture,Boeing,Lion's Coach,2022,1005332,60392
VEH_000589,Bus,Alstom,Urbanway,2024,694930,153463
VEH_000657,Bus,Airbus,CB 500,2025,19226080,98325
VEH_000848,Avion,Alstom,Polo,2023,1297881,150670
VEH_000394,Train,Mercedes,E195,2011,5866081,55872
VEH_000169,Camion,Bombardier,GLE,2018,21539184,138189
VEH_000805,Voiture,BMW,C,2017,268946523,55904
VEH_000309,Camion,BMW,Lion's City,2026,812950,68218
VEH_000528,Camion,Suzuki,E175,2019,1225789,53728
VEH_000557,Avion,Siemens,Vectron,2024,416243,54308
VEH_000097,Train,Bombardier,Classe A,2018,27377671,281855
VEH_000196,Voiture,Volvo,Africa Twin,2019,-5192005,36750
VEH_000720,Camion,Toyota,FH,2016,194389600,125746
VEH_000707,Camion,Peugeot,Talent,2019,-241685,16620
VEH_000403,Bus,Volvo,S Series,2024,-448071,247993
VEH_000115,Bus,Airbus,Eurocargo,2021,29184994,34980
VEH_000371,Train,Bombardier,Coradia,2019,873922,17712
VEH_000570,Moto,Alstom,TGL,2023,-2549049,159940
VEH_000986,Voiture,Mercedes,A380,2022,8802400,-22616
VEH_000752,Bus,Mercedes,Crossway,2025,-1725871,38012
VEH_000060,Voiture,Suzuki,FMX,2023,-956882,-9791
VEH_000284,Bus,Scania,Vectron,2024,-3076104,38823
VEH_000194,Voiture,Suzuki,Polo,2024,876715,24626
VEH_000359,Avion,Volvo,Sprinter,2020,1014944,36467
VEH_000385,Moto,Honda,Lion's City,2011,-15219,126249
VEH_000620,Avion,Bombardier,Logan,2022,81898,164392
VEH_000818,Voiture,Alstom,Citywide,2024,-3082336,133932
VEH_000456,Train,Dacia,T High,2023,-3297998,172590
VEH_000007,Bus,Alstom,Vectron,2019,2266354,112433
VEH_000555,Avion,Ducati,Sandero,2025,349256,191625
VEH_000152,Train,Volvo,TGS,2019,287289,9784
VEH_000013,Avion,Dacia,Captur,2024,-2046484,193762
VEH_000754,Voiture,Audi,Africa Twin,2021,3799123,53765
VEH_000205,Moto,Honda,TGS,2017,193776114,214461
VEH_000400,Camion,Embraer,R 1250 GS,2022,1442386,124646
VEH_000435,Moto,Dacia,TGS,2022,139515353,62631
VEH_000117,Avion,Bombardier,Polo,2022,274635529,80207
VEH_000968,Train,Embraer,P Series,2020,20025583,73949
VEH_000776,Avion,Siemens,Urbos,2016,-4879375,45945
VEH_000545,Train,Alstom,Tourismo,2024,2924626,102907
VEH_000827,Train,Audi,TGS,2021,139101264,97005
VEH_000219,Train,Volvo,Ninja 650,2025,4990148,150570
VEH_000642,Train,CAF,747,2019,3330404,46027
VEH_000230,Train,Scania,R1,2025,2424851,66756
VEH_000891,Avion,Suzuki,TGS,2024,1169279,74895
VEH_000107,Camion,Honda,Lion's Coach,2015,247913894,166273
VEH_000814,Voiture,Audi,A320,2013,254179432,137021
VEH_000762,Camion,MAN,747,2022,4223771,102593
VEH_000208,Moto,Ducati,CRJ900,2023,4607606,40943
VEH_000104,Moto,Airbus,YZF-R6,2021,3485659,239705
VEH_000840,Moto,Suzuki,Tiguan,2024,440464,51713
VEH_000448,Bus,Volkswagen,Citywide,2022,-3066292,71453
VEH_000749,Bus,MAN,Logan,2024,3153735,148806
VEH_000112,Avion,Mercedes,CB 500,2024,-3251127,184997
VEH_000233,Voiture,Bombardier,Tourismo,2016,-2303747,72739
VEH_000621,Avion,Mercedes,Desiro,2022,-1891961,-5582
VEH_000725,Avion,Ducati,MT-07,2023,-1019655,-11202
VEH_000977,Moto,Toyota,Zefiro,2024,200913,113993
VEH_000916,Avion,CAF,Atego,2016,64558736,191506
VEH_000835,Train,Bombardier,Classe A,2024,-1729642,193755
VEH_000961,Avion,Embraer,AGV,2021,-7071630,30387
VEH_000731,Avion,Siemens,Clio,2023,-612588,161811
VEH_000914,Avion,Mercedes,F 850 GS,2016,174929,-4018
VEH_000205,Train,Toyota,Velaro,2023,1259510,113735
VEH_000832,Moto,Boeing,Zefiro,2023,-2174104,27676
VEH_000503,Train,BMW,Panigale,2025,-1765110,7184
VEH_000617,Train,Volvo,F 850 GS,2023,-546502,34385
VEH_000137,Bus,Mercedes,FH,2024,-4444292,100483
VEH_000903,Camion,Iveco,Monster,2018,-1799583,20654
VEH_000500,Moto,Audi,Panigale,2022,-1406258,47330
VEH_000174,Voiture,Iveco,Monster,2025,11775793,72845
VEH_000239,Camion,Honda,Multistrada,2024,2135171,23915
VEH_000472,Moto,Embraer,Talent,2019,-1215369,24063
VEH_000908,Avion,Mercedes,Citywide,2016,-2405744,38105
VEH_000078,Train,Kawasaki,Atego,2021,133238384,141942
VEH_000296,Avion,MAN,9900,2016,-4216926,59306
VEH_000839,Camion,Alstom,Eurocargo,2019,65942492,10135
VEH_000214,Train,Embraer,R 1250 GS,2023,-3561945,44370
VEH_000614,Moto,BMW,TGX,2022,42860603,136281
VEH_000226,Moto,BMW,Duster,2024,-999550,180238
VEH_000591,Voiture,Honda,3008,2022,25246531,21472
VEH_000223,Moto,Alstom,Classe A,2024,6533854,69668
VEH_000138,Bus,MAN,Lion's City,2021,-2164078,12826
VEH_000617,Avion,Alstom,R 1250 GS,2025,884291,40927
VEH_000361,Moto,Boeing,CB 500,2023,257982014,92217
VEH_000419,Moto,Bombardier,Urbos,2023,1291834,288477
VEH_000427,Moto,Renault,FMX,2021,638729,11669
VEH_000443,Voiture,Renault,Citaro,2026,-1471512,-778
VEH_000423,Avion,Yamaha,Vectron,2023,-2438660,37865
VEH_000927,Camion,Mercedes,CRJ1000,2014,5073301,39897
VEH_000965,Train,Alstom,Urbanway,2020,-2535678,-5207
VEH_000122,Moto,Mercedes,308,2020,-1197351,156896
VEH_000936,Avion,Renault,3008,2020,-866864,46689
VEH_000696,Train,Suzuki,Classe C,2023,1534030,125457
VEH_000118,Avion,Ducati,A4,2021,-2777190,145110
VEH_000062,Camion,BMW,Ninja 650,2024,98002286,50716
VEH_000836,Bus,Dacia,Actros,2024,2283552,156304
VEH_000417,Moto,Bombardier,Burgman,2014,-4611719,28958
VEH_000846,Avion,MAN,9900,2020,13581986,241141
VEH_000859,Avion,Scania,P Series,2021,-61218,119202
VEH_000825,Avion,Airbus,Urbos,2013,41449931,198688
VEH_000635,Camion,BMW,Classe C,2018,162878441,167183
VEH_000876,Voiture,Peugeot,Vectron,2021,15859266,152179
VEH_000162,Moto,Yamaha,R Series,2020,288578322,214293
VEH_000840,Bus,Siemens,9700,2022,160365118,107764
VEH_000634,Train,MAN,Q3,2013,773165,181890
VEH_000228,Moto,Toyota,S Series,2024,-14897,56818
VEH_000385,Avion,Airbus,CBR 600,2021,68192162,203931
VEH_000803,Camion,Iveco,Passat,2018,20692008,-2142
VEH_000028,Camion,Alstom,TGV,2023,-252389,43726
VEH_000324,Moto,Bombardier,Monster,2020,4441591,149566
VEH_000073,Train,Mercedes,FMX,2023,-3884473,37593
VEH_000313,Camion,Alstom,Burgman,2018,654519,217907
VEH_000537,Moto,Volvo,Lion's Coach,2016,9857129,12738
VEH_000296,Moto,Siemens,e-tron,2022,6811213,40746
VEH_000661,Avion,Suzuki,Lion's City,2025,151782466,175150
VEH_000382,Train,Boeing,777,2021,155721111,211459
VEH_000310,Moto,Embraer,FM,2024,6933402,15412
VEH_000588,Camion,Kawasaki,FH,2022,1892109,230589
VEH_000570,Train,Airbus,208,2019,-3536338,159370
VEH_000465,Bus,Iveco,Crossway,2023,-3959117,54972
VEH_000302,Train,Yamaha,FM,2024,1809924,24909
VEH_000102,Voiture,MAN,Interlink,2018,-1932298,74523
VEH_000571,Moto,Scania,Q5,2018,2166416,38593
VEH_000904,Moto,CAF,S 1000 RR,2017,178193223,93849
VEH_000220,Train,Bombardier,Classe C,2024,-375772,53189
VEH_000292,Train,Alstom,777,2022,601239,18479
VEH_000551,Train,Boeing,RAV4,2024,26782125,353
VEH_000244,Moto,Mercedes,Talent,2023,1236009,110066
VEH_000035,Bus,Airbus,7900,2023,22491611,130861
VEH_000152,Bus,Embraer,AGV,2024,-3873452,100564
VEH_000442,Moto,Suzuki,Velaro,2014,2639095,24461
VEH_000846,Train,Renault,A350,2022,434960,139944
VEH_000064,Voiture,Alstom,A320,2013,658600,145266
VEH_000406,Moto,Renault,T High,2017,2113185,215788
VEH_000590,Bus,BMW,C,2024,-3586632,52892
VEH_000416,Voiture,Iveco,Clio,2024,-1741426,91881
VEH_000543,Voiture,Kawasaki,A320,2024,-2245933,155539
VEH_000916,Moto,Volvo,Kadjar,2023,-1599952,176085
VEH_000384,Avion,Toyota,Urbanway,2014,100892247,66561
VEH_000620,Moto,Suzuki,Talent,2020,1831520,57689
VEH_000054,Moto,Peugeot,FH,2022,2266830,-12336
VEH_000152,Bus,Embraer,Civity,2021,1281729,151522
VEH_000400,Train,Dacia,9700,2024,2690372,195823
VEH_000509,Moto,Alstom,E195,2023,427381,45054
VEH_000441,Voiture,Dacia,208,2024,-3119245,145637
VEH_000682,Avion,BMW,FM,2021,1100965,106798
